2025.12.06 13:43:06 INFO  Started: Metals version 1.6.4 in folders '/home/lucas/projects/advent-of-code-25' for client Visual Studio Code 1.105.1.[0m
2025.12.06 13:43:07 WARN  Using H2 2.4.240 which is newer than the version Flyway has been verified with. The latest verified version of H2 is 2.3.232.[0m
2025.12.06 13:43:07 INFO  no build target found for /home/lucas/projects/advent-of-code-25/src/main/scala/Main.scala. Using presentation compiler with project's scala-library version: 3.3.6[0m
2025.12.06 13:43:15 INFO  no build target found for /home/lucas/projects/advent-of-code-25/src/main/scala/Main.scala. Using presentation compiler with project's scala-library version: 3.3.6[0m
2025.12.06 13:43:15 INFO  no build target found for /home/lucas/projects/advent-of-code-25/src/main/scala/Main.scala. Using presentation compiler with project's scala-library version: 3.3.6[0m
2025.12.06 13:43:15 INFO  running '/usr/sbin/sbt -Dbloop.export-jar-classifiers=sources bloopInstall'[0m
2025.12.06 13:43:16 INFO  no build target found for /home/lucas/projects/advent-of-code-25/project/project/metals.sbt. Using presentation compiler with project's scala-library version: 3.3.6[0m
2025.12.06 13:43:16 WARN  no build target for: /home/lucas/projects/advent-of-code-25/project/metals.sbt[0m
2025.12.06 13:43:16 WARN  no build target for: /home/lucas/projects/advent-of-code-25/project/project/metals.sbt[0m
2025.12.06 13:43:15 INFO  no build target found for /home/lucas/projects/advent-of-code-25/src/main/scala/Main.scala. Using presentation compiler with project's scala-library version: 3.3.6[0m
2025.12.06 13:43:16 INFO  no build target found for /home/lucas/projects/advent-of-code-25/project/metals.sbt. Using presentation compiler with project's scala-library version: 3.3.6[0m
2025.12.06 13:43:18 INFO  [info] welcome to sbt 1.11.7 (Arch Linux Java 25.0.1)[0m
2025.12.06 13:43:22 INFO  [info] loading settings for project advent-of-code-25-build-build from metals.sbt...[0m
2025.12.06 13:43:22 INFO  [info] loading project definition from /home/lucas/projects/advent-of-code-25/project/project[0m
2025.12.06 13:43:26 INFO  [info] loading settings for project advent-of-code-25-build from metals.sbt...[0m
2025.12.06 13:43:26 INFO  [info] loading project definition from /home/lucas/projects/advent-of-code-25/project[0m
2025.12.06 13:43:29 INFO  no build target found for /home/lucas/projects/advent-of-code-25/src/main/scala/Main.scala. Using presentation compiler with project's scala-library version: 3.3.6[0m
2025.12.06 13:43:29 INFO  no build target found for /home/lucas/projects/advent-of-code-25/src/main/scala/Main.scala. Using presentation compiler with project's scala-library version: 3.3.6[0m
2025.12.06 13:43:29 INFO  no build target found for /home/lucas/projects/advent-of-code-25/src/main/scala/Main.scala. Using presentation compiler with project's scala-library version: 3.3.6[0m
2025.12.06 13:43:30 INFO  [success] Generated .bloop/advent-of-code-25-build.json[0m
2025.12.06 13:43:30 INFO  [success] Total time: 4 s, completed Dec 6, 2025, 1:43:31 PM[0m
2025.12.06 13:43:31 INFO  Shutting down server[0m
2025.12.06 13:43:31 INFO  shutting down Metals[0m
2025.12.06 13:43:31 INFO  Exiting server[0m
2025.12.06 13:43:57 INFO  Started: Metals version 1.6.4 in folders '/home/lucas/projects/advent-of-code-25' for client Visual Studio Code 1.106.3.[0m
2025.12.06 13:43:58 WARN  Using H2 2.4.240 which is newer than the version Flyway has been verified with. The latest verified version of H2 is 2.3.232.[0m
2025.12.06 13:43:58 INFO  no build target found for /home/lucas/projects/advent-of-code-25/src/main/scala/Main.scala. Using presentation compiler with project's scala-library version: 3.3.6[0m
2025.12.06 13:43:59 INFO  skipping build import with status 'Started'[0m
2025.12.06 13:43:59 INFO  no build target found for /home/lucas/projects/advent-of-code-25/src/main/scala/Main.scala. Using presentation compiler with project's scala-library version: 3.3.6[0m
2025.12.06 13:43:59 WARN  no build target for: /home/lucas/projects/advent-of-code-25/src/main/scala/Main.scala[0m
2025.12.06 13:44:01 INFO  no build target found for /home/lucas/projects/advent-of-code-25/src/main/scala/Main.scala. Using presentation compiler with project's scala-library version: 3.3.6[0m
2025.12.06 13:44:03 INFO  time: code lens generation in 2.27s[0m
Dec 06, 2025 1:44:04 PM org.eclipse.lsp4j.jsonrpc.services.GenericEndpoint notify
INFO: Unsupported notification method: $/setTrace
Dec 06, 2025 1:44:04 PM org.eclipse.lsp4j.jsonrpc.services.GenericEndpoint notify
INFO: Unsupported notification method: $/setTrace
Dec 06, 2025 1:44:04 PM org.eclipse.lsp4j.jsonrpc.RemoteEndpoint handleCancellation
WARNING: Unmatched cancel notification for request id 2
Dec 06, 2025 1:44:04 PM org.eclipse.lsp4j.jsonrpc.RemoteEndpoint handleCancellation
WARNING: Unmatched cancel notification for request id 4
Dec 06, 2025 1:44:04 PM org.eclipse.lsp4j.jsonrpc.RemoteEndpoint handleCancellation
WARNING: Unmatched cancel notification for request id 5
Dec 06, 2025 1:44:04 PM org.eclipse.lsp4j.jsonrpc.services.GenericEndpoint notify
INFO: Unsupported notification method: $/setTrace
Dec 06, 2025 1:44:04 PM org.eclipse.lsp4j.jsonrpc.RemoteEndpoint handleCancellation
WARNING: Unmatched cancel notification for request id 1
Dec 06, 2025 1:44:04 PM org.eclipse.lsp4j.jsonrpc.RemoteEndpoint handleCancellation
WARNING: Unmatched cancel notification for request id 3
Dec 06, 2025 1:44:04 PM org.eclipse.lsp4j.jsonrpc.RemoteEndpoint handleCancellation
WARNING: Unmatched cancel notification for request id 7
2025.12.06 13:44:04 INFO  no build target found for /home/lucas/projects/advent-of-code-25/src/main/scala/Main.scala. Using presentation compiler with project's scala-library version: 3.3.6[0m
2025.12.06 13:44:04 INFO  no build target found for /home/lucas/projects/advent-of-code-25/src/main/scala/Main.scala. Using presentation compiler with project's scala-library version: 3.3.6[0m
2025.12.06 13:44:06 INFO  no build target found for /home/lucas/projects/advent-of-code-25/src/main/scala/Main.scala. Using presentation compiler with project's scala-library version: 3.3.6[0m
Dec 06, 2025 1:44:06 PM org.eclipse.lsp4j.jsonrpc.RemoteEndpoint handleCancellation
WARNING: Unmatched cancel notification for request id 12
Dec 06, 2025 1:44:06 PM org.eclipse.lsp4j.jsonrpc.RemoteEndpoint handleCancellation
WARNING: Unmatched cancel notification for request id 13
2025.12.06 13:44:06 INFO  no build target found for /home/lucas/projects/advent-of-code-25/src/main/scala/Main.scala. Using presentation compiler with project's scala-library version: 3.3.6[0m
2025.12.06 13:44:06 INFO  no build target found for /home/lucas/projects/advent-of-code-25/src/main/scala/Main.scala. Using presentation compiler with project's scala-library version: 3.3.6[0m
Dec 06, 2025 1:44:06 PM org.eclipse.lsp4j.jsonrpc.RemoteEndpoint handleCancellation
WARNING: Unmatched cancel notification for request id 16
Dec 06, 2025 1:44:06 PM org.eclipse.lsp4j.jsonrpc.RemoteEndpoint handleCancellation
WARNING: Unmatched cancel notification for request id 17
Dec 06, 2025 1:44:06 PM org.eclipse.lsp4j.jsonrpc.RemoteEndpoint handleCancellation
WARNING: Unmatched cancel notification for request id 19
2025.12.06 13:44:06 INFO  no build target found for /home/lucas/projects/advent-of-code-25/src/main/scala/Main.scala. Using presentation compiler with project's scala-library version: 3.3.6[0m
2025.12.06 13:44:07 WARN  no build target for: /home/lucas/projects/advent-of-code-25/src/main/scala/Main.scala[0m
2025.12.06 13:44:06 INFO  no build target found for /home/lucas/projects/advent-of-code-25/src/main/scala/Main.scala. Using presentation compiler with project's scala-library version: 3.3.6[0m
2025.12.06 13:44:06 INFO  no build target found for /home/lucas/projects/advent-of-code-25/src/main/scala/Main.scala. Using presentation compiler with project's scala-library version: 3.3.6[0m
2025.12.06 13:44:06 INFO  no build target found for /home/lucas/projects/advent-of-code-25/src/main/scala/Main.scala. Using presentation compiler with project's scala-library version: 3.3.6[0m
Dec 06, 2025 1:44:07 PM org.eclipse.lsp4j.jsonrpc.RemoteEndpoint handleCancellation
WARNING: Unmatched cancel notification for request id 24
Dec 06, 2025 1:44:07 PM org.eclipse.lsp4j.jsonrpc.RemoteEndpoint handleCancellation
WARNING: Unmatched cancel notification for request id 25
Dec 06, 2025 1:44:07 PM org.eclipse.lsp4j.jsonrpc.RemoteEndpoint handleCancellation
WARNING: Unmatched cancel notification for request id 26
Dec 06, 2025 1:44:07 PM org.eclipse.lsp4j.jsonrpc.services.GenericEndpoint notify
INFO: Unsupported notification method: $/setTrace
2025.12.06 13:44:07 INFO  no build target found for /home/lucas/projects/advent-of-code-25/src/main/scala/Main.scala. Using presentation compiler with project's scala-library version: 3.3.6[0m
Dec 06, 2025 1:44:07 PM org.eclipse.lsp4j.jsonrpc.services.GenericEndpoint notify
INFO: Unsupported notification method: $/setTrace
Dec 06, 2025 1:44:07 PM org.eclipse.lsp4j.jsonrpc.RemoteEndpoint handleCancellation
WARNING: Unmatched cancel notification for request id 31
2025.12.06 13:44:07 INFO  no build target found for /home/lucas/projects/advent-of-code-25/src/main/scala/Main.scala. Using presentation compiler with project's scala-library version: 3.3.6[0m
2025.12.06 13:44:07 INFO  no build target found for /home/lucas/projects/advent-of-code-25/src/main/scala/Main.scala. Using presentation compiler with project's scala-library version: 3.3.6[0m
2025.12.06 13:44:07 INFO  no build target found for /home/lucas/projects/advent-of-code-25/src/main/scala/Main.scala. Using presentation compiler with project's scala-library version: 3.3.6[0m
2025.12.06 13:44:08 INFO  no build target found for /home/lucas/projects/advent-of-code-25/src/main/scala/Main.scala. Using presentation compiler with project's scala-library version: 3.3.6[0m
2025.12.06 13:44:09 INFO  no build target found for /home/lucas/projects/advent-of-code-25/src/main/scala/Main.scala. Using presentation compiler with project's scala-library version: 3.3.6[0m
2025.12.06 13:44:09 INFO  no build target found for /home/lucas/projects/advent-of-code-25/src/main/scala/Main.scala. Using presentation compiler with project's scala-library version: 3.3.6[0m
2025.12.06 13:44:09 INFO  no build target found for /home/lucas/projects/advent-of-code-25/src/main/scala/Main.scala. Using presentation compiler with project's scala-library version: 3.3.6[0m
2025.12.06 13:44:09 INFO  no build target found for /home/lucas/projects/advent-of-code-25/src/main/scala/Main.scala. Using presentation compiler with project's scala-library version: 3.3.6[0m
2025.12.06 13:44:11 INFO  no build target found for /home/lucas/projects/advent-of-code-25/src/main/scala/Main.scala. Using presentation compiler with project's scala-library version: 3.3.6[0m
2025.12.06 13:44:11 INFO  no build target found for /home/lucas/projects/advent-of-code-25/src/main/scala/Main.scala. Using presentation compiler with project's scala-library version: 3.3.6[0m
2025.12.06 13:44:11 INFO  no build target found for /home/lucas/projects/advent-of-code-25/src/main/scala/Main.scala. Using presentation compiler with project's scala-library version: 3.3.6[0m
2025.12.06 13:44:13 INFO  no build target found for /home/lucas/projects/advent-of-code-25/src/main/scala/Main.scala. Using presentation compiler with project's scala-library version: 3.3.6[0m
2025.12.06 13:44:13 INFO  no build target found for /home/lucas/projects/advent-of-code-25/src/main/scala/Main.scala. Using presentation compiler with project's scala-library version: 3.3.6[0m
2025.12.06 13:44:13 INFO  no build target found for /home/lucas/projects/advent-of-code-25/src/main/scala/Main.scala. Using presentation compiler with project's scala-library version: 3.3.6[0m
2025.12.06 13:44:13 INFO  no build target found for /home/lucas/projects/advent-of-code-25/src/main/scala/Main.scala. Using presentation compiler with project's scala-library version: 3.3.6[0m
2025.12.06 13:44:13 INFO  no build target found for /home/lucas/projects/advent-of-code-25/src/main/scala/Main.scala. Using presentation compiler with project's scala-library version: 3.3.6[0m
2025.12.06 13:44:13 INFO  no build target found for /home/lucas/projects/advent-of-code-25/src/main/scala/Main.scala. Using presentation compiler with project's scala-library version: 3.3.6[0m
2025.12.06 13:44:14 INFO  no build target found for /home/lucas/projects/advent-of-code-25/src/main/scala/Main.scala. Using presentation compiler with project's scala-library version: 3.3.6[0m
2025.12.06 13:44:14 INFO  no build target found for /home/lucas/projects/advent-of-code-25/src/main/scala/Main.scala. Using presentation compiler with project's scala-library version: 3.3.6[0m
2025.12.06 13:44:14 INFO  no build target found for /home/lucas/projects/advent-of-code-25/src/main/scala/Main.scala. Using presentation compiler with project's scala-library version: 3.3.6[0m
2025.12.06 13:44:14 INFO  no build target found for /home/lucas/projects/advent-of-code-25/src/main/scala/Main.scala. Using presentation compiler with project's scala-library version: 3.3.6[0m
2025.12.06 13:44:14 INFO  no build target found for /home/lucas/projects/advent-of-code-25/src/main/scala/Main.scala. Using presentation compiler with project's scala-library version: 3.3.6[0m
2025.12.06 13:44:15 INFO  no build target found for /home/lucas/projects/advent-of-code-25/src/main/scala/Main.scala. Using presentation compiler with project's scala-library version: 3.3.6[0m
2025.12.06 13:44:15 INFO  no build target found for /home/lucas/projects/advent-of-code-25/src/main/scala/Main.scala. Using presentation compiler with project's scala-library version: 3.3.6[0m
2025.12.06 13:44:17 INFO  no build target found for /home/lucas/projects/advent-of-code-25/src/main/scala/Main.scala. Using presentation compiler with project's scala-library version: 3.3.6[0m
2025.12.06 13:44:17 INFO  no build target found for /home/lucas/projects/advent-of-code-25/src/main/scala/Main.scala. Using presentation compiler with project's scala-library version: 3.3.6[0m
Dec 06, 2025 1:44:17 PM org.eclipse.lsp4j.jsonrpc.RemoteEndpoint handleCancellation
WARNING: Unmatched cancel notification for request id 69
2025.12.06 13:44:17 INFO  no build target found for /home/lucas/projects/advent-of-code-25/src/main/scala/Main.scala. Using presentation compiler with project's scala-library version: 3.3.6[0m
2025.12.06 13:44:17 INFO  no build target found for /home/lucas/projects/advent-of-code-25/src/main/scala/Main.scala. Using presentation compiler with project's scala-library version: 3.3.6[0m
2025.12.06 13:44:17 INFO  no build target found for /home/lucas/projects/advent-of-code-25/src/main/scala/Main.scala. Using presentation compiler with project's scala-library version: 3.3.6[0m
Dec 06, 2025 1:44:18 PM org.eclipse.lsp4j.jsonrpc.RemoteEndpoint handleCancellation
WARNING: Unmatched cancel notification for request id 71
2025.12.06 13:44:17 INFO  no build target found for /home/lucas/projects/advent-of-code-25/src/main/scala/Main.scala. Using presentation compiler with project's scala-library version: 3.3.6[0m
Dec 06, 2025 1:44:18 PM org.eclipse.lsp4j.jsonrpc.RemoteEndpoint handleCancellation
WARNING: Unmatched cancel notification for request id 72
2025.12.06 13:44:18 INFO  no build target found for /home/lucas/projects/advent-of-code-25/src/main/scala/Main.scala. Using presentation compiler with project's scala-library version: 3.3.6[0m
2025.12.06 13:44:18 INFO  no build target found for /home/lucas/projects/advent-of-code-25/src/main/scala/Main.scala. Using presentation compiler with project's scala-library version: 3.3.6[0m
2025.12.06 13:44:18 INFO  no build target found for /home/lucas/projects/advent-of-code-25/src/main/scala/Main.scala. Using presentation compiler with project's scala-library version: 3.3.6[0m
2025.12.06 13:44:18 INFO  no build target found for /home/lucas/projects/advent-of-code-25/src/main/scala/Main.scala. Using presentation compiler with project's scala-library version: 3.3.6[0m
2025.12.06 13:44:18 INFO  no build target found for /home/lucas/projects/advent-of-code-25/src/main/scala/Main.scala. Using presentation compiler with project's scala-library version: 3.3.6[0m
2025.12.06 13:44:19 INFO  no build target found for /home/lucas/projects/advent-of-code-25/src/main/scala/Main.scala. Using presentation compiler with project's scala-library version: 3.3.6[0m
2025.12.06 13:44:19 INFO  no build target found for /home/lucas/projects/advent-of-code-25/src/main/scala/Main.scala. Using presentation compiler with project's scala-library version: 3.3.6[0m
2025.12.06 13:44:18 INFO  no build target found for /home/lucas/projects/advent-of-code-25/src/main/scala/Main.scala. Using presentation compiler with project's scala-library version: 3.3.6[0m
2025.12.06 13:44:20 INFO  no build target found for /home/lucas/projects/advent-of-code-25/src/main/scala/Main.scala. Using presentation compiler with project's scala-library version: 3.3.6[0m
2025.12.06 13:44:20 INFO  no build target found for /home/lucas/projects/advent-of-code-25/src/main/scala/Main.scala. Using presentation compiler with project's scala-library version: 3.3.6[0m
2025.12.06 13:44:20 INFO  no build target found for /home/lucas/projects/advent-of-code-25/src/main/scala/Main.scala. Using presentation compiler with project's scala-library version: 3.3.6[0m
2025.12.06 13:44:20 INFO  no build target found for /home/lucas/projects/advent-of-code-25/src/main/scala/Main.scala. Using presentation compiler with project's scala-library version: 3.3.6[0m
2025.12.06 13:44:22 INFO  no build target found for /home/lucas/projects/advent-of-code-25/src/main/scala/Main.scala. Using presentation compiler with project's scala-library version: 3.3.6[0m
2025.12.06 13:44:22 INFO  no build target found for /home/lucas/projects/advent-of-code-25/src/main/scala/Main.scala. Using presentation compiler with project's scala-library version: 3.3.6[0m
2025.12.06 13:44:22 INFO  no build target found for /home/lucas/projects/advent-of-code-25/src/main/scala/Main.scala. Using presentation compiler with project's scala-library version: 3.3.6[0m
2025.12.06 13:44:22 INFO  no build target found for /home/lucas/projects/advent-of-code-25/src/main/scala/Main.scala. Using presentation compiler with project's scala-library version: 3.3.6[0m
2025.12.06 13:44:24 INFO  no build target found for /home/lucas/projects/advent-of-code-25/src/main/scala/Main.scala. Using presentation compiler with project's scala-library version: 3.3.6[0m
2025.12.06 13:44:24 INFO  no build target found for /home/lucas/projects/advent-of-code-25/src/main/scala/Main.scala. Using presentation compiler with project's scala-library version: 3.3.6[0m
2025.12.06 13:44:25 INFO  no build target found for /home/lucas/projects/advent-of-code-25/src/main/scala/Main.scala. Using presentation compiler with project's scala-library version: 3.3.6[0m
Dec 06, 2025 1:44:25 PM org.eclipse.lsp4j.jsonrpc.RemoteEndpoint handleCancellation
WARNING: Unmatched cancel notification for request id 98
2025.12.06 13:44:25 INFO  no build target found for /home/lucas/projects/advent-of-code-25/src/main/scala/Main.scala. Using presentation compiler with project's scala-library version: 3.3.6[0m
2025.12.06 13:44:25 INFO  no build target found for /home/lucas/projects/advent-of-code-25/src/main/scala/Main.scala. Using presentation compiler with project's scala-library version: 3.3.6[0m
Dec 06, 2025 1:44:26 PM org.eclipse.lsp4j.jsonrpc.services.GenericEndpoint notify
INFO: Unsupported notification method: $/setTrace
2025.12.06 13:44:26 INFO  no build target found for /home/lucas/projects/advent-of-code-25/src/main/scala/Main.scala. Using presentation compiler with project's scala-library version: 3.3.6[0m
Dec 06, 2025 1:44:27 PM org.eclipse.lsp4j.jsonrpc.services.GenericEndpoint notify
INFO: Unsupported notification method: $/setTrace
2025.12.06 13:44:27 INFO  no build target found for /home/lucas/projects/advent-of-code-25/src/main/scala/Main.scala. Using presentation compiler with project's scala-library version: 3.3.6[0m
2025.12.06 13:44:31 INFO  no build target found for /home/lucas/projects/advent-of-code-25/src/main/scala/Main.scala. Using presentation compiler with project's scala-library version: 3.3.6[0m
2025.12.06 13:44:33 INFO  no build target found for /home/lucas/projects/advent-of-code-25/src/main/scala/Main.scala. Using presentation compiler with project's scala-library version: 3.3.6[0m
2025.12.06 13:44:35 INFO  no build target found for /home/lucas/projects/advent-of-code-25/src/main/scala/Main.scala. Using presentation compiler with project's scala-library version: 3.3.6[0m
2025.12.06 13:44:35 INFO  no build target found for /home/lucas/projects/advent-of-code-25/src/main/scala/Main.scala. Using presentation compiler with project's scala-library version: 3.3.6[0m
2025.12.06 13:44:36 INFO  no build target found for /home/lucas/projects/advent-of-code-25/src/main/scala/Main.scala. Using presentation compiler with project's scala-library version: 3.3.6[0m
2025.12.06 13:44:38 INFO  no build target found for /home/lucas/projects/advent-of-code-25/src/main/scala/Main.scala. Using presentation compiler with project's scala-library version: 3.3.6[0m
2025.12.06 13:44:38 INFO  no build target found for /home/lucas/projects/advent-of-code-25/src/main/scala/Main.scala. Using presentation compiler with project's scala-library version: 3.3.6[0m
2025.12.06 13:44:38 INFO  no build target found for /home/lucas/projects/advent-of-code-25/src/main/scala/Main.scala. Using presentation compiler with project's scala-library version: 3.3.6[0m
2025.12.06 13:44:38 INFO  no build target found for /home/lucas/projects/advent-of-code-25/src/main/scala/Main.scala. Using presentation compiler with project's scala-library version: 3.3.6[0m
Dec 06, 2025 1:44:38 PM org.eclipse.lsp4j.jsonrpc.RemoteEndpoint handleCancellation
WARNING: Unmatched cancel notification for request id 133
2025.12.06 13:44:38 INFO  no build target found for /home/lucas/projects/advent-of-code-25/src/main/scala/Main.scala. Using presentation compiler with project's scala-library version: 3.3.6[0m
2025.12.06 13:44:38 INFO  no build target found for /home/lucas/projects/advent-of-code-25/src/main/scala/Main.scala. Using presentation compiler with project's scala-library version: 3.3.6[0m
2025.12.06 13:44:38 INFO  no build target found for /home/lucas/projects/advent-of-code-25/src/main/scala/Main.scala. Using presentation compiler with project's scala-library version: 3.3.6[0m
2025.12.06 13:44:40 INFO  no build target found for /home/lucas/projects/advent-of-code-25/src/main/scala/Main.scala. Using presentation compiler with project's scala-library version: 3.3.6[0m
2025.12.06 13:44:40 INFO  no build target found for /home/lucas/projects/advent-of-code-25/src/main/scala/Main.scala. Using presentation compiler with project's scala-library version: 3.3.6[0m
2025.12.06 13:44:40 INFO  no build target found for /home/lucas/projects/advent-of-code-25/src/main/scala/Main.scala. Using presentation compiler with project's scala-library version: 3.3.6[0m
2025.12.06 13:44:41 INFO  no build target found for /home/lucas/projects/advent-of-code-25/src/main/scala/Main.scala. Using presentation compiler with project's scala-library version: 3.3.6[0m
2025.12.06 13:44:42 INFO  no build target found for /home/lucas/projects/advent-of-code-25/src/main/scala/Main.scala. Using presentation compiler with project's scala-library version: 3.3.6[0m
2025.12.06 13:44:42 INFO  no build target found for /home/lucas/projects/advent-of-code-25/src/main/scala/Main.scala. Using presentation compiler with project's scala-library version: 3.3.6[0m
2025.12.06 13:44:42 INFO  no build target found for /home/lucas/projects/advent-of-code-25/src/main/scala/Main.scala. Using presentation compiler with project's scala-library version: 3.3.6[0m
2025.12.06 13:44:44 INFO  no build target found for /home/lucas/projects/advent-of-code-25/src/main/scala/Main.scala. Using presentation compiler with project's scala-library version: 3.3.6[0m
2025.12.06 13:44:44 INFO  no build target found for /home/lucas/projects/advent-of-code-25/src/main/scala/Main.scala. Using presentation compiler with project's scala-library version: 3.3.6[0m
2025.12.06 13:44:44 INFO  no build target found for /home/lucas/projects/advent-of-code-25/src/main/scala/Main.scala. Using presentation compiler with project's scala-library version: 3.3.6[0m
2025.12.06 13:44:47 INFO  no build target found for /home/lucas/projects/advent-of-code-25/src/main/scala/Main.scala. Using presentation compiler with project's scala-library version: 3.3.6[0m
2025.12.06 13:44:47 INFO  no build target found for /home/lucas/projects/advent-of-code-25/src/main/scala/Main.scala. Using presentation compiler with project's scala-library version: 3.3.6[0m
2025.12.06 13:44:47 INFO  no build target found for /home/lucas/projects/advent-of-code-25/src/main/scala/Main.scala. Using presentation compiler with project's scala-library version: 3.3.6[0m
2025.12.06 13:44:48 INFO  no build target found for /home/lucas/projects/advent-of-code-25/src/main/scala/Main.scala. Using presentation compiler with project's scala-library version: 3.3.6[0m
2025.12.06 13:44:47 INFO  no build target found for /home/lucas/projects/advent-of-code-25/src/main/scala/Main.scala. Using presentation compiler with project's scala-library version: 3.3.6[0m
2025.12.06 13:44:50 INFO  no build target found for /home/lucas/projects/advent-of-code-25/src/main/scala/Main.scala. Using presentation compiler with project's scala-library version: 3.3.6[0m
2025.12.06 13:44:52 INFO  no build target found for /home/lucas/projects/advent-of-code-25/src/main/scala/Main.scala. Using presentation compiler with project's scala-library version: 3.3.6[0m
2025.12.06 13:44:52 INFO  Created report: Optional[file:///home/lucas/projects/advent-of-code-25/src/main/scala/Main.scala][0m
2025.12.06 13:44:52 INFO  empty definition using pc, found symbol in pc: scala/Unit# (full report at: "/home/lucas/projects/advent-of-code-25/.metals/.reports/metals-full/2025-12-06/r_empty-definition_13-44-52-408.md")[0m
2025.12.06 13:44:52 INFO  no build target found for /home/lucas/projects/advent-of-code-25/src/main/scala/Main.scala. Using presentation compiler with project's scala-library version: 3.3.6[0m
2025.12.06 13:44:52 INFO  no build target found for /home/lucas/projects/advent-of-code-25/src/main/scala/Main.scala. Using presentation compiler with project's scala-library version: 3.3.6[0m
2025.12.06 13:44:52 INFO  no build target found for /home/lucas/projects/advent-of-code-25/src/main/scala/Main.scala. Using presentation compiler with project's scala-library version: 3.3.6[0m
2025.12.06 13:44:52 INFO  no build target found for /home/lucas/projects/advent-of-code-25/src/main/scala/Main.scala. Using presentation compiler with project's scala-library version: 3.3.6[0m
2025.12.06 13:44:52 INFO  no build target found for /home/lucas/projects/advent-of-code-25/src/main/scala/Main.scala. Using presentation compiler with project's scala-library version: 3.3.6[0m
2025.12.06 13:44:54 INFO  no build target found for /home/lucas/projects/advent-of-code-25/src/main/scala/Main.scala. Using presentation compiler with project's scala-library version: 3.3.6[0m
2025.12.06 13:44:55 INFO  no build target found for /home/lucas/projects/advent-of-code-25/src/main/scala/Main.scala. Using presentation compiler with project's scala-library version: 3.3.6[0m
2025.12.06 13:44:55 INFO  no build target found for /home/lucas/projects/advent-of-code-25/src/main/scala/Main.scala. Using presentation compiler with project's scala-library version: 3.3.6[0m
2025.12.06 13:44:55 INFO  no build target found for /home/lucas/projects/advent-of-code-25/src/main/scala/Main.scala. Using presentation compiler with project's scala-library version: 3.3.6[0m
2025.12.06 13:44:55 INFO  no build target found for /home/lucas/projects/advent-of-code-25/src/main/scala/Main.scala. Using presentation compiler with project's scala-library version: 3.3.6[0m
2025.12.06 13:44:56 INFO  no build target found for /home/lucas/projects/advent-of-code-25/src/main/scala/Main.scala. Using presentation compiler with project's scala-library version: 3.3.6[0m
2025.12.06 13:44:56 INFO  no build target found for /home/lucas/projects/advent-of-code-25/src/main/scala/Main.scala. Using presentation compiler with project's scala-library version: 3.3.6[0m
2025.12.06 13:44:59 INFO  no build target found for /home/lucas/projects/advent-of-code-25/src/main/scala/Main.scala. Using presentation compiler with project's scala-library version: 3.3.6[0m
2025.12.06 13:44:59 INFO  no build target found for /home/lucas/projects/advent-of-code-25/src/main/scala/Main.scala. Using presentation compiler with project's scala-library version: 3.3.6[0m
2025.12.06 13:45:00 INFO  no build target found for /home/lucas/projects/advent-of-code-25/src/main/scala/Main.scala. Using presentation compiler with project's scala-library version: 3.3.6[0m
2025.12.06 13:45:00 INFO  no build target found for /home/lucas/projects/advent-of-code-25/src/main/scala/Main.scala. Using presentation compiler with project's scala-library version: 3.3.6[0m
2025.12.06 13:45:00 INFO  no build target found for /home/lucas/projects/advent-of-code-25/src/main/scala/Main.scala. Using presentation compiler with project's scala-library version: 3.3.6[0m
2025.12.06 13:45:00 INFO  no build target found for /home/lucas/projects/advent-of-code-25/src/main/scala/Main.scala. Using presentation compiler with project's scala-library version: 3.3.6[0m
2025.12.06 13:45:01 INFO  no build target found for /home/lucas/projects/advent-of-code-25/src/main/scala/Main.scala. Using presentation compiler with project's scala-library version: 3.3.6[0m
2025.12.06 13:45:01 INFO  no build target found for /home/lucas/projects/advent-of-code-25/src/main/scala/Main.scala. Using presentation compiler with project's scala-library version: 3.3.6[0m
2025.12.06 13:45:01 INFO  no build target found for /home/lucas/projects/advent-of-code-25/src/main/scala/Main.scala. Using presentation compiler with project's scala-library version: 3.3.6[0m
2025.12.06 13:45:03 INFO  no build target found for /home/lucas/projects/advent-of-code-25/src/main/scala/Main.scala. Using presentation compiler with project's scala-library version: 3.3.6[0m
2025.12.06 13:45:03 INFO  no build target found for /home/lucas/projects/advent-of-code-25/src/main/scala/Main.scala. Using presentation compiler with project's scala-library version: 3.3.6[0m
2025.12.06 13:45:03 INFO  no build target found for /home/lucas/projects/advent-of-code-25/src/main/scala/Main.scala. Using presentation compiler with project's scala-library version: 3.3.6[0m
2025.12.06 13:45:03 INFO  no build target found for /home/lucas/projects/advent-of-code-25/src/main/scala/Main.scala. Using presentation compiler with project's scala-library version: 3.3.6[0m
2025.12.06 13:45:03 INFO  no build target found for /home/lucas/projects/advent-of-code-25/src/main/scala/Main.scala. Using presentation compiler with project's scala-library version: 3.3.6[0m
2025.12.06 13:45:03 INFO  no build target found for /home/lucas/projects/advent-of-code-25/src/main/scala/Main.scala. Using presentation compiler with project's scala-library version: 3.3.6[0m
2025.12.06 13:45:03 INFO  no build target found for /home/lucas/projects/advent-of-code-25/src/main/scala/Main.scala. Using presentation compiler with project's scala-library version: 3.3.6[0m
2025.12.06 13:45:03 INFO  no build target found for /home/lucas/projects/advent-of-code-25/src/main/scala/Main.scala. Using presentation compiler with project's scala-library version: 3.3.6[0m
2025.12.06 13:45:03 INFO  no build target found for /home/lucas/projects/advent-of-code-25/src/main/scala/Main.scala. Using presentation compiler with project's scala-library version: 3.3.6[0m
2025.12.06 13:45:03 INFO  no build target found for /home/lucas/projects/advent-of-code-25/src/main/scala/Main.scala. Using presentation compiler with project's scala-library version: 3.3.6[0m
2025.12.06 13:45:05 INFO  no build target found for /home/lucas/projects/advent-of-code-25/src/main/scala/Main.scala. Using presentation compiler with project's scala-library version: 3.3.6[0m
2025.12.06 13:45:05 INFO  no build target found for /home/lucas/projects/advent-of-code-25/src/main/scala/Main.scala. Using presentation compiler with project's scala-library version: 3.3.6[0m
2025.12.06 13:45:08 INFO  no build target found for /home/lucas/projects/advent-of-code-25/src/main/scala/Main.scala. Using presentation compiler with project's scala-library version: 3.3.6[0m
2025.12.06 13:45:08 INFO  no build target found for /home/lucas/projects/advent-of-code-25/src/main/scala/Main.scala. Using presentation compiler with project's scala-library version: 3.3.6[0m
2025.12.06 13:45:08 WARN  no build target for: /home/lucas/projects/advent-of-code-25/src/main/scala/Main.scala[0m
2025.12.06 13:45:08 INFO  no build target found for /home/lucas/projects/advent-of-code-25/src/main/scala/Main.scala. Using presentation compiler with project's scala-library version: 3.3.6[0m
2025.12.06 13:45:09 INFO  no build target found for /home/lucas/projects/advent-of-code-25/src/main/scala/Main.scala. Using presentation compiler with project's scala-library version: 3.3.6[0m
Dec 06, 2025 1:45:09 PM org.eclipse.lsp4j.jsonrpc.RemoteEndpoint handleCancellation
WARNING: Unmatched cancel notification for request id 208
2025.12.06 13:45:09 INFO  no build target found for /home/lucas/projects/advent-of-code-25/src/main/scala/Main.scala. Using presentation compiler with project's scala-library version: 3.3.6[0m
2025.12.06 13:45:09 INFO  no build target found for /home/lucas/projects/advent-of-code-25/src/main/scala/Main.scala. Using presentation compiler with project's scala-library version: 3.3.6[0m
2025.12.06 13:45:28 INFO  no build target found for /home/lucas/projects/advent-of-code-25/src/main/scala/Main.scala. Using presentation compiler with project's scala-library version: 3.3.6[0m
2025.12.06 13:45:28 INFO  no build target found for /home/lucas/projects/advent-of-code-25/src/main/scala/Main.scala. Using presentation compiler with project's scala-library version: 3.3.6[0m
2025.12.06 13:45:28 INFO  no build target found for /home/lucas/projects/advent-of-code-25/src/main/scala/Main.scala. Using presentation compiler with project's scala-library version: 3.3.6[0m
2025.12.06 13:45:29 INFO  no build target found for /home/lucas/projects/advent-of-code-25/src/main/scala/Main.scala. Using presentation compiler with project's scala-library version: 3.3.6[0m
2025.12.06 13:45:29 INFO  no build target found for /home/lucas/projects/advent-of-code-25/src/main/scala/Main.scala. Using presentation compiler with project's scala-library version: 3.3.6[0m
2025.12.06 13:45:29 INFO  no build target found for /home/lucas/projects/advent-of-code-25/src/main/scala/Main.scala. Using presentation compiler with project's scala-library version: 3.3.6[0m
2025.12.06 13:45:29 INFO  no build target found for /home/lucas/projects/advent-of-code-25/src/main/scala/Main.scala. Using presentation compiler with project's scala-library version: 3.3.6[0m
2025.12.06 13:45:29 INFO  no build target found for /home/lucas/projects/advent-of-code-25/src/main/scala/Main.scala. Using presentation compiler with project's scala-library version: 3.3.6[0m
2025.12.06 13:45:29 INFO  no build target found for /home/lucas/projects/advent-of-code-25/src/main/scala/Main.scala. Using presentation compiler with project's scala-library version: 3.3.6[0m
2025.12.06 13:45:29 INFO  no build target found for /home/lucas/projects/advent-of-code-25/src/main/scala/Main.scala. Using presentation compiler with project's scala-library version: 3.3.6[0m
2025.12.06 13:45:29 INFO  no build target found for /home/lucas/projects/advent-of-code-25/src/main/scala/Main.scala. Using presentation compiler with project's scala-library version: 3.3.6[0m
2025.12.06 13:45:29 INFO  no build target found for /home/lucas/projects/advent-of-code-25/src/main/scala/Main.scala. Using presentation compiler with project's scala-library version: 3.3.6[0m
2025.12.06 13:45:29 INFO  no build target found for /home/lucas/projects/advent-of-code-25/src/main/scala/Main.scala. Using presentation compiler with project's scala-library version: 3.3.6[0m
2025.12.06 13:45:29 INFO  no build target found for /home/lucas/projects/advent-of-code-25/src/main/scala/Main.scala. Using presentation compiler with project's scala-library version: 3.3.6[0m
2025.12.06 13:45:29 INFO  no build target found for /home/lucas/projects/advent-of-code-25/src/main/scala/Main.scala. Using presentation compiler with project's scala-library version: 3.3.6[0m
2025.12.06 13:45:30 INFO  no build target found for /home/lucas/projects/advent-of-code-25/src/main/scala/Main.scala. Using presentation compiler with project's scala-library version: 3.3.6[0m
2025.12.06 13:45:31 WARN  no build target for: /home/lucas/projects/advent-of-code-25/src/main/scala/Main.scala[0m
2025.12.06 13:45:31 INFO  no build target found for /home/lucas/projects/advent-of-code-25/src/main/scala/Main.scala. Using presentation compiler with project's scala-library version: 3.3.6[0m
2025.12.06 13:45:30 INFO  no build target found for /home/lucas/projects/advent-of-code-25/src/main/scala/Main.scala. Using presentation compiler with project's scala-library version: 3.3.6[0m
2025.12.06 13:45:31 INFO  no build target found for /home/lucas/projects/advent-of-code-25/src/main/scala/Main.scala. Using presentation compiler with project's scala-library version: 3.3.6[0m
2025.12.06 13:45:31 INFO  no build target found for /home/lucas/projects/advent-of-code-25/src/main/scala/Main.scala. Using presentation compiler with project's scala-library version: 3.3.6[0m
2025.12.06 13:45:31 INFO  no build target found for /home/lucas/projects/advent-of-code-25/src/main/scala/Main.scala. Using presentation compiler with project's scala-library version: 3.3.6[0m
2025.12.06 13:45:33 INFO  no build target found for /home/lucas/projects/advent-of-code-25/src/main/scala/Main.scala. Using presentation compiler with project's scala-library version: 3.3.6[0m
2025.12.06 13:45:33 INFO  no build target found for /home/lucas/projects/advent-of-code-25/src/main/scala/Main.scala. Using presentation compiler with project's scala-library version: 3.3.6[0m
2025.12.06 13:45:33 INFO  no build target found for /home/lucas/projects/advent-of-code-25/src/main/scala/Main.scala. Using presentation compiler with project's scala-library version: 3.3.6[0m
2025.12.06 13:45:33 INFO  no build target found for /home/lucas/projects/advent-of-code-25/src/main/scala/Main.scala. Using presentation compiler with project's scala-library version: 3.3.6[0m
2025.12.06 13:45:33 INFO  no build target found for /home/lucas/projects/advent-of-code-25/src/main/scala/Main.scala. Using presentation compiler with project's scala-library version: 3.3.6[0m
2025.12.06 13:45:34 INFO  no build target found for /home/lucas/projects/advent-of-code-25/src/main/scala/Main.scala. Using presentation compiler with project's scala-library version: 3.3.6[0m
2025.12.06 13:45:34 INFO  no build target found for /home/lucas/projects/advent-of-code-25/src/main/scala/Main.scala. Using presentation compiler with project's scala-library version: 3.3.6[0m
2025.12.06 13:45:34 INFO  no build target found for /home/lucas/projects/advent-of-code-25/src/main/scala/Main.scala. Using presentation compiler with project's scala-library version: 3.3.6[0m
2025.12.06 13:45:34 INFO  no build target found for /home/lucas/projects/advent-of-code-25/src/main/scala/Main.scala. Using presentation compiler with project's scala-library version: 3.3.6[0m
2025.12.06 13:45:34 INFO  no build target found for /home/lucas/projects/advent-of-code-25/src/main/scala/Main.scala. Using presentation compiler with project's scala-library version: 3.3.6[0m
2025.12.06 13:45:34 INFO  no build target found for /home/lucas/projects/advent-of-code-25/src/main/scala/Main.scala. Using presentation compiler with project's scala-library version: 3.3.6[0m
2025.12.06 13:45:34 INFO  no build target found for /home/lucas/projects/advent-of-code-25/src/main/scala/Main.scala. Using presentation compiler with project's scala-library version: 3.3.6[0m
2025.12.06 13:45:34 INFO  no build target found for /home/lucas/projects/advent-of-code-25/src/main/scala/Main.scala. Using presentation compiler with project's scala-library version: 3.3.6[0m
2025.12.06 13:45:35 INFO  no build target found for /home/lucas/projects/advent-of-code-25/src/main/scala/Main.scala. Using presentation compiler with project's scala-library version: 3.3.6[0m
2025.12.06 13:45:35 INFO  no build target found for /home/lucas/projects/advent-of-code-25/src/main/scala/Main.scala. Using presentation compiler with project's scala-library version: 3.3.6[0m
2025.12.06 13:45:34 INFO  no build target found for /home/lucas/projects/advent-of-code-25/src/main/scala/Main.scala. Using presentation compiler with project's scala-library version: 3.3.6[0m
2025.12.06 13:45:35 INFO  no build target found for /home/lucas/projects/advent-of-code-25/src/main/scala/Main.scala. Using presentation compiler with project's scala-library version: 3.3.6[0m
2025.12.06 13:45:35 INFO  no build target found for /home/lucas/projects/advent-of-code-25/src/main/scala/Main.scala. Using presentation compiler with project's scala-library version: 3.3.6[0m
2025.12.06 13:45:35 INFO  no build target found for /home/lucas/projects/advent-of-code-25/src/main/scala/Main.scala. Using presentation compiler with project's scala-library version: 3.3.6[0m
2025.12.06 13:45:34 INFO  no build target found for /home/lucas/projects/advent-of-code-25/src/main/scala/Main.scala. Using presentation compiler with project's scala-library version: 3.3.6[0m
2025.12.06 13:45:35 INFO  no build target found for /home/lucas/projects/advent-of-code-25/src/main/scala/Main.scala. Using presentation compiler with project's scala-library version: 3.3.6[0m
2025.12.06 13:45:36 INFO  no build target found for /home/lucas/projects/advent-of-code-25/src/main/scala/Main.scala. Using presentation compiler with project's scala-library version: 3.3.6[0m
2025.12.06 13:45:36 INFO  no build target found for /home/lucas/projects/advent-of-code-25/src/main/scala/Main.scala. Using presentation compiler with project's scala-library version: 3.3.6[0m
2025.12.06 13:45:36 INFO  no build target found for /home/lucas/projects/advent-of-code-25/src/main/scala/Main.scala. Using presentation compiler with project's scala-library version: 3.3.6[0m
2025.12.06 13:45:36 INFO  no build target found for /home/lucas/projects/advent-of-code-25/src/main/scala/Main.scala. Using presentation compiler with project's scala-library version: 3.3.6[0m
2025.12.06 13:45:38 INFO  no build target found for /home/lucas/projects/advent-of-code-25/src/main/scala/Main.scala. Using presentation compiler with project's scala-library version: 3.3.6[0m
2025.12.06 13:45:38 INFO  no build target found for /home/lucas/projects/advent-of-code-25/src/main/scala/Main.scala. Using presentation compiler with project's scala-library version: 3.3.6[0m
2025.12.06 13:45:38 INFO  no build target found for /home/lucas/projects/advent-of-code-25/src/main/scala/Main.scala. Using presentation compiler with project's scala-library version: 3.3.6[0m
2025.12.06 13:45:39 INFO  no build target found for /home/lucas/projects/advent-of-code-25/src/main/scala/Main.scala. Using presentation compiler with project's scala-library version: 3.3.6[0m
2025.12.06 13:45:38 INFO  no build target found for /home/lucas/projects/advent-of-code-25/src/main/scala/Main.scala. Using presentation compiler with project's scala-library version: 3.3.6[0m
2025.12.06 13:45:39 INFO  no build target found for /home/lucas/projects/advent-of-code-25/src/main/scala/Main.scala. Using presentation compiler with project's scala-library version: 3.3.6[0m
2025.12.06 13:45:38 INFO  no build target found for /home/lucas/projects/advent-of-code-25/src/main/scala/Main.scala. Using presentation compiler with project's scala-library version: 3.3.6[0m
2025.12.06 13:45:38 INFO  no build target found for /home/lucas/projects/advent-of-code-25/src/main/scala/Main.scala. Using presentation compiler with project's scala-library version: 3.3.6[0m
2025.12.06 13:45:40 INFO  no build target found for /home/lucas/projects/advent-of-code-25/src/main/scala/Main.scala. Using presentation compiler with project's scala-library version: 3.3.6[0m
2025.12.06 13:45:40 INFO  no build target found for /home/lucas/projects/advent-of-code-25/src/main/scala/Main.scala. Using presentation compiler with project's scala-library version: 3.3.6[0m
2025.12.06 13:45:40 INFO  no build target found for /home/lucas/projects/advent-of-code-25/src/main/scala/Main.scala. Using presentation compiler with project's scala-library version: 3.3.6[0m
2025.12.06 13:45:40 INFO  no build target found for /home/lucas/projects/advent-of-code-25/src/main/scala/Main.scala. Using presentation compiler with project's scala-library version: 3.3.6[0m
2025.12.06 13:45:40 INFO  no build target found for /home/lucas/projects/advent-of-code-25/src/main/scala/Main.scala. Using presentation compiler with project's scala-library version: 3.3.6[0m
2025.12.06 13:45:40 INFO  no build target found for /home/lucas/projects/advent-of-code-25/src/main/scala/Main.scala. Using presentation compiler with project's scala-library version: 3.3.6[0m
2025.12.06 13:45:40 INFO  no build target found for /home/lucas/projects/advent-of-code-25/src/main/scala/Main.scala. Using presentation compiler with project's scala-library version: 3.3.6[0m
2025.12.06 13:45:40 INFO  no build target found for /home/lucas/projects/advent-of-code-25/src/main/scala/Main.scala. Using presentation compiler with project's scala-library version: 3.3.6[0m
2025.12.06 13:45:40 INFO  no build target found for /home/lucas/projects/advent-of-code-25/src/main/scala/Main.scala. Using presentation compiler with project's scala-library version: 3.3.6[0m
2025.12.06 13:45:43 INFO  no build target found for /home/lucas/projects/advent-of-code-25/src/main/scala/Main.scala. Using presentation compiler with project's scala-library version: 3.3.6[0m
2025.12.06 13:45:43 INFO  no build target found for /home/lucas/projects/advent-of-code-25/src/main/scala/Main.scala. Using presentation compiler with project's scala-library version: 3.3.6[0m
2025.12.06 13:45:43 INFO  no build target found for /home/lucas/projects/advent-of-code-25/src/main/scala/Main.scala. Using presentation compiler with project's scala-library version: 3.3.6[0m
2025.12.06 13:45:43 INFO  no build target found for /home/lucas/projects/advent-of-code-25/src/main/scala/Main.scala. Using presentation compiler with project's scala-library version: 3.3.6[0m
2025.12.06 13:45:43 INFO  no build target found for /home/lucas/projects/advent-of-code-25/src/main/scala/Main.scala. Using presentation compiler with project's scala-library version: 3.3.6[0m
2025.12.06 13:45:44 WARN  no build target for: /home/lucas/projects/advent-of-code-25/src/main/scala/Main.scala[0m
2025.12.06 13:45:44 INFO  no build target found for /home/lucas/projects/advent-of-code-25/src/main/scala/Main.scala. Using presentation compiler with project's scala-library version: 3.3.6[0m
2025.12.06 13:45:44 INFO  no build target found for /home/lucas/projects/advent-of-code-25/src/main/scala/Main.scala. Using presentation compiler with project's scala-library version: 3.3.6[0m
2025.12.06 13:45:45 INFO  no build target found for /home/lucas/projects/advent-of-code-25/src/main/scala/Main.scala. Using presentation compiler with project's scala-library version: 3.3.6[0m
2025.12.06 13:45:44 INFO  no build target found for /home/lucas/projects/advent-of-code-25/src/main/scala/Main.scala. Using presentation compiler with project's scala-library version: 3.3.6[0m
2025.12.06 13:45:51 INFO  no build target found for /home/lucas/projects/advent-of-code-25/src/main/scala/Main.scala. Using presentation compiler with project's scala-library version: 3.3.6[0m
2025.12.06 13:45:52 WARN  no build target for: /home/lucas/projects/advent-of-code-25/src/main/scala/Main.scala[0m
2025.12.06 13:45:52 INFO  no build target found for /home/lucas/projects/advent-of-code-25/src/main/scala/Main.scala. Using presentation compiler with project's scala-library version: 3.3.6[0m
2025.12.06 13:45:56 INFO  no build target found for /home/lucas/projects/advent-of-code-25/src/main/scala/Main.scala. Using presentation compiler with project's scala-library version: 3.3.6[0m
2025.12.06 13:45:56 INFO  no build target found for /home/lucas/projects/advent-of-code-25/src/main/scala/Main.scala. Using presentation compiler with project's scala-library version: 3.3.6[0m
2025.12.06 13:45:57 INFO  no build target found for /home/lucas/projects/advent-of-code-25/src/main/scala/Main.scala. Using presentation compiler with project's scala-library version: 3.3.6[0m
2025.12.06 13:45:57 INFO  no build target found for /home/lucas/projects/advent-of-code-25/src/main/scala/Main.scala. Using presentation compiler with project's scala-library version: 3.3.6[0m
2025.12.06 13:45:57 INFO  no build target found for /home/lucas/projects/advent-of-code-25/src/main/scala/Main.scala. Using presentation compiler with project's scala-library version: 3.3.6[0m
2025.12.06 13:45:57 INFO  no build target found for /home/lucas/projects/advent-of-code-25/src/main/scala/Main.scala. Using presentation compiler with project's scala-library version: 3.3.6[0m
2025.12.06 13:45:58 INFO  no build target found for /home/lucas/projects/advent-of-code-25/src/main/scala/Main.scala. Using presentation compiler with project's scala-library version: 3.3.6[0m
2025.12.06 13:45:58 INFO  no build target found for /home/lucas/projects/advent-of-code-25/src/main/scala/Main.scala. Using presentation compiler with project's scala-library version: 3.3.6[0m
2025.12.06 13:45:59 INFO  no build target found for /home/lucas/projects/advent-of-code-25/src/main/scala/Main.scala. Using presentation compiler with project's scala-library version: 3.3.6[0m
2025.12.06 13:45:59 INFO  no build target found for /home/lucas/projects/advent-of-code-25/src/main/scala/Main.scala. Using presentation compiler with project's scala-library version: 3.3.6[0m
2025.12.06 13:45:58 INFO  no build target found for /home/lucas/projects/advent-of-code-25/src/main/scala/Main.scala. Using presentation compiler with project's scala-library version: 3.3.6[0m
2025.12.06 13:46:00 INFO  no build target found for /home/lucas/projects/advent-of-code-25/src/main/scala/Main.scala. Using presentation compiler with project's scala-library version: 3.3.6[0m
2025.12.06 13:46:00 INFO  no build target found for /home/lucas/projects/advent-of-code-25/src/main/scala/Main.scala. Using presentation compiler with project's scala-library version: 3.3.6[0m
2025.12.06 13:46:01 WARN  no build target for: /home/lucas/projects/advent-of-code-25/src/main/scala/Main.scala[0m
2025.12.06 13:46:01 INFO  no build target found for /home/lucas/projects/advent-of-code-25/src/main/scala/Main.scala. Using presentation compiler with project's scala-library version: 3.3.6[0m
2025.12.06 13:46:28 INFO  no build target found for /home/lucas/projects/advent-of-code-25/src/main/scala/Main.scala. Using presentation compiler with project's scala-library version: 3.3.6[0m
2025.12.06 13:46:28 INFO  no build target found for /home/lucas/projects/advent-of-code-25/src/main/scala/Main.scala. Using presentation compiler with project's scala-library version: 3.3.6[0m
2025.12.06 13:46:35 INFO  no build target found for /home/lucas/projects/advent-of-code-25/src/main/scala/Main.scala. Using presentation compiler with project's scala-library version: 3.3.6[0m
2025.12.06 13:46:35 INFO  no build target found for /home/lucas/projects/advent-of-code-25/src/main/scala/Main.scala. Using presentation compiler with project's scala-library version: 3.3.6[0m
2025.12.06 13:46:35 INFO  no build target found for /home/lucas/projects/advent-of-code-25/src/main/scala/Main.scala. Using presentation compiler with project's scala-library version: 3.3.6[0m
2025.12.06 13:46:36 INFO  no build target found for /home/lucas/projects/advent-of-code-25/src/main/scala/Main.scala. Using presentation compiler with project's scala-library version: 3.3.6[0m
2025.12.06 13:46:36 INFO  no build target found for /home/lucas/projects/advent-of-code-25/src/main/scala/Main.scala. Using presentation compiler with project's scala-library version: 3.3.6[0m
2025.12.06 13:46:37 INFO  no build target found for /home/lucas/projects/advent-of-code-25/src/main/scala/Main.scala. Using presentation compiler with project's scala-library version: 3.3.6[0m
2025.12.06 13:46:36 INFO  no build target found for /home/lucas/projects/advent-of-code-25/src/main/scala/Main.scala. Using presentation compiler with project's scala-library version: 3.3.6[0m
2025.12.06 13:46:37 INFO  no build target found for /home/lucas/projects/advent-of-code-25/src/main/scala/Main.scala. Using presentation compiler with project's scala-library version: 3.3.6[0m
2025.12.06 13:46:38 INFO  no build target found for /home/lucas/projects/advent-of-code-25/src/main/scala/Main.scala. Using presentation compiler with project's scala-library version: 3.3.6[0m
2025.12.06 13:46:38 INFO  no build target found for /home/lucas/projects/advent-of-code-25/src/main/scala/Main.scala. Using presentation compiler with project's scala-library version: 3.3.6[0m
2025.12.06 13:46:38 INFO  no build target found for /home/lucas/projects/advent-of-code-25/src/main/scala/Main.scala. Using presentation compiler with project's scala-library version: 3.3.6[0m
2025.12.06 13:46:38 INFO  no build target found for /home/lucas/projects/advent-of-code-25/src/main/scala/Main.scala. Using presentation compiler with project's scala-library version: 3.3.6[0m
2025.12.06 13:46:39 INFO  no build target found for /home/lucas/projects/advent-of-code-25/src/main/scala/Main.scala. Using presentation compiler with project's scala-library version: 3.3.6[0m
2025.12.06 13:46:39 INFO  no build target found for /home/lucas/projects/advent-of-code-25/src/main/scala/Main.scala. Using presentation compiler with project's scala-library version: 3.3.6[0m
2025.12.06 13:46:39 INFO  no build target found for /home/lucas/projects/advent-of-code-25/src/main/scala/Main.scala. Using presentation compiler with project's scala-library version: 3.3.6[0m
2025.12.06 13:46:42 INFO  no build target found for /home/lucas/projects/advent-of-code-25/src/main/scala/Main.scala. Using presentation compiler with project's scala-library version: 3.3.6[0m
2025.12.06 13:46:42 INFO  no build target found for /home/lucas/projects/advent-of-code-25/src/main/scala/Main.scala. Using presentation compiler with project's scala-library version: 3.3.6[0m
2025.12.06 13:46:42 INFO  no build target found for /home/lucas/projects/advent-of-code-25/src/main/scala/Main.scala. Using presentation compiler with project's scala-library version: 3.3.6[0m
2025.12.06 13:46:42 INFO  no build target found for /home/lucas/projects/advent-of-code-25/src/main/scala/Main.scala. Using presentation compiler with project's scala-library version: 3.3.6[0m
2025.12.06 13:46:42 INFO  no build target found for /home/lucas/projects/advent-of-code-25/src/main/scala/Main.scala. Using presentation compiler with project's scala-library version: 3.3.6[0m
2025.12.06 13:46:43 INFO  no build target found for /home/lucas/projects/advent-of-code-25/src/main/scala/Main.scala. Using presentation compiler with project's scala-library version: 3.3.6[0m
2025.12.06 13:46:47 INFO  no build target found for /home/lucas/projects/advent-of-code-25/src/main/scala/Main.scala. Using presentation compiler with project's scala-library version: 3.3.6[0m
2025.12.06 13:46:47 INFO  no build target found for /home/lucas/projects/advent-of-code-25/src/main/scala/Main.scala. Using presentation compiler with project's scala-library version: 3.3.6[0m
2025.12.06 13:46:47 INFO  no build target found for /home/lucas/projects/advent-of-code-25/src/main/scala/Main.scala. Using presentation compiler with project's scala-library version: 3.3.6[0m
2025.12.06 13:46:49 INFO  no build target found for /home/lucas/projects/advent-of-code-25/src/main/scala/Main.scala. Using presentation compiler with project's scala-library version: 3.3.6[0m
2025.12.06 13:47:09 INFO  no build target found for /home/lucas/projects/advent-of-code-25/src/main/scala/Main.scala. Using presentation compiler with project's scala-library version: 3.3.6[0m
2025.12.06 13:47:09 WARN  no build target for: /home/lucas/projects/advent-of-code-25/src/main/scala/Main.scala[0m
2025.12.06 13:47:09 INFO  no build target found for /home/lucas/projects/advent-of-code-25/src/main/scala/Main.scala. Using presentation compiler with project's scala-library version: 3.3.6[0m
2025.12.06 13:47:09 INFO  no build target found for /home/lucas/projects/advent-of-code-25/src/main/scala/Main.scala. Using presentation compiler with project's scala-library version: 3.3.6[0m
2025.12.06 13:47:09 INFO  no build target found for /home/lucas/projects/advent-of-code-25/src/main/scala/Main.scala. Using presentation compiler with project's scala-library version: 3.3.6[0m
2025.12.06 13:47:09 WARN  no build target for: /home/lucas/projects/advent-of-code-25/src/main/scala/Main.scala[0m
2025.12.06 13:47:09 INFO  no build target found for /home/lucas/projects/advent-of-code-25/src/main/scala/Main.scala. Using presentation compiler with project's scala-library version: 3.3.6[0m
2025.12.06 13:47:10 INFO  no build target found for /home/lucas/projects/advent-of-code-25/src/main/scala/Main.scala. Using presentation compiler with project's scala-library version: 3.3.6[0m
2025.12.06 13:47:11 INFO  no build target found for /home/lucas/projects/advent-of-code-25/src/main/scala/Main.scala. Using presentation compiler with project's scala-library version: 3.3.6[0m
2025.12.06 13:47:11 INFO  no build target found for /home/lucas/projects/advent-of-code-25/src/main/scala/Main.scala. Using presentation compiler with project's scala-library version: 3.3.6[0m
2025.12.06 13:47:12 INFO  no build target found for /home/lucas/projects/advent-of-code-25/src/main/scala/Main.scala. Using presentation compiler with project's scala-library version: 3.3.6[0m
2025.12.06 13:47:12 INFO  no build target found for /home/lucas/projects/advent-of-code-25/src/main/scala/Main.scala. Using presentation compiler with project's scala-library version: 3.3.6[0m
2025.12.06 13:47:17 INFO  no build target found for /home/lucas/projects/advent-of-code-25/src/main/scala/Main.scala. Using presentation compiler with project's scala-library version: 3.3.6[0m
2025.12.06 13:47:17 INFO  no build target found for /home/lucas/projects/advent-of-code-25/src/main/scala/Main.scala. Using presentation compiler with project's scala-library version: 3.3.6[0m
2025.12.06 13:47:21 INFO  no build target found for /home/lucas/projects/advent-of-code-25/src/main/scala/Main.scala. Using presentation compiler with project's scala-library version: 3.3.6[0m
2025.12.06 13:47:21 INFO  no build target found for /home/lucas/projects/advent-of-code-25/src/main/scala/Main.scala. Using presentation compiler with project's scala-library version: 3.3.6[0m
2025.12.06 13:47:22 INFO  no build target found for /home/lucas/projects/advent-of-code-25/src/main/scala/Main.scala. Using presentation compiler with project's scala-library version: 3.3.6[0m
2025.12.06 13:47:22 INFO  no build target found for /home/lucas/projects/advent-of-code-25/src/main/scala/Main.scala. Using presentation compiler with project's scala-library version: 3.3.6[0m
2025.12.06 13:47:23 INFO  no build target found for /home/lucas/projects/advent-of-code-25/src/main/scala/Main.scala. Using presentation compiler with project's scala-library version: 3.3.6[0m
2025.12.06 13:47:23 INFO  no build target found for /home/lucas/projects/advent-of-code-25/src/main/scala/Main.scala. Using presentation compiler with project's scala-library version: 3.3.6[0m
2025.12.06 13:47:23 INFO  no build target found for /home/lucas/projects/advent-of-code-25/src/main/scala/Main.scala. Using presentation compiler with project's scala-library version: 3.3.6[0m
2025.12.06 13:47:23 INFO  no build target found for /home/lucas/projects/advent-of-code-25/src/main/scala/Main.scala. Using presentation compiler with project's scala-library version: 3.3.6[0m
2025.12.06 13:47:23 INFO  no build target found for /home/lucas/projects/advent-of-code-25/src/main/scala/Main.scala. Using presentation compiler with project's scala-library version: 3.3.6[0m
2025.12.06 13:47:23 WARN  no build target for: /home/lucas/projects/advent-of-code-25/src/main/scala/Main.scala[0m
2025.12.06 13:47:24 INFO  no build target found for /home/lucas/projects/advent-of-code-25/src/main/scala/Main.scala. Using presentation compiler with project's scala-library version: 3.3.6[0m
2025.12.06 13:47:29 INFO  no build target found for /home/lucas/projects/advent-of-code-25/src/main/scala/Main.scala. Using presentation compiler with project's scala-library version: 3.3.6[0m
2025.12.06 13:48:13 INFO  no build target found for /home/lucas/projects/advent-of-code-25/src/main/scala/Main.scala. Using presentation compiler with project's scala-library version: 3.3.6[0m
2025.12.06 13:48:13 INFO  no build target found for /home/lucas/projects/advent-of-code-25/src/main/scala/Main.scala. Using presentation compiler with project's scala-library version: 3.3.6[0m
2025.12.06 13:48:17 INFO  no build target found for /home/lucas/projects/advent-of-code-25/build.sbt. Using presentation compiler with project's scala-library version: 3.3.6[0m
2025.12.06 13:48:17 INFO  no build target found for /home/lucas/projects/advent-of-code-25/build.sbt. Using presentation compiler with project's scala-library version: 3.3.6[0m
2025.12.06 13:48:17 WARN  no build target for: /home/lucas/projects/advent-of-code-25/build.sbt[0m
2025.12.06 13:48:17 INFO  no build target found for /home/lucas/projects/advent-of-code-25/build.sbt. Using presentation compiler with project's scala-library version: 3.3.6[0m
2025.12.06 13:48:17 INFO  no build target found for /home/lucas/projects/advent-of-code-25/build.sbt. Using presentation compiler with project's scala-library version: 3.3.6[0m
2025.12.06 13:48:17 INFO  no build target found for /home/lucas/projects/advent-of-code-25/build.sbt. Using presentation compiler with project's scala-library version: 3.3.6[0m
2025.12.06 13:48:19 INFO  no build target found for /home/lucas/projects/advent-of-code-25/src/main/scala/Main.scala. Using presentation compiler with project's scala-library version: 3.3.6[0m
2025.12.06 13:48:19 WARN  no build target for: /home/lucas/projects/advent-of-code-25/src/main/scala/Main.scala[0m
2025.12.06 13:48:19 INFO  no build target found for /home/lucas/projects/advent-of-code-25/src/main/scala/Main.scala. Using presentation compiler with project's scala-library version: 3.3.6[0m
2025.12.06 13:48:19 INFO  no build target found for /home/lucas/projects/advent-of-code-25/src/main/scala/Main.scala. Using presentation compiler with project's scala-library version: 3.3.6[0m
2025.12.06 13:48:19 INFO  no build target found for /home/lucas/projects/advent-of-code-25/src/main/scala/Main.scala. Using presentation compiler with project's scala-library version: 3.3.6[0m
2025.12.06 13:48:19 INFO  no build target found for /home/lucas/projects/advent-of-code-25/src/main/scala/Main.scala. Using presentation compiler with project's scala-library version: 3.3.6[0m
2025.12.06 13:48:21 INFO  no build target found for /home/lucas/projects/advent-of-code-25/src/main/scala/Main.scala. Using presentation compiler with project's scala-library version: 3.3.6[0m
2025.12.06 13:48:21 INFO  no build target found for /home/lucas/projects/advent-of-code-25/src/main/scala/Main.scala. Using presentation compiler with project's scala-library version: 3.3.6[0m
2025.12.06 13:48:22 INFO  no build target found for /home/lucas/projects/advent-of-code-25/src/main/scala/Main.scala. Using presentation compiler with project's scala-library version: 3.3.6[0m
2025.12.06 13:49:48 INFO  no build target found for /home/lucas/projects/advent-of-code-25/src/main/scala/Main.scala. Using presentation compiler with project's scala-library version: 3.3.6[0m
2025.12.06 13:49:48 INFO  no build target found for /home/lucas/projects/advent-of-code-25/src/main/scala/Main.scala. Using presentation compiler with project's scala-library version: 3.3.6[0m
2025.12.06 13:50:39 INFO  no build target found for /home/lucas/projects/advent-of-code-25/src/main/scala/Main.scala. Using presentation compiler with project's scala-library version: 3.3.6[0m
2025.12.06 13:50:39 INFO  no build target found for /home/lucas/projects/advent-of-code-25/src/main/scala/Main.scala. Using presentation compiler with project's scala-library version: 3.3.6[0m
2025.12.06 13:50:39 INFO  no build target found for /home/lucas/projects/advent-of-code-25/src/main/scala/Main.scala. Using presentation compiler with project's scala-library version: 3.3.6[0m
2025.12.06 13:50:40 INFO  no build target found for /home/lucas/projects/advent-of-code-25/src/main/scala/Main.scala. Using presentation compiler with project's scala-library version: 3.3.6[0m
2025.12.06 13:50:40 INFO  no build target found for /home/lucas/projects/advent-of-code-25/src/main/scala/Main.scala. Using presentation compiler with project's scala-library version: 3.3.6[0m
2025.12.06 13:50:41 INFO  no build target found for /home/lucas/projects/advent-of-code-25/src/main/scala/Main.scala. Using presentation compiler with project's scala-library version: 3.3.6[0m
2025.12.06 13:50:41 INFO  no build target found for /home/lucas/projects/advent-of-code-25/src/main/scala/Main.scala. Using presentation compiler with project's scala-library version: 3.3.6[0m
2025.12.06 13:50:41 INFO  no build target found for /home/lucas/projects/advent-of-code-25/src/main/scala/Main.scala. Using presentation compiler with project's scala-library version: 3.3.6[0m
2025.12.06 13:50:42 INFO  no build target found for /home/lucas/projects/advent-of-code-25/src/main/scala/Main.scala. Using presentation compiler with project's scala-library version: 3.3.6[0m
2025.12.06 13:50:42 INFO  no build target found for /home/lucas/projects/advent-of-code-25/src/main/scala/Main.scala. Using presentation compiler with project's scala-library version: 3.3.6[0m
2025.12.06 13:50:42 INFO  no build target found for /home/lucas/projects/advent-of-code-25/src/main/scala/Main.scala. Using presentation compiler with project's scala-library version: 3.3.6[0m
2025.12.06 13:50:42 INFO  no build target found for /home/lucas/projects/advent-of-code-25/src/main/scala/Main.scala. Using presentation compiler with project's scala-library version: 3.3.6[0m
2025.12.06 13:50:43 INFO  no build target found for /home/lucas/projects/advent-of-code-25/src/main/scala/Main.scala. Using presentation compiler with project's scala-library version: 3.3.6[0m
2025.12.06 13:50:42 INFO  no build target found for /home/lucas/projects/advent-of-code-25/src/main/scala/Main.scala. Using presentation compiler with project's scala-library version: 3.3.6[0m
2025.12.06 13:50:43 INFO  no build target found for /home/lucas/projects/advent-of-code-25/src/main/scala/Main.scala. Using presentation compiler with project's scala-library version: 3.3.6[0m
2025.12.06 13:50:43 INFO  no build target found for /home/lucas/projects/advent-of-code-25/src/main/scala/Main.scala. Using presentation compiler with project's scala-library version: 3.3.6[0m
2025.12.06 13:50:42 INFO  no build target found for /home/lucas/projects/advent-of-code-25/src/main/scala/Main.scala. Using presentation compiler with project's scala-library version: 3.3.6[0m
2025.12.06 13:50:43 INFO  no build target found for /home/lucas/projects/advent-of-code-25/src/main/scala/Main.scala. Using presentation compiler with project's scala-library version: 3.3.6[0m
2025.12.06 13:50:44 INFO  no build target found for /home/lucas/projects/advent-of-code-25/src/main/scala/Main.scala. Using presentation compiler with project's scala-library version: 3.3.6[0m
2025.12.06 13:50:44 INFO  no build target found for /home/lucas/projects/advent-of-code-25/src/main/scala/Main.scala. Using presentation compiler with project's scala-library version: 3.3.6[0m
2025.12.06 13:50:44 INFO  no build target found for /home/lucas/projects/advent-of-code-25/src/main/scala/Main.scala. Using presentation compiler with project's scala-library version: 3.3.6[0m
2025.12.06 13:50:44 INFO  no build target found for /home/lucas/projects/advent-of-code-25/src/main/scala/Main.scala. Using presentation compiler with project's scala-library version: 3.3.6[0m
2025.12.06 13:50:44 INFO  no build target found for /home/lucas/projects/advent-of-code-25/src/main/scala/Main.scala. Using presentation compiler with project's scala-library version: 3.3.6[0m
2025.12.06 13:50:44 INFO  no build target found for /home/lucas/projects/advent-of-code-25/src/main/scala/Main.scala. Using presentation compiler with project's scala-library version: 3.3.6[0m
2025.12.06 13:50:44 INFO  no build target found for /home/lucas/projects/advent-of-code-25/src/main/scala/Main.scala. Using presentation compiler with project's scala-library version: 3.3.6[0m
2025.12.06 13:50:44 INFO  no build target found for /home/lucas/projects/advent-of-code-25/src/main/scala/Main.scala. Using presentation compiler with project's scala-library version: 3.3.6[0m
2025.12.06 13:50:53 INFO  no build target found for /home/lucas/projects/advent-of-code-25/src/main/scala/Main.scala. Using presentation compiler with project's scala-library version: 3.3.6[0m
2025.12.06 13:50:53 INFO  no build target found for /home/lucas/projects/advent-of-code-25/src/main/scala/Main.scala. Using presentation compiler with project's scala-library version: 3.3.6[0m
2025.12.06 13:50:53 INFO  no build target found for /home/lucas/projects/advent-of-code-25/src/main/scala/Main.scala. Using presentation compiler with project's scala-library version: 3.3.6[0m
2025.12.06 13:50:53 INFO  no build target found for /home/lucas/projects/advent-of-code-25/src/main/scala/Main.scala. Using presentation compiler with project's scala-library version: 3.3.6[0m
2025.12.06 13:50:59 INFO  no build target found for /home/lucas/projects/advent-of-code-25/src/main/scala/Main.scala. Using presentation compiler with project's scala-library version: 3.3.6[0m
2025.12.06 13:50:59 INFO  no build target found for /home/lucas/projects/advent-of-code-25/src/main/scala/Main.scala. Using presentation compiler with project's scala-library version: 3.3.6[0m
2025.12.06 13:50:59 INFO  no build target found for /home/lucas/projects/advent-of-code-25/src/main/scala/Main.scala. Using presentation compiler with project's scala-library version: 3.3.6[0m
2025.12.06 13:51:00 INFO  no build target found for /home/lucas/projects/advent-of-code-25/src/main/scala/Main.scala. Using presentation compiler with project's scala-library version: 3.3.6[0m
2025.12.06 13:51:00 INFO  no build target found for /home/lucas/projects/advent-of-code-25/src/main/scala/Main.scala. Using presentation compiler with project's scala-library version: 3.3.6[0m
2025.12.06 13:51:00 INFO  no build target found for /home/lucas/projects/advent-of-code-25/src/main/scala/Main.scala. Using presentation compiler with project's scala-library version: 3.3.6[0m
2025.12.06 13:51:00 INFO  no build target found for /home/lucas/projects/advent-of-code-25/src/main/scala/Main.scala. Using presentation compiler with project's scala-library version: 3.3.6[0m
2025.12.06 13:51:00 INFO  no build target found for /home/lucas/projects/advent-of-code-25/src/main/scala/Main.scala. Using presentation compiler with project's scala-library version: 3.3.6[0m
2025.12.06 13:51:01 INFO  no build target found for /home/lucas/projects/advent-of-code-25/src/main/scala/Main.scala. Using presentation compiler with project's scala-library version: 3.3.6[0m
2025.12.06 13:51:01 INFO  no build target found for /home/lucas/projects/advent-of-code-25/src/main/scala/Main.scala. Using presentation compiler with project's scala-library version: 3.3.6[0m
2025.12.06 13:51:01 INFO  no build target found for /home/lucas/projects/advent-of-code-25/src/main/scala/Main.scala. Using presentation compiler with project's scala-library version: 3.3.6[0m
2025.12.06 13:51:01 INFO  no build target found for /home/lucas/projects/advent-of-code-25/src/main/scala/Main.scala. Using presentation compiler with project's scala-library version: 3.3.6[0m
2025.12.06 13:51:01 INFO  no build target found for /home/lucas/projects/advent-of-code-25/src/main/scala/Main.scala. Using presentation compiler with project's scala-library version: 3.3.6[0m
2025.12.06 13:51:01 INFO  no build target found for /home/lucas/projects/advent-of-code-25/src/main/scala/Main.scala. Using presentation compiler with project's scala-library version: 3.3.6[0m
2025.12.06 13:51:03 INFO  no build target found for /home/lucas/projects/advent-of-code-25/src/main/scala/Main.scala. Using presentation compiler with project's scala-library version: 3.3.6[0m
2025.12.06 13:51:03 INFO  no build target found for /home/lucas/projects/advent-of-code-25/src/main/scala/Main.scala. Using presentation compiler with project's scala-library version: 3.3.6[0m
2025.12.06 13:51:03 INFO  no build target found for /home/lucas/projects/advent-of-code-25/src/main/scala/Main.scala. Using presentation compiler with project's scala-library version: 3.3.6[0m
2025.12.06 13:51:03 INFO  no build target found for /home/lucas/projects/advent-of-code-25/src/main/scala/Main.scala. Using presentation compiler with project's scala-library version: 3.3.6[0m
2025.12.06 13:51:05 INFO  no build target found for /home/lucas/projects/advent-of-code-25/src/main/scala/Main.scala. Using presentation compiler with project's scala-library version: 3.3.6[0m
2025.12.06 13:51:05 INFO  no build target found for /home/lucas/projects/advent-of-code-25/src/main/scala/Main.scala. Using presentation compiler with project's scala-library version: 3.3.6[0m
2025.12.06 13:51:07 INFO  no build target found for /home/lucas/projects/advent-of-code-25/src/main/scala/Main.scala. Using presentation compiler with project's scala-library version: 3.3.6[0m
2025.12.06 13:51:08 INFO  no build target found for /home/lucas/projects/advent-of-code-25/src/main/scala/Main.scala. Using presentation compiler with project's scala-library version: 3.3.6[0m
2025.12.06 13:51:08 INFO  no build target found for /home/lucas/projects/advent-of-code-25/src/main/scala/Main.scala. Using presentation compiler with project's scala-library version: 3.3.6[0m
2025.12.06 13:51:09 INFO  no build target found for /home/lucas/projects/advent-of-code-25/src/main/scala/Main.scala. Using presentation compiler with project's scala-library version: 3.3.6[0m
2025.12.06 13:51:09 INFO  no build target found for /home/lucas/projects/advent-of-code-25/src/main/scala/Main.scala. Using presentation compiler with project's scala-library version: 3.3.6[0m
2025.12.06 13:51:09 INFO  no build target found for /home/lucas/projects/advent-of-code-25/src/main/scala/Main.scala. Using presentation compiler with project's scala-library version: 3.3.6[0m
2025.12.06 13:51:09 INFO  no build target found for /home/lucas/projects/advent-of-code-25/src/main/scala/Main.scala. Using presentation compiler with project's scala-library version: 3.3.6[0m
2025.12.06 13:51:11 INFO  no build target found for /home/lucas/projects/advent-of-code-25/src/main/scala/Main.scala. Using presentation compiler with project's scala-library version: 3.3.6[0m
2025.12.06 13:51:11 INFO  no build target found for /home/lucas/projects/advent-of-code-25/src/main/scala/Main.scala. Using presentation compiler with project's scala-library version: 3.3.6[0m
2025.12.06 13:51:11 INFO  no build target found for /home/lucas/projects/advent-of-code-25/src/main/scala/Main.scala. Using presentation compiler with project's scala-library version: 3.3.6[0m
2025.12.06 13:51:11 INFO  no build target found for /home/lucas/projects/advent-of-code-25/src/main/scala/Main.scala. Using presentation compiler with project's scala-library version: 3.3.6[0m
2025.12.06 13:51:12 WARN  no build target for: /home/lucas/projects/advent-of-code-25/src/main/scala/Main.scala[0m
2025.12.06 13:51:12 INFO  no build target found for /home/lucas/projects/advent-of-code-25/src/main/scala/Main.scala. Using presentation compiler with project's scala-library version: 3.3.6[0m
2025.12.06 13:51:13 INFO  no build target found for /home/lucas/projects/advent-of-code-25/src/main/scala/Main.scala. Using presentation compiler with project's scala-library version: 3.3.6[0m
2025.12.06 13:51:13 INFO  no build target found for /home/lucas/projects/advent-of-code-25/src/main/scala/Main.scala. Using presentation compiler with project's scala-library version: 3.3.6[0m
2025.12.06 13:51:15 INFO  no build target found for /home/lucas/projects/advent-of-code-25/src/main/scala/Main.scala. Using presentation compiler with project's scala-library version: 3.3.6[0m
2025.12.06 13:51:15 INFO  no build target found for /home/lucas/projects/advent-of-code-25/src/main/scala/Main.scala. Using presentation compiler with project's scala-library version: 3.3.6[0m
2025.12.06 13:51:17 INFO  no build target found for /home/lucas/projects/advent-of-code-25/src/main/scala/Main.scala. Using presentation compiler with project's scala-library version: 3.3.6[0m
2025.12.06 13:51:18 INFO  no build target found for /home/lucas/projects/advent-of-code-25/src/main/scala/Main.scala. Using presentation compiler with project's scala-library version: 3.3.6[0m
2025.12.06 13:51:18 INFO  no build target found for /home/lucas/projects/advent-of-code-25/src/main/scala/Main.scala. Using presentation compiler with project's scala-library version: 3.3.6[0m
2025.12.06 13:51:19 INFO  no build target found for /home/lucas/projects/advent-of-code-25/src/main/scala/Main.scala. Using presentation compiler with project's scala-library version: 3.3.6[0m
2025.12.06 13:51:19 INFO  no build target found for /home/lucas/projects/advent-of-code-25/src/main/scala/Main.scala. Using presentation compiler with project's scala-library version: 3.3.6[0m
2025.12.06 13:51:19 INFO  no build target found for /home/lucas/projects/advent-of-code-25/src/main/scala/Main.scala. Using presentation compiler with project's scala-library version: 3.3.6[0m
2025.12.06 13:51:22 INFO  no build target found for /home/lucas/projects/advent-of-code-25/src/main/scala/Main.scala. Using presentation compiler with project's scala-library version: 3.3.6[0m
2025.12.06 13:51:22 INFO  no build target found for /home/lucas/projects/advent-of-code-25/src/main/scala/Main.scala. Using presentation compiler with project's scala-library version: 3.3.6[0m
2025.12.06 13:51:22 INFO  no build target found for /home/lucas/projects/advent-of-code-25/src/main/scala/Main.scala. Using presentation compiler with project's scala-library version: 3.3.6[0m
2025.12.06 13:51:23 INFO  no build target found for /home/lucas/projects/advent-of-code-25/src/main/scala/Main.scala. Using presentation compiler with project's scala-library version: 3.3.6[0m
2025.12.06 13:51:23 INFO  no build target found for /home/lucas/projects/advent-of-code-25/src/main/scala/Main.scala. Using presentation compiler with project's scala-library version: 3.3.6[0m
2025.12.06 13:51:23 INFO  no build target found for /home/lucas/projects/advent-of-code-25/src/main/scala/Main.scala. Using presentation compiler with project's scala-library version: 3.3.6[0m
2025.12.06 13:51:24 INFO  no build target found for /home/lucas/projects/advent-of-code-25/src/main/scala/Main.scala. Using presentation compiler with project's scala-library version: 3.3.6[0m
2025.12.06 13:51:24 INFO  no build target found for /home/lucas/projects/advent-of-code-25/src/main/scala/Main.scala. Using presentation compiler with project's scala-library version: 3.3.6[0m
2025.12.06 13:51:24 INFO  no build target found for /home/lucas/projects/advent-of-code-25/src/main/scala/Main.scala. Using presentation compiler with project's scala-library version: 3.3.6[0m
2025.12.06 13:51:24 INFO  no build target found for /home/lucas/projects/advent-of-code-25/src/main/scala/Main.scala. Using presentation compiler with project's scala-library version: 3.3.6[0m
2025.12.06 13:51:24 INFO  no build target found for /home/lucas/projects/advent-of-code-25/src/main/scala/Main.scala. Using presentation compiler with project's scala-library version: 3.3.6[0m
2025.12.06 13:51:24 INFO  no build target found for /home/lucas/projects/advent-of-code-25/src/main/scala/Main.scala. Using presentation compiler with project's scala-library version: 3.3.6[0m
Dec 06, 2025 1:51:24 PM org.eclipse.lsp4j.jsonrpc.RemoteEndpoint handleCancellation
WARNING: Unmatched cancel notification for request id 576
2025.12.06 13:51:24 INFO  no build target found for /home/lucas/projects/advent-of-code-25/src/main/scala/Main.scala. Using presentation compiler with project's scala-library version: 3.3.6[0m
2025.12.06 13:51:24 INFO  no build target found for /home/lucas/projects/advent-of-code-25/src/main/scala/Main.scala. Using presentation compiler with project's scala-library version: 3.3.6[0m
2025.12.06 13:51:24 INFO  no build target found for /home/lucas/projects/advent-of-code-25/src/main/scala/Main.scala. Using presentation compiler with project's scala-library version: 3.3.6[0m
2025.12.06 13:51:25 INFO  no build target found for /home/lucas/projects/advent-of-code-25/src/main/scala/Main.scala. Using presentation compiler with project's scala-library version: 3.3.6[0m
2025.12.06 13:51:25 INFO  no build target found for /home/lucas/projects/advent-of-code-25/src/main/scala/Main.scala. Using presentation compiler with project's scala-library version: 3.3.6[0m
2025.12.06 13:51:25 INFO  no build target found for /home/lucas/projects/advent-of-code-25/src/main/scala/Main.scala. Using presentation compiler with project's scala-library version: 3.3.6[0m
2025.12.06 13:51:25 INFO  no build target found for /home/lucas/projects/advent-of-code-25/src/main/scala/Main.scala. Using presentation compiler with project's scala-library version: 3.3.6[0m
2025.12.06 13:51:25 INFO  no build target found for /home/lucas/projects/advent-of-code-25/src/main/scala/Main.scala. Using presentation compiler with project's scala-library version: 3.3.6[0m
2025.12.06 13:51:25 INFO  no build target found for /home/lucas/projects/advent-of-code-25/src/main/scala/Main.scala. Using presentation compiler with project's scala-library version: 3.3.6[0m
2025.12.06 13:51:27 INFO  no build target found for /home/lucas/projects/advent-of-code-25/src/main/scala/Main.scala. Using presentation compiler with project's scala-library version: 3.3.6[0m
2025.12.06 13:51:27 INFO  no build target found for /home/lucas/projects/advent-of-code-25/src/main/scala/Main.scala. Using presentation compiler with project's scala-library version: 3.3.6[0m
2025.12.06 13:51:27 INFO  no build target found for /home/lucas/projects/advent-of-code-25/src/main/scala/Main.scala. Using presentation compiler with project's scala-library version: 3.3.6[0m
2025.12.06 13:51:27 INFO  no build target found for /home/lucas/projects/advent-of-code-25/src/main/scala/Main.scala. Using presentation compiler with project's scala-library version: 3.3.6[0m
2025.12.06 13:51:27 INFO  no build target found for /home/lucas/projects/advent-of-code-25/src/main/scala/Main.scala. Using presentation compiler with project's scala-library version: 3.3.6[0m
2025.12.06 13:51:27 INFO  no build target found for /home/lucas/projects/advent-of-code-25/src/main/scala/Main.scala. Using presentation compiler with project's scala-library version: 3.3.6[0m
2025.12.06 13:51:28 INFO  no build target found for /home/lucas/projects/advent-of-code-25/src/main/scala/Main.scala. Using presentation compiler with project's scala-library version: 3.3.6[0m
2025.12.06 13:51:28 INFO  no build target found for /home/lucas/projects/advent-of-code-25/src/main/scala/Main.scala. Using presentation compiler with project's scala-library version: 3.3.6[0m
Dec 06, 2025 1:51:28 PM org.eclipse.lsp4j.jsonrpc.RemoteEndpoint handleCancellation
WARNING: Unmatched cancel notification for request id 603
2025.12.06 13:51:27 WARN  no build target for: /home/lucas/projects/advent-of-code-25/src/main/scala/Main.scala[0m
2025.12.06 13:51:28 INFO  no build target found for /home/lucas/projects/advent-of-code-25/src/main/scala/Main.scala. Using presentation compiler with project's scala-library version: 3.3.6[0m
2025.12.06 13:51:29 INFO  no build target found for /home/lucas/projects/advent-of-code-25/src/main/scala/Main.scala. Using presentation compiler with project's scala-library version: 3.3.6[0m
2025.12.06 13:51:29 INFO  no build target found for /home/lucas/projects/advent-of-code-25/src/main/scala/Main.scala. Using presentation compiler with project's scala-library version: 3.3.6[0m
2025.12.06 13:51:29 INFO  no build target found for /home/lucas/projects/advent-of-code-25/src/main/scala/Main.scala. Using presentation compiler with project's scala-library version: 3.3.6[0m
2025.12.06 13:51:30 INFO  no build target found for /home/lucas/projects/advent-of-code-25/src/main/scala/Main.scala. Using presentation compiler with project's scala-library version: 3.3.6[0m
2025.12.06 13:51:32 INFO  no build target found for /home/lucas/projects/advent-of-code-25/src/main/scala/Main.scala. Using presentation compiler with project's scala-library version: 3.3.6[0m
2025.12.06 13:51:32 INFO  no build target found for /home/lucas/projects/advent-of-code-25/src/main/scala/Main.scala. Using presentation compiler with project's scala-library version: 3.3.6[0m
2025.12.06 13:51:32 INFO  no build target found for /home/lucas/projects/advent-of-code-25/src/main/scala/Main.scala. Using presentation compiler with project's scala-library version: 3.3.6[0m
2025.12.06 13:51:34 INFO  no build target found for /home/lucas/projects/advent-of-code-25/src/main/scala/Main.scala. Using presentation compiler with project's scala-library version: 3.3.6[0m
2025.12.06 13:51:35 INFO  no build target found for /home/lucas/projects/advent-of-code-25/src/main/scala/Main.scala. Using presentation compiler with project's scala-library version: 3.3.6[0m
2025.12.06 13:51:35 INFO  no build target found for /home/lucas/projects/advent-of-code-25/src/main/scala/Main.scala. Using presentation compiler with project's scala-library version: 3.3.6[0m
2025.12.06 13:51:34 INFO  no build target found for /home/lucas/projects/advent-of-code-25/src/main/scala/Main.scala. Using presentation compiler with project's scala-library version: 3.3.6[0m
2025.12.06 13:51:34 INFO  no build target found for /home/lucas/projects/advent-of-code-25/src/main/scala/Main.scala. Using presentation compiler with project's scala-library version: 3.3.6[0m
2025.12.06 13:51:35 INFO  no build target found for /home/lucas/projects/advent-of-code-25/src/main/scala/Main.scala. Using presentation compiler with project's scala-library version: 3.3.6[0m
2025.12.06 13:51:34 INFO  no build target found for /home/lucas/projects/advent-of-code-25/src/main/scala/Main.scala. Using presentation compiler with project's scala-library version: 3.3.6[0m
2025.12.06 13:51:35 INFO  no build target found for /home/lucas/projects/advent-of-code-25/src/main/scala/Main.scala. Using presentation compiler with project's scala-library version: 3.3.6[0m
2025.12.06 13:51:34 INFO  no build target found for /home/lucas/projects/advent-of-code-25/src/main/scala/Main.scala. Using presentation compiler with project's scala-library version: 3.3.6[0m
2025.12.06 13:51:36 INFO  no build target found for /home/lucas/projects/advent-of-code-25/src/main/scala/Main.scala. Using presentation compiler with project's scala-library version: 3.3.6[0m
2025.12.06 13:51:35 INFO  no build target found for /home/lucas/projects/advent-of-code-25/src/main/scala/Main.scala. Using presentation compiler with project's scala-library version: 3.3.6[0m
2025.12.06 13:51:36 INFO  no build target found for /home/lucas/projects/advent-of-code-25/src/main/scala/Main.scala. Using presentation compiler with project's scala-library version: 3.3.6[0m
2025.12.06 13:51:36 INFO  no build target found for /home/lucas/projects/advent-of-code-25/src/main/scala/Main.scala. Using presentation compiler with project's scala-library version: 3.3.6[0m
2025.12.06 13:51:36 INFO  no build target found for /home/lucas/projects/advent-of-code-25/src/main/scala/Main.scala. Using presentation compiler with project's scala-library version: 3.3.6[0m
2025.12.06 13:51:35 INFO  no build target found for /home/lucas/projects/advent-of-code-25/src/main/scala/Main.scala. Using presentation compiler with project's scala-library version: 3.3.6[0m
2025.12.06 13:51:36 INFO  no build target found for /home/lucas/projects/advent-of-code-25/src/main/scala/Main.scala. Using presentation compiler with project's scala-library version: 3.3.6[0m
2025.12.06 13:51:36 INFO  no build target found for /home/lucas/projects/advent-of-code-25/src/main/scala/Main.scala. Using presentation compiler with project's scala-library version: 3.3.6[0m
2025.12.06 13:51:36 INFO  no build target found for /home/lucas/projects/advent-of-code-25/src/main/scala/Main.scala. Using presentation compiler with project's scala-library version: 3.3.6[0m
2025.12.06 13:51:36 INFO  no build target found for /home/lucas/projects/advent-of-code-25/src/main/scala/Main.scala. Using presentation compiler with project's scala-library version: 3.3.6[0m
2025.12.06 13:51:37 INFO  no build target found for /home/lucas/projects/advent-of-code-25/src/main/scala/Main.scala. Using presentation compiler with project's scala-library version: 3.3.6[0m
2025.12.06 13:51:37 INFO  no build target found for /home/lucas/projects/advent-of-code-25/src/main/scala/Main.scala. Using presentation compiler with project's scala-library version: 3.3.6[0m
2025.12.06 13:51:36 INFO  no build target found for /home/lucas/projects/advent-of-code-25/src/main/scala/Main.scala. Using presentation compiler with project's scala-library version: 3.3.6[0m
2025.12.06 13:51:37 INFO  no build target found for /home/lucas/projects/advent-of-code-25/src/main/scala/Main.scala. Using presentation compiler with project's scala-library version: 3.3.6[0m
2025.12.06 13:51:37 INFO  no build target found for /home/lucas/projects/advent-of-code-25/src/main/scala/Main.scala. Using presentation compiler with project's scala-library version: 3.3.6[0m
2025.12.06 13:51:37 INFO  no build target found for /home/lucas/projects/advent-of-code-25/src/main/scala/Main.scala. Using presentation compiler with project's scala-library version: 3.3.6[0m
2025.12.06 13:51:37 INFO  no build target found for /home/lucas/projects/advent-of-code-25/src/main/scala/Main.scala. Using presentation compiler with project's scala-library version: 3.3.6[0m
2025.12.06 13:51:37 INFO  no build target found for /home/lucas/projects/advent-of-code-25/src/main/scala/Main.scala. Using presentation compiler with project's scala-library version: 3.3.6[0m
2025.12.06 13:51:38 INFO  no build target found for /home/lucas/projects/advent-of-code-25/src/main/scala/Main.scala. Using presentation compiler with project's scala-library version: 3.3.6[0m
2025.12.06 13:51:38 INFO  no build target found for /home/lucas/projects/advent-of-code-25/src/main/scala/Main.scala. Using presentation compiler with project's scala-library version: 3.3.6[0m
2025.12.06 13:51:39 INFO  no build target found for /home/lucas/projects/advent-of-code-25/src/main/scala/Main.scala. Using presentation compiler with project's scala-library version: 3.3.6[0m
2025.12.06 13:51:39 INFO  no build target found for /home/lucas/projects/advent-of-code-25/src/main/scala/Main.scala. Using presentation compiler with project's scala-library version: 3.3.6[0m
2025.12.06 13:51:39 INFO  no build target found for /home/lucas/projects/advent-of-code-25/src/main/scala/Main.scala. Using presentation compiler with project's scala-library version: 3.3.6[0m
2025.12.06 13:51:39 INFO  no build target found for /home/lucas/projects/advent-of-code-25/src/main/scala/Main.scala. Using presentation compiler with project's scala-library version: 3.3.6[0m
2025.12.06 13:51:39 INFO  no build target found for /home/lucas/projects/advent-of-code-25/src/main/scala/Main.scala. Using presentation compiler with project's scala-library version: 3.3.6[0m
2025.12.06 13:51:40 INFO  no build target found for /home/lucas/projects/advent-of-code-25/src/main/scala/Main.scala. Using presentation compiler with project's scala-library version: 3.3.6[0m
2025.12.06 13:51:40 INFO  no build target found for /home/lucas/projects/advent-of-code-25/src/main/scala/Main.scala. Using presentation compiler with project's scala-library version: 3.3.6[0m
2025.12.06 13:51:42 INFO  no build target found for /home/lucas/projects/advent-of-code-25/src/main/scala/Main.scala. Using presentation compiler with project's scala-library version: 3.3.6[0m
2025.12.06 13:51:42 INFO  no build target found for /home/lucas/projects/advent-of-code-25/src/main/scala/Main.scala. Using presentation compiler with project's scala-library version: 3.3.6[0m
2025.12.06 13:51:42 INFO  no build target found for /home/lucas/projects/advent-of-code-25/src/main/scala/Main.scala. Using presentation compiler with project's scala-library version: 3.3.6[0m
2025.12.06 13:51:42 INFO  no build target found for /home/lucas/projects/advent-of-code-25/src/main/scala/Main.scala. Using presentation compiler with project's scala-library version: 3.3.6[0m
2025.12.06 13:51:45 INFO  no build target found for /home/lucas/projects/advent-of-code-25/src/main/scala/Main.scala. Using presentation compiler with project's scala-library version: 3.3.6[0m
2025.12.06 13:51:45 INFO  no build target found for /home/lucas/projects/advent-of-code-25/src/main/scala/Main.scala. Using presentation compiler with project's scala-library version: 3.3.6[0m
2025.12.06 13:51:46 INFO  no build target found for /home/lucas/projects/advent-of-code-25/src/main/scala/Main.scala. Using presentation compiler with project's scala-library version: 3.3.6[0m
2025.12.06 13:51:46 INFO  no build target found for /home/lucas/projects/advent-of-code-25/src/main/scala/Main.scala. Using presentation compiler with project's scala-library version: 3.3.6[0m
2025.12.06 13:51:45 INFO  no build target found for /home/lucas/projects/advent-of-code-25/src/main/scala/Main.scala. Using presentation compiler with project's scala-library version: 3.3.6[0m
2025.12.06 13:51:45 INFO  no build target found for /home/lucas/projects/advent-of-code-25/src/main/scala/Main.scala. Using presentation compiler with project's scala-library version: 3.3.6[0m
2025.12.06 13:51:47 INFO  no build target found for /home/lucas/projects/advent-of-code-25/src/main/scala/Main.scala. Using presentation compiler with project's scala-library version: 3.3.6[0m
2025.12.06 13:51:47 INFO  no build target found for /home/lucas/projects/advent-of-code-25/src/main/scala/Main.scala. Using presentation compiler with project's scala-library version: 3.3.6[0m
2025.12.06 13:51:47 INFO  no build target found for /home/lucas/projects/advent-of-code-25/src/main/scala/Main.scala. Using presentation compiler with project's scala-library version: 3.3.6[0m
2025.12.06 13:51:47 INFO  no build target found for /home/lucas/projects/advent-of-code-25/src/main/scala/Main.scala. Using presentation compiler with project's scala-library version: 3.3.6[0m
2025.12.06 13:51:48 INFO  no build target found for /home/lucas/projects/advent-of-code-25/src/main/scala/Main.scala. Using presentation compiler with project's scala-library version: 3.3.6[0m
2025.12.06 13:51:49 INFO  no build target found for /home/lucas/projects/advent-of-code-25/src/main/scala/Main.scala. Using presentation compiler with project's scala-library version: 3.3.6[0m
2025.12.06 13:51:49 INFO  no build target found for /home/lucas/projects/advent-of-code-25/src/main/scala/Main.scala. Using presentation compiler with project's scala-library version: 3.3.6[0m
2025.12.06 13:51:48 INFO  no build target found for /home/lucas/projects/advent-of-code-25/src/main/scala/Main.scala. Using presentation compiler with project's scala-library version: 3.3.6[0m
2025.12.06 13:51:50 INFO  no build target found for /home/lucas/projects/advent-of-code-25/src/main/scala/Main.scala. Using presentation compiler with project's scala-library version: 3.3.6[0m
2025.12.06 13:51:50 INFO  no build target found for /home/lucas/projects/advent-of-code-25/src/main/scala/Main.scala. Using presentation compiler with project's scala-library version: 3.3.6[0m
2025.12.06 13:51:50 INFO  no build target found for /home/lucas/projects/advent-of-code-25/src/main/scala/Main.scala. Using presentation compiler with project's scala-library version: 3.3.6[0m
2025.12.06 13:51:51 INFO  no build target found for /home/lucas/projects/advent-of-code-25/src/main/scala/Main.scala. Using presentation compiler with project's scala-library version: 3.3.6[0m
2025.12.06 13:51:51 INFO  no build target found for /home/lucas/projects/advent-of-code-25/src/main/scala/Main.scala. Using presentation compiler with project's scala-library version: 3.3.6[0m
2025.12.06 13:51:51 INFO  no build target found for /home/lucas/projects/advent-of-code-25/src/main/scala/Main.scala. Using presentation compiler with project's scala-library version: 3.3.6[0m
2025.12.06 13:51:51 INFO  no build target found for /home/lucas/projects/advent-of-code-25/src/main/scala/Main.scala. Using presentation compiler with project's scala-library version: 3.3.6[0m
2025.12.06 13:51:51 WARN  no build target for: /home/lucas/projects/advent-of-code-25/src/main/scala/Main.scala[0m
2025.12.06 13:51:51 INFO  no build target found for /home/lucas/projects/advent-of-code-25/src/main/scala/Main.scala. Using presentation compiler with project's scala-library version: 3.3.6[0m
2025.12.06 13:51:53 INFO  no build target found for /home/lucas/projects/advent-of-code-25/src/main/scala/Main.scala. Using presentation compiler with project's scala-library version: 3.3.6[0m
2025.12.06 13:51:53 INFO  no build target found for /home/lucas/projects/advent-of-code-25/src/main/scala/Main.scala. Using presentation compiler with project's scala-library version: 3.3.6[0m
2025.12.06 13:51:53 INFO  no build target found for /home/lucas/projects/advent-of-code-25/src/main/scala/Main.scala. Using presentation compiler with project's scala-library version: 3.3.6[0m
2025.12.06 13:51:53 INFO  no build target found for /home/lucas/projects/advent-of-code-25/src/main/scala/Main.scala. Using presentation compiler with project's scala-library version: 3.3.6[0m
2025.12.06 13:51:56 INFO  no build target found for /home/lucas/projects/advent-of-code-25/src/main/scala/Main.scala. Using presentation compiler with project's scala-library version: 3.3.6[0m
2025.12.06 13:51:56 INFO  no build target found for /home/lucas/projects/advent-of-code-25/src/main/scala/Main.scala. Using presentation compiler with project's scala-library version: 3.3.6[0m
2025.12.06 13:51:56 INFO  no build target found for /home/lucas/projects/advent-of-code-25/src/main/scala/Main.scala. Using presentation compiler with project's scala-library version: 3.3.6[0m
2025.12.06 13:51:57 INFO  no build target found for /home/lucas/projects/advent-of-code-25/src/main/scala/Main.scala. Using presentation compiler with project's scala-library version: 3.3.6[0m
2025.12.06 13:51:57 INFO  no build target found for /home/lucas/projects/advent-of-code-25/src/main/scala/Main.scala. Using presentation compiler with project's scala-library version: 3.3.6[0m
2025.12.06 13:51:57 INFO  no build target found for /home/lucas/projects/advent-of-code-25/src/main/scala/Main.scala. Using presentation compiler with project's scala-library version: 3.3.6[0m
2025.12.06 13:54:48 INFO  no build target found for /home/lucas/projects/advent-of-code-25/src/main/scala/Main.scala. Using presentation compiler with project's scala-library version: 3.3.6[0m
2025.12.06 13:54:52 INFO  no build target found for /home/lucas/projects/advent-of-code-25/src/main/scala/Main.scala. Using presentation compiler with project's scala-library version: 3.3.6[0m
2025.12.06 13:56:01 INFO  no build target found for /home/lucas/projects/advent-of-code-25/src/main/scala/Main.scala. Using presentation compiler with project's scala-library version: 3.3.6[0m
2025.12.06 13:56:01 INFO  no build target found for /home/lucas/projects/advent-of-code-25/src/main/scala/Main.scala. Using presentation compiler with project's scala-library version: 3.3.6[0m
2025.12.06 13:56:03 INFO  no build target found for /home/lucas/projects/advent-of-code-25/src/main/scala/Main.scala. Using presentation compiler with project's scala-library version: 3.3.6[0m
2025.12.06 13:56:03 INFO  no build target found for /home/lucas/projects/advent-of-code-25/src/main/scala/Main.scala. Using presentation compiler with project's scala-library version: 3.3.6[0m
2025.12.06 13:56:13 INFO  no build target found for /home/lucas/projects/advent-of-code-25/src/main/scala/Main.scala. Using presentation compiler with project's scala-library version: 3.3.6[0m
2025.12.06 13:56:13 INFO  no build target found for /home/lucas/projects/advent-of-code-25/src/main/scala/Main.scala. Using presentation compiler with project's scala-library version: 3.3.6[0m
2025.12.06 13:56:15 INFO  no build target found for /home/lucas/projects/advent-of-code-25/src/main/scala/Main.scala. Using presentation compiler with project's scala-library version: 3.3.6[0m
2025.12.06 13:56:15 INFO  no build target found for /home/lucas/projects/advent-of-code-25/src/main/scala/Main.scala. Using presentation compiler with project's scala-library version: 3.3.6[0m
2025.12.06 13:56:16 INFO  no build target found for /home/lucas/projects/advent-of-code-25/src/main/scala/Main.scala. Using presentation compiler with project's scala-library version: 3.3.6[0m
2025.12.06 13:56:16 INFO  no build target found for /home/lucas/projects/advent-of-code-25/src/main/scala/Main.scala. Using presentation compiler with project's scala-library version: 3.3.6[0m
2025.12.06 13:56:16 INFO  no build target found for /home/lucas/projects/advent-of-code-25/src/main/scala/Main.scala. Using presentation compiler with project's scala-library version: 3.3.6[0m
2025.12.06 13:56:17 INFO  no build target found for /home/lucas/projects/advent-of-code-25/src/main/scala/Main.scala. Using presentation compiler with project's scala-library version: 3.3.6[0m
2025.12.06 13:56:17 INFO  no build target found for /home/lucas/projects/advent-of-code-25/src/main/scala/Main.scala. Using presentation compiler with project's scala-library version: 3.3.6[0m
2025.12.06 13:56:17 INFO  no build target found for /home/lucas/projects/advent-of-code-25/src/main/scala/Main.scala. Using presentation compiler with project's scala-library version: 3.3.6[0m
2025.12.06 13:56:17 INFO  no build target found for /home/lucas/projects/advent-of-code-25/src/main/scala/Main.scala. Using presentation compiler with project's scala-library version: 3.3.6[0m
2025.12.06 13:56:17 INFO  no build target found for /home/lucas/projects/advent-of-code-25/src/main/scala/Main.scala. Using presentation compiler with project's scala-library version: 3.3.6[0m
2025.12.06 13:56:17 INFO  no build target found for /home/lucas/projects/advent-of-code-25/src/main/scala/Main.scala. Using presentation compiler with project's scala-library version: 3.3.6[0m
2025.12.06 13:56:18 INFO  no build target found for /home/lucas/projects/advent-of-code-25/src/main/scala/Main.scala. Using presentation compiler with project's scala-library version: 3.3.6[0m
2025.12.06 13:56:20 INFO  no build target found for /home/lucas/projects/advent-of-code-25/src/main/scala/Main.scala. Using presentation compiler with project's scala-library version: 3.3.6[0m
2025.12.06 13:56:20 INFO  no build target found for /home/lucas/projects/advent-of-code-25/src/main/scala/Main.scala. Using presentation compiler with project's scala-library version: 3.3.6[0m
2025.12.06 13:56:21 INFO  no build target found for /home/lucas/projects/advent-of-code-25/src/main/scala/Main.scala. Using presentation compiler with project's scala-library version: 3.3.6[0m
2025.12.06 13:56:21 INFO  no build target found for /home/lucas/projects/advent-of-code-25/src/main/scala/Main.scala. Using presentation compiler with project's scala-library version: 3.3.6[0m
2025.12.06 13:56:22 INFO  no build target found for /home/lucas/projects/advent-of-code-25/src/main/scala/Main.scala. Using presentation compiler with project's scala-library version: 3.3.6[0m
2025.12.06 13:56:22 INFO  no build target found for /home/lucas/projects/advent-of-code-25/src/main/scala/Main.scala. Using presentation compiler with project's scala-library version: 3.3.6[0m
2025.12.06 13:56:22 INFO  no build target found for /home/lucas/projects/advent-of-code-25/src/main/scala/Main.scala. Using presentation compiler with project's scala-library version: 3.3.6[0m
2025.12.06 13:56:22 INFO  no build target found for /home/lucas/projects/advent-of-code-25/src/main/scala/Main.scala. Using presentation compiler with project's scala-library version: 3.3.6[0m
2025.12.06 13:56:22 INFO  no build target found for /home/lucas/projects/advent-of-code-25/src/main/scala/Main.scala. Using presentation compiler with project's scala-library version: 3.3.6[0m
2025.12.06 13:56:23 INFO  no build target found for /home/lucas/projects/advent-of-code-25/src/main/scala/Main.scala. Using presentation compiler with project's scala-library version: 3.3.6[0m
2025.12.06 13:56:24 INFO  no build target found for /home/lucas/projects/advent-of-code-25/src/main/scala/Main.scala. Using presentation compiler with project's scala-library version: 3.3.6[0m
2025.12.06 13:56:24 INFO  no build target found for /home/lucas/projects/advent-of-code-25/src/main/scala/Main.scala. Using presentation compiler with project's scala-library version: 3.3.6[0m
2025.12.06 13:56:26 INFO  no build target found for /home/lucas/projects/advent-of-code-25/src/main/scala/Main.scala. Using presentation compiler with project's scala-library version: 3.3.6[0m
2025.12.06 13:56:31 INFO  no build target found for /home/lucas/projects/advent-of-code-25/src/main/scala/Main.scala. Using presentation compiler with project's scala-library version: 3.3.6[0m
2025.12.06 13:56:33 INFO  no build target found for /home/lucas/projects/advent-of-code-25/src/main/scala/Main.scala. Using presentation compiler with project's scala-library version: 3.3.6[0m
2025.12.06 13:56:33 INFO  no build target found for /home/lucas/projects/advent-of-code-25/src/main/scala/Main.scala. Using presentation compiler with project's scala-library version: 3.3.6[0m
2025.12.06 13:56:33 INFO  no build target found for /home/lucas/projects/advent-of-code-25/src/main/scala/Main.scala. Using presentation compiler with project's scala-library version: 3.3.6[0m
2025.12.06 13:56:35 INFO  no build target found for /home/lucas/projects/advent-of-code-25/src/main/scala/Main.scala. Using presentation compiler with project's scala-library version: 3.3.6[0m
2025.12.06 13:56:35 INFO  no build target found for /home/lucas/projects/advent-of-code-25/src/main/scala/Main.scala. Using presentation compiler with project's scala-library version: 3.3.6[0m
2025.12.06 13:56:39 INFO  no build target found for /home/lucas/projects/advent-of-code-25/src/main/scala/Main.scala. Using presentation compiler with project's scala-library version: 3.3.6[0m
2025.12.06 13:56:39 INFO  no build target found for /home/lucas/projects/advent-of-code-25/src/main/scala/Main.scala. Using presentation compiler with project's scala-library version: 3.3.6[0m
2025.12.06 13:56:40 INFO  no build target found for /home/lucas/projects/advent-of-code-25/src/main/scala/Main.scala. Using presentation compiler with project's scala-library version: 3.3.6[0m
2025.12.06 13:56:40 INFO  no build target found for /home/lucas/projects/advent-of-code-25/src/main/scala/Main.scala. Using presentation compiler with project's scala-library version: 3.3.6[0m
2025.12.06 13:56:41 INFO  no build target found for /home/lucas/projects/advent-of-code-25/src/main/scala/Main.scala. Using presentation compiler with project's scala-library version: 3.3.6[0m
2025.12.06 13:56:41 INFO  no build target found for /home/lucas/projects/advent-of-code-25/src/main/scala/Main.scala. Using presentation compiler with project's scala-library version: 3.3.6[0m
2025.12.06 13:56:41 INFO  no build target found for /home/lucas/projects/advent-of-code-25/src/main/scala/Main.scala. Using presentation compiler with project's scala-library version: 3.3.6[0m
2025.12.06 13:56:41 INFO  no build target found for /home/lucas/projects/advent-of-code-25/src/main/scala/Main.scala. Using presentation compiler with project's scala-library version: 3.3.6[0m
2025.12.06 13:56:41 INFO  no build target found for /home/lucas/projects/advent-of-code-25/src/main/scala/Main.scala. Using presentation compiler with project's scala-library version: 3.3.6[0m
2025.12.06 13:56:41 INFO  no build target found for /home/lucas/projects/advent-of-code-25/src/main/scala/Main.scala. Using presentation compiler with project's scala-library version: 3.3.6[0m
2025.12.06 13:56:41 INFO  no build target found for /home/lucas/projects/advent-of-code-25/src/main/scala/Main.scala. Using presentation compiler with project's scala-library version: 3.3.6[0m
2025.12.06 13:56:41 INFO  no build target found for /home/lucas/projects/advent-of-code-25/src/main/scala/Main.scala. Using presentation compiler with project's scala-library version: 3.3.6[0m
2025.12.06 13:56:42 INFO  no build target found for /home/lucas/projects/advent-of-code-25/src/main/scala/Main.scala. Using presentation compiler with project's scala-library version: 3.3.6[0m
2025.12.06 13:56:41 INFO  no build target found for /home/lucas/projects/advent-of-code-25/src/main/scala/Main.scala. Using presentation compiler with project's scala-library version: 3.3.6[0m
2025.12.06 13:56:41 INFO  no build target found for /home/lucas/projects/advent-of-code-25/src/main/scala/Main.scala. Using presentation compiler with project's scala-library version: 3.3.6[0m
2025.12.06 13:56:41 INFO  no build target found for /home/lucas/projects/advent-of-code-25/src/main/scala/Main.scala. Using presentation compiler with project's scala-library version: 3.3.6[0m
2025.12.06 13:56:42 INFO  no build target found for /home/lucas/projects/advent-of-code-25/src/main/scala/Main.scala. Using presentation compiler with project's scala-library version: 3.3.6[0m
2025.12.06 13:56:42 INFO  no build target found for /home/lucas/projects/advent-of-code-25/src/main/scala/Main.scala. Using presentation compiler with project's scala-library version: 3.3.6[0m
2025.12.06 13:56:42 INFO  no build target found for /home/lucas/projects/advent-of-code-25/src/main/scala/Main.scala. Using presentation compiler with project's scala-library version: 3.3.6[0m
2025.12.06 13:56:42 INFO  no build target found for /home/lucas/projects/advent-of-code-25/src/main/scala/Main.scala. Using presentation compiler with project's scala-library version: 3.3.6[0m
2025.12.06 13:56:42 INFO  no build target found for /home/lucas/projects/advent-of-code-25/src/main/scala/Main.scala. Using presentation compiler with project's scala-library version: 3.3.6[0m
2025.12.06 13:56:42 INFO  no build target found for /home/lucas/projects/advent-of-code-25/src/main/scala/Main.scala. Using presentation compiler with project's scala-library version: 3.3.6[0m
2025.12.06 13:56:44 INFO  no build target found for /home/lucas/projects/advent-of-code-25/src/main/scala/Main.scala. Using presentation compiler with project's scala-library version: 3.3.6[0m
2025.12.06 13:56:44 INFO  no build target found for /home/lucas/projects/advent-of-code-25/src/main/scala/Main.scala. Using presentation compiler with project's scala-library version: 3.3.6[0m
2025.12.06 13:56:44 INFO  no build target found for /home/lucas/projects/advent-of-code-25/src/main/scala/Main.scala. Using presentation compiler with project's scala-library version: 3.3.6[0m
2025.12.06 13:56:45 INFO  no build target found for /home/lucas/projects/advent-of-code-25/src/main/scala/Main.scala. Using presentation compiler with project's scala-library version: 3.3.6[0m
2025.12.06 13:56:45 INFO  no build target found for /home/lucas/projects/advent-of-code-25/src/main/scala/Main.scala. Using presentation compiler with project's scala-library version: 3.3.6[0m
2025.12.06 13:56:46 INFO  no build target found for /home/lucas/projects/advent-of-code-25/src/main/scala/Main.scala. Using presentation compiler with project's scala-library version: 3.3.6[0m
2025.12.06 13:56:46 INFO  no build target found for /home/lucas/projects/advent-of-code-25/src/main/scala/Main.scala. Using presentation compiler with project's scala-library version: 3.3.6[0m
2025.12.06 13:56:45 INFO  no build target found for /home/lucas/projects/advent-of-code-25/src/main/scala/Main.scala. Using presentation compiler with project's scala-library version: 3.3.6[0m
2025.12.06 13:56:47 INFO  no build target found for /home/lucas/projects/advent-of-code-25/src/main/scala/Main.scala. Using presentation compiler with project's scala-library version: 3.3.6[0m
2025.12.06 13:56:47 INFO  no build target found for /home/lucas/projects/advent-of-code-25/src/main/scala/Main.scala. Using presentation compiler with project's scala-library version: 3.3.6[0m
2025.12.06 13:56:47 INFO  no build target found for /home/lucas/projects/advent-of-code-25/src/main/scala/Main.scala. Using presentation compiler with project's scala-library version: 3.3.6[0m
2025.12.06 13:56:47 INFO  no build target found for /home/lucas/projects/advent-of-code-25/src/main/scala/Main.scala. Using presentation compiler with project's scala-library version: 3.3.6[0m
2025.12.06 13:56:47 INFO  no build target found for /home/lucas/projects/advent-of-code-25/src/main/scala/Main.scala. Using presentation compiler with project's scala-library version: 3.3.6[0m
2025.12.06 13:56:47 INFO  no build target found for /home/lucas/projects/advent-of-code-25/src/main/scala/Main.scala. Using presentation compiler with project's scala-library version: 3.3.6[0m
2025.12.06 13:56:47 INFO  no build target found for /home/lucas/projects/advent-of-code-25/src/main/scala/Main.scala. Using presentation compiler with project's scala-library version: 3.3.6[0m
2025.12.06 13:56:47 INFO  no build target found for /home/lucas/projects/advent-of-code-25/src/main/scala/Main.scala. Using presentation compiler with project's scala-library version: 3.3.6[0m
2025.12.06 13:56:47 INFO  no build target found for /home/lucas/projects/advent-of-code-25/src/main/scala/Main.scala. Using presentation compiler with project's scala-library version: 3.3.6[0m
2025.12.06 13:56:48 INFO  no build target found for /home/lucas/projects/advent-of-code-25/src/main/scala/Main.scala. Using presentation compiler with project's scala-library version: 3.3.6[0m
2025.12.06 13:56:54 INFO  no build target found for /home/lucas/projects/advent-of-code-25/src/main/scala/Main.scala. Using presentation compiler with project's scala-library version: 3.3.6[0m
2025.12.06 13:56:54 INFO  no build target found for /home/lucas/projects/advent-of-code-25/src/main/scala/Main.scala. Using presentation compiler with project's scala-library version: 3.3.6[0m
2025.12.06 13:56:54 INFO  no build target found for /home/lucas/projects/advent-of-code-25/src/main/scala/Main.scala. Using presentation compiler with project's scala-library version: 3.3.6[0m
2025.12.06 13:56:54 INFO  no build target found for /home/lucas/projects/advent-of-code-25/src/main/scala/Main.scala. Using presentation compiler with project's scala-library version: 3.3.6[0m
2025.12.06 13:56:54 INFO  no build target found for /home/lucas/projects/advent-of-code-25/src/main/scala/Main.scala. Using presentation compiler with project's scala-library version: 3.3.6[0m
2025.12.06 13:56:54 INFO  no build target found for /home/lucas/projects/advent-of-code-25/src/main/scala/Main.scala. Using presentation compiler with project's scala-library version: 3.3.6[0m
2025.12.06 13:56:54 INFO  no build target found for /home/lucas/projects/advent-of-code-25/src/main/scala/Main.scala. Using presentation compiler with project's scala-library version: 3.3.6[0m
2025.12.06 13:56:54 INFO  no build target found for /home/lucas/projects/advent-of-code-25/src/main/scala/Main.scala. Using presentation compiler with project's scala-library version: 3.3.6[0m
2025.12.06 13:56:54 INFO  no build target found for /home/lucas/projects/advent-of-code-25/src/main/scala/Main.scala. Using presentation compiler with project's scala-library version: 3.3.6[0m
2025.12.06 13:56:58 INFO  no build target found for /home/lucas/projects/advent-of-code-25/src/main/scala/Main.scala. Using presentation compiler with project's scala-library version: 3.3.6[0m
2025.12.06 13:56:58 INFO  no build target found for /home/lucas/projects/advent-of-code-25/src/main/scala/Main.scala. Using presentation compiler with project's scala-library version: 3.3.6[0m
2025.12.06 13:56:58 INFO  no build target found for /home/lucas/projects/advent-of-code-25/src/main/scala/Main.scala. Using presentation compiler with project's scala-library version: 3.3.6[0m
2025.12.06 13:56:58 INFO  no build target found for /home/lucas/projects/advent-of-code-25/src/main/scala/Main.scala. Using presentation compiler with project's scala-library version: 3.3.6[0m
2025.12.06 13:56:58 INFO  no build target found for /home/lucas/projects/advent-of-code-25/src/main/scala/Main.scala. Using presentation compiler with project's scala-library version: 3.3.6[0m
2025.12.06 13:56:58 INFO  no build target found for /home/lucas/projects/advent-of-code-25/src/main/scala/Main.scala. Using presentation compiler with project's scala-library version: 3.3.6[0m
2025.12.06 13:57:01 INFO  no build target found for /home/lucas/projects/advent-of-code-25/src/main/scala/Main.scala. Using presentation compiler with project's scala-library version: 3.3.6[0m
2025.12.06 13:57:01 INFO  no build target found for /home/lucas/projects/advent-of-code-25/src/main/scala/Main.scala. Using presentation compiler with project's scala-library version: 3.3.6[0m
2025.12.06 13:57:01 INFO  no build target found for /home/lucas/projects/advent-of-code-25/src/main/scala/Main.scala. Using presentation compiler with project's scala-library version: 3.3.6[0m
2025.12.06 13:57:01 INFO  no build target found for /home/lucas/projects/advent-of-code-25/src/main/scala/Main.scala. Using presentation compiler with project's scala-library version: 3.3.6[0m
2025.12.06 13:57:01 INFO  no build target found for /home/lucas/projects/advent-of-code-25/src/main/scala/Main.scala. Using presentation compiler with project's scala-library version: 3.3.6[0m
2025.12.06 13:57:01 INFO  no build target found for /home/lucas/projects/advent-of-code-25/src/main/scala/Main.scala. Using presentation compiler with project's scala-library version: 3.3.6[0m
2025.12.06 13:57:01 INFO  no build target found for /home/lucas/projects/advent-of-code-25/src/main/scala/Main.scala. Using presentation compiler with project's scala-library version: 3.3.6[0m
2025.12.06 13:57:02 INFO  no build target found for /home/lucas/projects/advent-of-code-25/src/main/scala/Main.scala. Using presentation compiler with project's scala-library version: 3.3.6[0m
2025.12.06 13:57:02 INFO  no build target found for /home/lucas/projects/advent-of-code-25/src/main/scala/Main.scala. Using presentation compiler with project's scala-library version: 3.3.6[0m
2025.12.06 13:57:03 INFO  no build target found for /home/lucas/projects/advent-of-code-25/src/main/scala/Main.scala. Using presentation compiler with project's scala-library version: 3.3.6[0m
2025.12.06 13:57:03 INFO  no build target found for /home/lucas/projects/advent-of-code-25/src/main/scala/Main.scala. Using presentation compiler with project's scala-library version: 3.3.6[0m
2025.12.06 13:57:07 INFO  no build target found for /home/lucas/projects/advent-of-code-25/src/main/scala/Main.scala. Using presentation compiler with project's scala-library version: 3.3.6[0m
2025.12.06 13:57:07 INFO  no build target found for /home/lucas/projects/advent-of-code-25/src/main/scala/Main.scala. Using presentation compiler with project's scala-library version: 3.3.6[0m
2025.12.06 13:57:07 INFO  no build target found for /home/lucas/projects/advent-of-code-25/src/main/scala/Main.scala. Using presentation compiler with project's scala-library version: 3.3.6[0m
2025.12.06 13:57:07 INFO  no build target found for /home/lucas/projects/advent-of-code-25/src/main/scala/Main.scala. Using presentation compiler with project's scala-library version: 3.3.6[0m
2025.12.06 13:57:07 INFO  no build target found for /home/lucas/projects/advent-of-code-25/src/main/scala/Main.scala. Using presentation compiler with project's scala-library version: 3.3.6[0m
2025.12.06 13:57:07 INFO  no build target found for /home/lucas/projects/advent-of-code-25/src/main/scala/Main.scala. Using presentation compiler with project's scala-library version: 3.3.6[0m
2025.12.06 13:57:10 INFO  no build target found for /home/lucas/projects/advent-of-code-25/src/main/scala/Main.scala. Using presentation compiler with project's scala-library version: 3.3.6[0m
2025.12.06 13:57:10 INFO  no build target found for /home/lucas/projects/advent-of-code-25/src/main/scala/Main.scala. Using presentation compiler with project's scala-library version: 3.3.6[0m
2025.12.06 13:57:10 INFO  no build target found for /home/lucas/projects/advent-of-code-25/src/main/scala/Main.scala. Using presentation compiler with project's scala-library version: 3.3.6[0m
2025.12.06 13:57:10 INFO  no build target found for /home/lucas/projects/advent-of-code-25/src/main/scala/Main.scala. Using presentation compiler with project's scala-library version: 3.3.6[0m
2025.12.06 13:57:10 INFO  no build target found for /home/lucas/projects/advent-of-code-25/src/main/scala/Main.scala. Using presentation compiler with project's scala-library version: 3.3.6[0m
2025.12.06 13:57:11 INFO  no build target found for /home/lucas/projects/advent-of-code-25/src/main/scala/Main.scala. Using presentation compiler with project's scala-library version: 3.3.6[0m
2025.12.06 13:57:11 INFO  no build target found for /home/lucas/projects/advent-of-code-25/src/main/scala/Main.scala. Using presentation compiler with project's scala-library version: 3.3.6[0m
2025.12.06 13:57:17 INFO  no build target found for /home/lucas/projects/advent-of-code-25/src/main/scala/Main.scala. Using presentation compiler with project's scala-library version: 3.3.6[0m
2025.12.06 13:57:17 INFO  no build target found for /home/lucas/projects/advent-of-code-25/src/main/scala/Main.scala. Using presentation compiler with project's scala-library version: 3.3.6[0m
2025.12.06 13:57:17 INFO  no build target found for /home/lucas/projects/advent-of-code-25/src/main/scala/Main.scala. Using presentation compiler with project's scala-library version: 3.3.6[0m
2025.12.06 13:57:17 INFO  no build target found for /home/lucas/projects/advent-of-code-25/src/main/scala/Main.scala. Using presentation compiler with project's scala-library version: 3.3.6[0m
2025.12.06 13:57:17 INFO  no build target found for /home/lucas/projects/advent-of-code-25/src/main/scala/Main.scala. Using presentation compiler with project's scala-library version: 3.3.6[0m
2025.12.06 13:57:17 INFO  no build target found for /home/lucas/projects/advent-of-code-25/src/main/scala/Main.scala. Using presentation compiler with project's scala-library version: 3.3.6[0m
2025.12.06 13:57:17 INFO  no build target found for /home/lucas/projects/advent-of-code-25/src/main/scala/Main.scala. Using presentation compiler with project's scala-library version: 3.3.6[0m
2025.12.06 13:57:19 INFO  no build target found for /home/lucas/projects/advent-of-code-25/src/main/scala/Main.scala. Using presentation compiler with project's scala-library version: 3.3.6[0m
2025.12.06 13:57:19 INFO  no build target found for /home/lucas/projects/advent-of-code-25/src/main/scala/Main.scala. Using presentation compiler with project's scala-library version: 3.3.6[0m
2025.12.06 13:57:19 INFO  no build target found for /home/lucas/projects/advent-of-code-25/src/main/scala/Main.scala. Using presentation compiler with project's scala-library version: 3.3.6[0m
2025.12.06 13:57:19 INFO  no build target found for /home/lucas/projects/advent-of-code-25/src/main/scala/Main.scala. Using presentation compiler with project's scala-library version: 3.3.6[0m
2025.12.06 13:57:20 INFO  no build target found for /home/lucas/projects/advent-of-code-25/src/main/scala/Main.scala. Using presentation compiler with project's scala-library version: 3.3.6[0m
2025.12.06 13:57:19 INFO  no build target found for /home/lucas/projects/advent-of-code-25/src/main/scala/Main.scala. Using presentation compiler with project's scala-library version: 3.3.6[0m
2025.12.06 13:57:19 INFO  no build target found for /home/lucas/projects/advent-of-code-25/src/main/scala/Main.scala. Using presentation compiler with project's scala-library version: 3.3.6[0m
2025.12.06 13:57:20 INFO  no build target found for /home/lucas/projects/advent-of-code-25/src/main/scala/Main.scala. Using presentation compiler with project's scala-library version: 3.3.6[0m
2025.12.06 13:57:20 INFO  no build target found for /home/lucas/projects/advent-of-code-25/src/main/scala/Main.scala. Using presentation compiler with project's scala-library version: 3.3.6[0m
2025.12.06 13:57:19 INFO  no build target found for /home/lucas/projects/advent-of-code-25/src/main/scala/Main.scala. Using presentation compiler with project's scala-library version: 3.3.6[0m
2025.12.06 13:57:23 INFO  no build target found for /home/lucas/projects/advent-of-code-25/src/main/scala/Main.scala. Using presentation compiler with project's scala-library version: 3.3.6[0m
2025.12.06 13:57:23 INFO  no build target found for /home/lucas/projects/advent-of-code-25/src/main/scala/Main.scala. Using presentation compiler with project's scala-library version: 3.3.6[0m
2025.12.06 13:57:23 INFO  no build target found for /home/lucas/projects/advent-of-code-25/src/main/scala/Main.scala. Using presentation compiler with project's scala-library version: 3.3.6[0m
2025.12.06 13:57:23 INFO  no build target found for /home/lucas/projects/advent-of-code-25/src/main/scala/Main.scala. Using presentation compiler with project's scala-library version: 3.3.6[0m
2025.12.06 13:57:23 INFO  no build target found for /home/lucas/projects/advent-of-code-25/src/main/scala/Main.scala. Using presentation compiler with project's scala-library version: 3.3.6[0m
2025.12.06 13:57:23 INFO  no build target found for /home/lucas/projects/advent-of-code-25/src/main/scala/Main.scala. Using presentation compiler with project's scala-library version: 3.3.6[0m
2025.12.06 13:57:23 INFO  no build target found for /home/lucas/projects/advent-of-code-25/src/main/scala/Main.scala. Using presentation compiler with project's scala-library version: 3.3.6[0m
2025.12.06 13:57:24 INFO  no build target found for /home/lucas/projects/advent-of-code-25/src/main/scala/Main.scala. Using presentation compiler with project's scala-library version: 3.3.6[0m
2025.12.06 13:57:23 INFO  no build target found for /home/lucas/projects/advent-of-code-25/src/main/scala/Main.scala. Using presentation compiler with project's scala-library version: 3.3.6[0m
2025.12.06 13:57:23 INFO  no build target found for /home/lucas/projects/advent-of-code-25/src/main/scala/Main.scala. Using presentation compiler with project's scala-library version: 3.3.6[0m
2025.12.06 13:57:24 INFO  no build target found for /home/lucas/projects/advent-of-code-25/src/main/scala/Main.scala. Using presentation compiler with project's scala-library version: 3.3.6[0m
2025.12.06 13:57:24 INFO  no build target found for /home/lucas/projects/advent-of-code-25/src/main/scala/Main.scala. Using presentation compiler with project's scala-library version: 3.3.6[0m
2025.12.06 13:57:24 INFO  no build target found for /home/lucas/projects/advent-of-code-25/src/main/scala/Main.scala. Using presentation compiler with project's scala-library version: 3.3.6[0m
2025.12.06 13:57:24 INFO  no build target found for /home/lucas/projects/advent-of-code-25/src/main/scala/Main.scala. Using presentation compiler with project's scala-library version: 3.3.6[0m
2025.12.06 13:57:24 INFO  no build target found for /home/lucas/projects/advent-of-code-25/src/main/scala/Main.scala. Using presentation compiler with project's scala-library version: 3.3.6[0m
2025.12.06 13:57:25 INFO  no build target found for /home/lucas/projects/advent-of-code-25/src/main/scala/Main.scala. Using presentation compiler with project's scala-library version: 3.3.6[0m
2025.12.06 13:57:25 INFO  no build target found for /home/lucas/projects/advent-of-code-25/src/main/scala/Main.scala. Using presentation compiler with project's scala-library version: 3.3.6[0m
2025.12.06 13:57:24 INFO  no build target found for /home/lucas/projects/advent-of-code-25/src/main/scala/Main.scala. Using presentation compiler with project's scala-library version: 3.3.6[0m
2025.12.06 13:57:27 INFO  no build target found for /home/lucas/projects/advent-of-code-25/src/main/scala/Main.scala. Using presentation compiler with project's scala-library version: 3.3.6[0m
2025.12.06 13:57:27 INFO  no build target found for /home/lucas/projects/advent-of-code-25/src/main/scala/Main.scala. Using presentation compiler with project's scala-library version: 3.3.6[0m
2025.12.06 13:57:27 INFO  no build target found for /home/lucas/projects/advent-of-code-25/src/main/scala/Main.scala. Using presentation compiler with project's scala-library version: 3.3.6[0m
2025.12.06 13:57:27 INFO  no build target found for /home/lucas/projects/advent-of-code-25/src/main/scala/Main.scala. Using presentation compiler with project's scala-library version: 3.3.6[0m
2025.12.06 13:57:27 INFO  no build target found for /home/lucas/projects/advent-of-code-25/src/main/scala/Main.scala. Using presentation compiler with project's scala-library version: 3.3.6[0m
2025.12.06 13:57:27 INFO  no build target found for /home/lucas/projects/advent-of-code-25/src/main/scala/Main.scala. Using presentation compiler with project's scala-library version: 3.3.6[0m
2025.12.06 13:57:27 INFO  no build target found for /home/lucas/projects/advent-of-code-25/src/main/scala/Main.scala. Using presentation compiler with project's scala-library version: 3.3.6[0m
2025.12.06 13:57:27 INFO  no build target found for /home/lucas/projects/advent-of-code-25/src/main/scala/Main.scala. Using presentation compiler with project's scala-library version: 3.3.6[0m
2025.12.06 13:57:27 INFO  no build target found for /home/lucas/projects/advent-of-code-25/src/main/scala/Main.scala. Using presentation compiler with project's scala-library version: 3.3.6[0m
2025.12.06 13:57:27 INFO  no build target found for /home/lucas/projects/advent-of-code-25/src/main/scala/Main.scala. Using presentation compiler with project's scala-library version: 3.3.6[0m
2025.12.06 13:57:27 INFO  no build target found for /home/lucas/projects/advent-of-code-25/src/main/scala/Main.scala. Using presentation compiler with project's scala-library version: 3.3.6[0m
2025.12.06 13:57:27 INFO  no build target found for /home/lucas/projects/advent-of-code-25/src/main/scala/Main.scala. Using presentation compiler with project's scala-library version: 3.3.6[0m
2025.12.06 13:57:28 INFO  no build target found for /home/lucas/projects/advent-of-code-25/src/main/scala/Main.scala. Using presentation compiler with project's scala-library version: 3.3.6[0m
2025.12.06 13:57:28 INFO  no build target found for /home/lucas/projects/advent-of-code-25/src/main/scala/Main.scala. Using presentation compiler with project's scala-library version: 3.3.6[0m
2025.12.06 13:57:28 INFO  no build target found for /home/lucas/projects/advent-of-code-25/src/main/scala/Main.scala. Using presentation compiler with project's scala-library version: 3.3.6[0m
2025.12.06 13:57:28 INFO  no build target found for /home/lucas/projects/advent-of-code-25/src/main/scala/Main.scala. Using presentation compiler with project's scala-library version: 3.3.6[0m
2025.12.06 13:57:28 INFO  no build target found for /home/lucas/projects/advent-of-code-25/src/main/scala/Main.scala. Using presentation compiler with project's scala-library version: 3.3.6[0m
2025.12.06 13:57:28 INFO  no build target found for /home/lucas/projects/advent-of-code-25/src/main/scala/Main.scala. Using presentation compiler with project's scala-library version: 3.3.6[0m
2025.12.06 13:57:28 INFO  no build target found for /home/lucas/projects/advent-of-code-25/src/main/scala/Main.scala. Using presentation compiler with project's scala-library version: 3.3.6[0m
2025.12.06 13:57:28 INFO  no build target found for /home/lucas/projects/advent-of-code-25/src/main/scala/Main.scala. Using presentation compiler with project's scala-library version: 3.3.6[0m
2025.12.06 13:57:28 INFO  no build target found for /home/lucas/projects/advent-of-code-25/src/main/scala/Main.scala. Using presentation compiler with project's scala-library version: 3.3.6[0m
2025.12.06 13:57:29 INFO  no build target found for /home/lucas/projects/advent-of-code-25/src/main/scala/Main.scala. Using presentation compiler with project's scala-library version: 3.3.6[0m
2025.12.06 13:57:28 INFO  no build target found for /home/lucas/projects/advent-of-code-25/src/main/scala/Main.scala. Using presentation compiler with project's scala-library version: 3.3.6[0m
2025.12.06 13:57:28 INFO  no build target found for /home/lucas/projects/advent-of-code-25/src/main/scala/Main.scala. Using presentation compiler with project's scala-library version: 3.3.6[0m
2025.12.06 13:57:28 INFO  no build target found for /home/lucas/projects/advent-of-code-25/src/main/scala/Main.scala. Using presentation compiler with project's scala-library version: 3.3.6[0m
2025.12.06 13:57:29 INFO  no build target found for /home/lucas/projects/advent-of-code-25/src/main/scala/Main.scala. Using presentation compiler with project's scala-library version: 3.3.6[0m
2025.12.06 13:57:28 INFO  no build target found for /home/lucas/projects/advent-of-code-25/src/main/scala/Main.scala. Using presentation compiler with project's scala-library version: 3.3.6[0m
2025.12.06 13:57:29 INFO  no build target found for /home/lucas/projects/advent-of-code-25/src/main/scala/Main.scala. Using presentation compiler with project's scala-library version: 3.3.6[0m
2025.12.06 13:57:29 INFO  no build target found for /home/lucas/projects/advent-of-code-25/src/main/scala/Main.scala. Using presentation compiler with project's scala-library version: 3.3.6[0m
2025.12.06 13:57:29 INFO  no build target found for /home/lucas/projects/advent-of-code-25/src/main/scala/Main.scala. Using presentation compiler with project's scala-library version: 3.3.6[0m
2025.12.06 13:57:29 INFO  no build target found for /home/lucas/projects/advent-of-code-25/src/main/scala/Main.scala. Using presentation compiler with project's scala-library version: 3.3.6[0m
2025.12.06 13:57:29 INFO  no build target found for /home/lucas/projects/advent-of-code-25/src/main/scala/Main.scala. Using presentation compiler with project's scala-library version: 3.3.6[0m
2025.12.06 13:57:29 INFO  no build target found for /home/lucas/projects/advent-of-code-25/src/main/scala/Main.scala. Using presentation compiler with project's scala-library version: 3.3.6[0m
2025.12.06 13:57:30 INFO  no build target found for /home/lucas/projects/advent-of-code-25/src/main/scala/Main.scala. Using presentation compiler with project's scala-library version: 3.3.6[0m
2025.12.06 13:57:29 INFO  no build target found for /home/lucas/projects/advent-of-code-25/src/main/scala/Main.scala. Using presentation compiler with project's scala-library version: 3.3.6[0m
2025.12.06 13:57:29 INFO  no build target found for /home/lucas/projects/advent-of-code-25/src/main/scala/Main.scala. Using presentation compiler with project's scala-library version: 3.3.6[0m
2025.12.06 13:57:29 INFO  no build target found for /home/lucas/projects/advent-of-code-25/src/main/scala/Main.scala. Using presentation compiler with project's scala-library version: 3.3.6[0m
2025.12.06 13:57:30 INFO  no build target found for /home/lucas/projects/advent-of-code-25/src/main/scala/Main.scala. Using presentation compiler with project's scala-library version: 3.3.6[0m
2025.12.06 13:57:30 INFO  no build target found for /home/lucas/projects/advent-of-code-25/src/main/scala/Main.scala. Using presentation compiler with project's scala-library version: 3.3.6[0m
2025.12.06 13:57:30 INFO  no build target found for /home/lucas/projects/advent-of-code-25/src/main/scala/Main.scala. Using presentation compiler with project's scala-library version: 3.3.6[0m
2025.12.06 13:57:30 INFO  no build target found for /home/lucas/projects/advent-of-code-25/src/main/scala/Main.scala. Using presentation compiler with project's scala-library version: 3.3.6[0m
2025.12.06 13:57:30 INFO  no build target found for /home/lucas/projects/advent-of-code-25/src/main/scala/Main.scala. Using presentation compiler with project's scala-library version: 3.3.6[0m
2025.12.06 13:57:30 INFO  no build target found for /home/lucas/projects/advent-of-code-25/src/main/scala/Main.scala. Using presentation compiler with project's scala-library version: 3.3.6[0m
2025.12.06 13:57:30 INFO  no build target found for /home/lucas/projects/advent-of-code-25/src/main/scala/Main.scala. Using presentation compiler with project's scala-library version: 3.3.6[0m
2025.12.06 13:57:30 INFO  no build target found for /home/lucas/projects/advent-of-code-25/src/main/scala/Main.scala. Using presentation compiler with project's scala-library version: 3.3.6[0m
2025.12.06 13:57:31 INFO  no build target found for /home/lucas/projects/advent-of-code-25/src/main/scala/Main.scala. Using presentation compiler with project's scala-library version: 3.3.6[0m
2025.12.06 13:57:30 INFO  no build target found for /home/lucas/projects/advent-of-code-25/src/main/scala/Main.scala. Using presentation compiler with project's scala-library version: 3.3.6[0m
2025.12.06 13:57:30 INFO  no build target found for /home/lucas/projects/advent-of-code-25/src/main/scala/Main.scala. Using presentation compiler with project's scala-library version: 3.3.6[0m
2025.12.06 13:57:31 INFO  no build target found for /home/lucas/projects/advent-of-code-25/src/main/scala/Main.scala. Using presentation compiler with project's scala-library version: 3.3.6[0m
2025.12.06 13:57:30 INFO  no build target found for /home/lucas/projects/advent-of-code-25/src/main/scala/Main.scala. Using presentation compiler with project's scala-library version: 3.3.6[0m
2025.12.06 13:57:31 INFO  no build target found for /home/lucas/projects/advent-of-code-25/src/main/scala/Main.scala. Using presentation compiler with project's scala-library version: 3.3.6[0m
2025.12.06 13:57:34 INFO  no build target found for /home/lucas/projects/advent-of-code-25/src/main/scala/Main.scala. Using presentation compiler with project's scala-library version: 3.3.6[0m
2025.12.06 13:57:35 INFO  no build target found for /home/lucas/projects/advent-of-code-25/src/main/scala/Main.scala. Using presentation compiler with project's scala-library version: 3.3.6[0m
2025.12.06 13:57:37 INFO  no build target found for /home/lucas/projects/advent-of-code-25/src/main/scala/Main.scala. Using presentation compiler with project's scala-library version: 3.3.6[0m
2025.12.06 13:57:37 INFO  no build target found for /home/lucas/projects/advent-of-code-25/src/main/scala/Main.scala. Using presentation compiler with project's scala-library version: 3.3.6[0m
2025.12.06 13:57:37 INFO  no build target found for /home/lucas/projects/advent-of-code-25/src/main/scala/Main.scala. Using presentation compiler with project's scala-library version: 3.3.6[0m
2025.12.06 13:57:39 INFO  no build target found for /home/lucas/projects/advent-of-code-25/src/main/scala/Main.scala. Using presentation compiler with project's scala-library version: 3.3.6[0m
2025.12.06 13:57:39 INFO  no build target found for /home/lucas/projects/advent-of-code-25/src/main/scala/Main.scala. Using presentation compiler with project's scala-library version: 3.3.6[0m
2025.12.06 13:57:39 INFO  no build target found for /home/lucas/projects/advent-of-code-25/src/main/scala/Main.scala. Using presentation compiler with project's scala-library version: 3.3.6[0m
2025.12.06 13:57:39 INFO  no build target found for /home/lucas/projects/advent-of-code-25/src/main/scala/Main.scala. Using presentation compiler with project's scala-library version: 3.3.6[0m
2025.12.06 13:57:39 INFO  Created report: Optional[file:///home/lucas/projects/advent-of-code-25/src/main/scala/Main.scala][0m
2025.12.06 13:57:39 INFO  empty definition using pc, found symbol in pc: java/lang/String# (full report at: "/home/lucas/projects/advent-of-code-25/.metals/.reports/metals-full/2025-12-06/r_empty-definition_13-57-39-829.md")[0m
2025.12.06 13:57:40 INFO  no build target found for /home/lucas/projects/advent-of-code-25/src/main/scala/Main.scala. Using presentation compiler with project's scala-library version: 3.3.6[0m
2025.12.06 13:57:40 INFO  no build target found for /home/lucas/projects/advent-of-code-25/src/main/scala/Main.scala. Using presentation compiler with project's scala-library version: 3.3.6[0m
2025.12.06 13:57:40 INFO  no build target found for /home/lucas/projects/advent-of-code-25/src/main/scala/Main.scala. Using presentation compiler with project's scala-library version: 3.3.6[0m
2025.12.06 13:57:40 INFO  no build target found for /home/lucas/projects/advent-of-code-25/src/main/scala/Main.scala. Using presentation compiler with project's scala-library version: 3.3.6[0m
2025.12.06 13:57:40 INFO  no build target found for /home/lucas/projects/advent-of-code-25/src/main/scala/Main.scala. Using presentation compiler with project's scala-library version: 3.3.6[0m
2025.12.06 13:57:40 INFO  no build target found for /home/lucas/projects/advent-of-code-25/src/main/scala/Main.scala. Using presentation compiler with project's scala-library version: 3.3.6[0m
2025.12.06 13:57:40 INFO  no build target found for /home/lucas/projects/advent-of-code-25/src/main/scala/Main.scala. Using presentation compiler with project's scala-library version: 3.3.6[0m
2025.12.06 13:57:40 INFO  no build target found for /home/lucas/projects/advent-of-code-25/src/main/scala/Main.scala. Using presentation compiler with project's scala-library version: 3.3.6[0m
2025.12.06 13:57:40 INFO  no build target found for /home/lucas/projects/advent-of-code-25/src/main/scala/Main.scala. Using presentation compiler with project's scala-library version: 3.3.6[0m
2025.12.06 13:57:41 INFO  Created report: Optional[file:///home/lucas/projects/advent-of-code-25/src/main/scala/Main.scala][0m
2025.12.06 13:57:41 INFO  empty definition using pc, found symbol in pc: java/lang/String#charAt(). (full report at: "/home/lucas/projects/advent-of-code-25/.metals/.reports/metals-full/2025-12-06/r_empty-definition_13-57-41-012.md")[0m
2025.12.06 13:57:41 INFO  no build target found for /home/lucas/projects/advent-of-code-25/src/main/scala/Main.scala. Using presentation compiler with project's scala-library version: 3.3.6[0m
2025.12.06 13:57:41 INFO  no build target found for /home/lucas/projects/advent-of-code-25/src/main/scala/Main.scala. Using presentation compiler with project's scala-library version: 3.3.6[0m
2025.12.06 13:57:41 INFO  no build target found for /home/lucas/projects/advent-of-code-25/src/main/scala/Main.scala. Using presentation compiler with project's scala-library version: 3.3.6[0m
2025.12.06 13:57:42 INFO  no build target found for /home/lucas/projects/advent-of-code-25/src/main/scala/Main.scala. Using presentation compiler with project's scala-library version: 3.3.6[0m
2025.12.06 13:57:42 INFO  no build target found for /home/lucas/projects/advent-of-code-25/src/main/scala/Main.scala. Using presentation compiler with project's scala-library version: 3.3.6[0m
2025.12.06 13:57:42 INFO  no build target found for /home/lucas/projects/advent-of-code-25/src/main/scala/Main.scala. Using presentation compiler with project's scala-library version: 3.3.6[0m
2025.12.06 13:57:42 INFO  no build target found for /home/lucas/projects/advent-of-code-25/src/main/scala/Main.scala. Using presentation compiler with project's scala-library version: 3.3.6[0m
2025.12.06 13:57:46 INFO  no build target found for /home/lucas/projects/advent-of-code-25/src/main/scala/Main.scala. Using presentation compiler with project's scala-library version: 3.3.6[0m
2025.12.06 13:57:46 INFO  no build target found for /home/lucas/projects/advent-of-code-25/src/main/scala/Main.scala. Using presentation compiler with project's scala-library version: 3.3.6[0m
2025.12.06 13:57:47 INFO  no build target found for /home/lucas/projects/advent-of-code-25/src/main/scala/Main.scala. Using presentation compiler with project's scala-library version: 3.3.6[0m
2025.12.06 13:57:47 INFO  no build target found for /home/lucas/projects/advent-of-code-25/src/main/scala/Main.scala. Using presentation compiler with project's scala-library version: 3.3.6[0m
2025.12.06 13:57:46 INFO  no build target found for /home/lucas/projects/advent-of-code-25/src/main/scala/Main.scala. Using presentation compiler with project's scala-library version: 3.3.6[0m
2025.12.06 13:57:46 INFO  no build target found for /home/lucas/projects/advent-of-code-25/src/main/scala/Main.scala. Using presentation compiler with project's scala-library version: 3.3.6[0m
2025.12.06 13:57:47 INFO  no build target found for /home/lucas/projects/advent-of-code-25/src/main/scala/Main.scala. Using presentation compiler with project's scala-library version: 3.3.6[0m
2025.12.06 13:57:48 INFO  no build target found for /home/lucas/projects/advent-of-code-25/src/main/scala/Main.scala. Using presentation compiler with project's scala-library version: 3.3.6[0m
2025.12.06 13:57:48 INFO  no build target found for /home/lucas/projects/advent-of-code-25/src/main/scala/Main.scala. Using presentation compiler with project's scala-library version: 3.3.6[0m
2025.12.06 13:57:49 INFO  no build target found for /home/lucas/projects/advent-of-code-25/src/main/scala/Main.scala. Using presentation compiler with project's scala-library version: 3.3.6[0m
2025.12.06 13:57:50 INFO  no build target found for /home/lucas/projects/advent-of-code-25/src/main/scala/Main.scala. Using presentation compiler with project's scala-library version: 3.3.6[0m
2025.12.06 13:57:50 INFO  no build target found for /home/lucas/projects/advent-of-code-25/src/main/scala/Main.scala. Using presentation compiler with project's scala-library version: 3.3.6[0m
2025.12.06 13:57:49 INFO  no build target found for /home/lucas/projects/advent-of-code-25/src/main/scala/Main.scala. Using presentation compiler with project's scala-library version: 3.3.6[0m
2025.12.06 13:57:52 INFO  no build target found for /home/lucas/projects/advent-of-code-25/src/main/scala/Main.scala. Using presentation compiler with project's scala-library version: 3.3.6[0m
2025.12.06 13:57:52 INFO  no build target found for /home/lucas/projects/advent-of-code-25/src/main/scala/Main.scala. Using presentation compiler with project's scala-library version: 3.3.6[0m
2025.12.06 13:57:53 INFO  no build target found for /home/lucas/projects/advent-of-code-25/src/main/scala/Main.scala. Using presentation compiler with project's scala-library version: 3.3.6[0m
2025.12.06 13:57:52 INFO  no build target found for /home/lucas/projects/advent-of-code-25/src/main/scala/Main.scala. Using presentation compiler with project's scala-library version: 3.3.6[0m
2025.12.06 13:57:58 INFO  no build target found for /home/lucas/projects/advent-of-code-25/src/main/scala/Main.scala. Using presentation compiler with project's scala-library version: 3.3.6[0m
2025.12.06 13:57:58 INFO  no build target found for /home/lucas/projects/advent-of-code-25/src/main/scala/Main.scala. Using presentation compiler with project's scala-library version: 3.3.6[0m
2025.12.06 13:57:58 INFO  no build target found for /home/lucas/projects/advent-of-code-25/src/main/scala/Main.scala. Using presentation compiler with project's scala-library version: 3.3.6[0m
2025.12.06 13:57:58 INFO  no build target found for /home/lucas/projects/advent-of-code-25/src/main/scala/Main.scala. Using presentation compiler with project's scala-library version: 3.3.6[0m
2025.12.06 13:57:58 INFO  no build target found for /home/lucas/projects/advent-of-code-25/src/main/scala/Main.scala. Using presentation compiler with project's scala-library version: 3.3.6[0m
2025.12.06 13:58:05 INFO  no build target found for /home/lucas/projects/advent-of-code-25/src/main/scala/Main.scala. Using presentation compiler with project's scala-library version: 3.3.6[0m
2025.12.06 13:58:05 INFO  no build target found for /home/lucas/projects/advent-of-code-25/src/main/scala/Main.scala. Using presentation compiler with project's scala-library version: 3.3.6[0m
2025.12.06 13:58:05 INFO  no build target found for /home/lucas/projects/advent-of-code-25/src/main/scala/Main.scala. Using presentation compiler with project's scala-library version: 3.3.6[0m
2025.12.06 13:58:05 INFO  no build target found for /home/lucas/projects/advent-of-code-25/src/main/scala/Main.scala. Using presentation compiler with project's scala-library version: 3.3.6[0m
2025.12.06 13:58:06 INFO  no build target found for /home/lucas/projects/advent-of-code-25/src/main/scala/Main.scala. Using presentation compiler with project's scala-library version: 3.3.6[0m
2025.12.06 13:58:06 INFO  no build target found for /home/lucas/projects/advent-of-code-25/src/main/scala/Main.scala. Using presentation compiler with project's scala-library version: 3.3.6[0m
2025.12.06 13:58:08 INFO  no build target found for /home/lucas/projects/advent-of-code-25/src/main/scala/Main.scala. Using presentation compiler with project's scala-library version: 3.3.6[0m
2025.12.06 13:58:08 INFO  no build target found for /home/lucas/projects/advent-of-code-25/src/main/scala/Main.scala. Using presentation compiler with project's scala-library version: 3.3.6[0m
2025.12.06 13:58:08 INFO  no build target found for /home/lucas/projects/advent-of-code-25/src/main/scala/Main.scala. Using presentation compiler with project's scala-library version: 3.3.6[0m
2025.12.06 13:58:08 INFO  no build target found for /home/lucas/projects/advent-of-code-25/src/main/scala/Main.scala. Using presentation compiler with project's scala-library version: 3.3.6[0m
2025.12.06 13:59:13 INFO  no build target found for /home/lucas/projects/advent-of-code-25/src/main/scala/Main.scala. Using presentation compiler with project's scala-library version: 3.3.6[0m
2025.12.06 13:59:13 INFO  no build target found for /home/lucas/projects/advent-of-code-25/src/main/scala/Main.scala. Using presentation compiler with project's scala-library version: 3.3.6[0m
2025.12.06 13:59:13 INFO  no build target found for /home/lucas/projects/advent-of-code-25/src/main/scala/Main.scala. Using presentation compiler with project's scala-library version: 3.3.6[0m
2025.12.06 13:59:20 INFO  no build target found for /home/lucas/projects/advent-of-code-25/src/main/scala/Main.scala. Using presentation compiler with project's scala-library version: 3.3.6[0m
2025.12.06 13:59:20 INFO  no build target found for /home/lucas/projects/advent-of-code-25/src/main/scala/Main.scala. Using presentation compiler with project's scala-library version: 3.3.6[0m
2025.12.06 13:59:20 INFO  no build target found for /home/lucas/projects/advent-of-code-25/src/main/scala/Main.scala. Using presentation compiler with project's scala-library version: 3.3.6[0m
2025.12.06 13:59:22 INFO  no build target found for /home/lucas/projects/advent-of-code-25/src/main/scala/Main.scala. Using presentation compiler with project's scala-library version: 3.3.6[0m
2025.12.06 13:59:22 INFO  no build target found for /home/lucas/projects/advent-of-code-25/src/main/scala/Main.scala. Using presentation compiler with project's scala-library version: 3.3.6[0m
2025.12.06 13:59:22 INFO  no build target found for /home/lucas/projects/advent-of-code-25/src/main/scala/Main.scala. Using presentation compiler with project's scala-library version: 3.3.6[0m
2025.12.06 13:59:23 INFO  no build target found for /home/lucas/projects/advent-of-code-25/src/main/scala/Main.scala. Using presentation compiler with project's scala-library version: 3.3.6[0m
2025.12.06 13:59:23 INFO  no build target found for /home/lucas/projects/advent-of-code-25/src/main/scala/Main.scala. Using presentation compiler with project's scala-library version: 3.3.6[0m
2025.12.06 13:59:24 INFO  no build target found for /home/lucas/projects/advent-of-code-25/src/main/scala/Main.scala. Using presentation compiler with project's scala-library version: 3.3.6[0m
2025.12.06 13:59:24 INFO  no build target found for /home/lucas/projects/advent-of-code-25/src/main/scala/Main.scala. Using presentation compiler with project's scala-library version: 3.3.6[0m
2025.12.06 13:59:24 INFO  no build target found for /home/lucas/projects/advent-of-code-25/src/main/scala/Main.scala. Using presentation compiler with project's scala-library version: 3.3.6[0m
2025.12.06 13:59:24 INFO  no build target found for /home/lucas/projects/advent-of-code-25/src/main/scala/Main.scala. Using presentation compiler with project's scala-library version: 3.3.6[0m
2025.12.06 13:59:24 INFO  no build target found for /home/lucas/projects/advent-of-code-25/src/main/scala/Main.scala. Using presentation compiler with project's scala-library version: 3.3.6[0m
2025.12.06 13:59:25 INFO  no build target found for /home/lucas/projects/advent-of-code-25/src/main/scala/Main.scala. Using presentation compiler with project's scala-library version: 3.3.6[0m
2025.12.06 13:59:24 INFO  no build target found for /home/lucas/projects/advent-of-code-25/src/main/scala/Main.scala. Using presentation compiler with project's scala-library version: 3.3.6[0m
2025.12.06 13:59:24 INFO  no build target found for /home/lucas/projects/advent-of-code-25/src/main/scala/Main.scala. Using presentation compiler with project's scala-library version: 3.3.6[0m
2025.12.06 13:59:25 INFO  no build target found for /home/lucas/projects/advent-of-code-25/src/main/scala/Main.scala. Using presentation compiler with project's scala-library version: 3.3.6[0m
2025.12.06 13:59:24 INFO  no build target found for /home/lucas/projects/advent-of-code-25/src/main/scala/Main.scala. Using presentation compiler with project's scala-library version: 3.3.6[0m
2025.12.06 13:59:25 INFO  no build target found for /home/lucas/projects/advent-of-code-25/src/main/scala/Main.scala. Using presentation compiler with project's scala-library version: 3.3.6[0m
2025.12.06 13:59:27 INFO  no build target found for /home/lucas/projects/advent-of-code-25/src/main/scala/Main.scala. Using presentation compiler with project's scala-library version: 3.3.6[0m
2025.12.06 13:59:27 INFO  no build target found for /home/lucas/projects/advent-of-code-25/src/main/scala/Main.scala. Using presentation compiler with project's scala-library version: 3.3.6[0m
2025.12.06 13:59:27 INFO  no build target found for /home/lucas/projects/advent-of-code-25/src/main/scala/Main.scala. Using presentation compiler with project's scala-library version: 3.3.6[0m
2025.12.06 13:59:27 INFO  no build target found for /home/lucas/projects/advent-of-code-25/src/main/scala/Main.scala. Using presentation compiler with project's scala-library version: 3.3.6[0m
2025.12.06 13:59:28 INFO  no build target found for /home/lucas/projects/advent-of-code-25/src/main/scala/Main.scala. Using presentation compiler with project's scala-library version: 3.3.6[0m
2025.12.06 13:59:28 INFO  no build target found for /home/lucas/projects/advent-of-code-25/src/main/scala/Main.scala. Using presentation compiler with project's scala-library version: 3.3.6[0m
2025.12.06 13:59:28 INFO  no build target found for /home/lucas/projects/advent-of-code-25/src/main/scala/Main.scala. Using presentation compiler with project's scala-library version: 3.3.6[0m
2025.12.06 13:59:28 INFO  no build target found for /home/lucas/projects/advent-of-code-25/src/main/scala/Main.scala. Using presentation compiler with project's scala-library version: 3.3.6[0m
2025.12.06 13:59:28 INFO  no build target found for /home/lucas/projects/advent-of-code-25/src/main/scala/Main.scala. Using presentation compiler with project's scala-library version: 3.3.6[0m
2025.12.06 13:59:28 INFO  no build target found for /home/lucas/projects/advent-of-code-25/src/main/scala/Main.scala. Using presentation compiler with project's scala-library version: 3.3.6[0m
2025.12.06 13:59:29 INFO  no build target found for /home/lucas/projects/advent-of-code-25/src/main/scala/Main.scala. Using presentation compiler with project's scala-library version: 3.3.6[0m
2025.12.06 13:59:29 INFO  no build target found for /home/lucas/projects/advent-of-code-25/src/main/scala/Main.scala. Using presentation compiler with project's scala-library version: 3.3.6[0m
2025.12.06 13:59:29 INFO  no build target found for /home/lucas/projects/advent-of-code-25/src/main/scala/Main.scala. Using presentation compiler with project's scala-library version: 3.3.6[0m
2025.12.06 13:59:30 INFO  no build target found for /home/lucas/projects/advent-of-code-25/src/main/scala/Main.scala. Using presentation compiler with project's scala-library version: 3.3.6[0m
2025.12.06 13:59:29 INFO  no build target found for /home/lucas/projects/advent-of-code-25/src/main/scala/Main.scala. Using presentation compiler with project's scala-library version: 3.3.6[0m
2025.12.06 13:59:29 INFO  no build target found for /home/lucas/projects/advent-of-code-25/src/main/scala/Main.scala. Using presentation compiler with project's scala-library version: 3.3.6[0m
2025.12.06 13:59:29 INFO  no build target found for /home/lucas/projects/advent-of-code-25/src/main/scala/Main.scala. Using presentation compiler with project's scala-library version: 3.3.6[0m
2025.12.06 13:59:31 INFO  no build target found for /home/lucas/projects/advent-of-code-25/src/main/scala/Main.scala. Using presentation compiler with project's scala-library version: 3.3.6[0m
2025.12.06 13:59:31 INFO  no build target found for /home/lucas/projects/advent-of-code-25/src/main/scala/Main.scala. Using presentation compiler with project's scala-library version: 3.3.6[0m
2025.12.06 13:59:31 INFO  no build target found for /home/lucas/projects/advent-of-code-25/src/main/scala/Main.scala. Using presentation compiler with project's scala-library version: 3.3.6[0m
2025.12.06 13:59:31 INFO  no build target found for /home/lucas/projects/advent-of-code-25/src/main/scala/Main.scala. Using presentation compiler with project's scala-library version: 3.3.6[0m
2025.12.06 13:59:31 INFO  no build target found for /home/lucas/projects/advent-of-code-25/src/main/scala/Main.scala. Using presentation compiler with project's scala-library version: 3.3.6[0m
2025.12.06 13:59:32 INFO  no build target found for /home/lucas/projects/advent-of-code-25/src/main/scala/Main.scala. Using presentation compiler with project's scala-library version: 3.3.6[0m
2025.12.06 13:59:31 INFO  no build target found for /home/lucas/projects/advent-of-code-25/src/main/scala/Main.scala. Using presentation compiler with project's scala-library version: 3.3.6[0m
2025.12.06 13:59:32 INFO  no build target found for /home/lucas/projects/advent-of-code-25/src/main/scala/Main.scala. Using presentation compiler with project's scala-library version: 3.3.6[0m
2025.12.06 13:59:32 INFO  no build target found for /home/lucas/projects/advent-of-code-25/src/main/scala/Main.scala. Using presentation compiler with project's scala-library version: 3.3.6[0m
2025.12.06 13:59:32 INFO  no build target found for /home/lucas/projects/advent-of-code-25/src/main/scala/Main.scala. Using presentation compiler with project's scala-library version: 3.3.6[0m
2025.12.06 13:59:32 INFO  no build target found for /home/lucas/projects/advent-of-code-25/src/main/scala/Main.scala. Using presentation compiler with project's scala-library version: 3.3.6[0m
2025.12.06 13:59:32 INFO  no build target found for /home/lucas/projects/advent-of-code-25/src/main/scala/Main.scala. Using presentation compiler with project's scala-library version: 3.3.6[0m
2025.12.06 13:59:33 WARN  no build target for: /home/lucas/projects/advent-of-code-25/src/main/scala/Main.scala[0m
2025.12.06 13:59:33 INFO  no build target found for /home/lucas/projects/advent-of-code-25/src/main/scala/Main.scala. Using presentation compiler with project's scala-library version: 3.3.6[0m
2025.12.06 13:59:48 INFO  no build target found for /home/lucas/projects/advent-of-code-25/src/main/scala/Main.scala. Using presentation compiler with project's scala-library version: 3.3.6[0m
2025.12.06 13:59:48 INFO  no build target found for /home/lucas/projects/advent-of-code-25/src/main/scala/Main.scala. Using presentation compiler with project's scala-library version: 3.3.6[0m
2025.12.06 13:59:49 INFO  no build target found for /home/lucas/projects/advent-of-code-25/src/main/scala/Main.scala. Using presentation compiler with project's scala-library version: 3.3.6[0m
2025.12.06 13:59:48 INFO  no build target found for /home/lucas/projects/advent-of-code-25/src/main/scala/Main.scala. Using presentation compiler with project's scala-library version: 3.3.6[0m
2025.12.06 13:59:48 INFO  no build target found for /home/lucas/projects/advent-of-code-25/src/main/scala/Main.scala. Using presentation compiler with project's scala-library version: 3.3.6[0m
2025.12.06 13:59:49 INFO  no build target found for /home/lucas/projects/advent-of-code-25/src/main/scala/Main.scala. Using presentation compiler with project's scala-library version: 3.3.6[0m
2025.12.06 13:59:48 INFO  no build target found for /home/lucas/projects/advent-of-code-25/src/main/scala/Main.scala. Using presentation compiler with project's scala-library version: 3.3.6[0m
2025.12.06 13:59:49 INFO  no build target found for /home/lucas/projects/advent-of-code-25/src/main/scala/Main.scala. Using presentation compiler with project's scala-library version: 3.3.6[0m
2025.12.06 13:59:49 INFO  no build target found for /home/lucas/projects/advent-of-code-25/src/main/scala/Main.scala. Using presentation compiler with project's scala-library version: 3.3.6[0m
2025.12.06 13:59:49 INFO  no build target found for /home/lucas/projects/advent-of-code-25/src/main/scala/Main.scala. Using presentation compiler with project's scala-library version: 3.3.6[0m
2025.12.06 13:59:49 INFO  no build target found for /home/lucas/projects/advent-of-code-25/src/main/scala/Main.scala. Using presentation compiler with project's scala-library version: 3.3.6[0m
2025.12.06 13:59:49 INFO  no build target found for /home/lucas/projects/advent-of-code-25/src/main/scala/Main.scala. Using presentation compiler with project's scala-library version: 3.3.6[0m
2025.12.06 13:59:49 INFO  no build target found for /home/lucas/projects/advent-of-code-25/src/main/scala/Main.scala. Using presentation compiler with project's scala-library version: 3.3.6[0m
2025.12.06 13:59:49 INFO  no build target found for /home/lucas/projects/advent-of-code-25/src/main/scala/Main.scala. Using presentation compiler with project's scala-library version: 3.3.6[0m
2025.12.06 13:59:49 INFO  no build target found for /home/lucas/projects/advent-of-code-25/src/main/scala/Main.scala. Using presentation compiler with project's scala-library version: 3.3.6[0m
2025.12.06 13:59:49 INFO  no build target found for /home/lucas/projects/advent-of-code-25/src/main/scala/Main.scala. Using presentation compiler with project's scala-library version: 3.3.6[0m
2025.12.06 13:59:49 INFO  no build target found for /home/lucas/projects/advent-of-code-25/src/main/scala/Main.scala. Using presentation compiler with project's scala-library version: 3.3.6[0m
2025.12.06 13:59:50 INFO  no build target found for /home/lucas/projects/advent-of-code-25/src/main/scala/Main.scala. Using presentation compiler with project's scala-library version: 3.3.6[0m
2025.12.06 13:59:49 INFO  no build target found for /home/lucas/projects/advent-of-code-25/src/main/scala/Main.scala. Using presentation compiler with project's scala-library version: 3.3.6[0m
2025.12.06 13:59:50 INFO  no build target found for /home/lucas/projects/advent-of-code-25/src/main/scala/Main.scala. Using presentation compiler with project's scala-library version: 3.3.6[0m
2025.12.06 13:59:49 INFO  no build target found for /home/lucas/projects/advent-of-code-25/src/main/scala/Main.scala. Using presentation compiler with project's scala-library version: 3.3.6[0m
2025.12.06 13:59:49 INFO  no build target found for /home/lucas/projects/advent-of-code-25/src/main/scala/Main.scala. Using presentation compiler with project's scala-library version: 3.3.6[0m
2025.12.06 13:59:50 INFO  no build target found for /home/lucas/projects/advent-of-code-25/src/main/scala/Main.scala. Using presentation compiler with project's scala-library version: 3.3.6[0m
2025.12.06 13:59:50 INFO  no build target found for /home/lucas/projects/advent-of-code-25/src/main/scala/Main.scala. Using presentation compiler with project's scala-library version: 3.3.6[0m
2025.12.06 13:59:50 INFO  no build target found for /home/lucas/projects/advent-of-code-25/src/main/scala/Main.scala. Using presentation compiler with project's scala-library version: 3.3.6[0m
2025.12.06 13:59:50 INFO  no build target found for /home/lucas/projects/advent-of-code-25/src/main/scala/Main.scala. Using presentation compiler with project's scala-library version: 3.3.6[0m
2025.12.06 13:59:52 INFO  no build target found for /home/lucas/projects/advent-of-code-25/src/main/scala/Main.scala. Using presentation compiler with project's scala-library version: 3.3.6[0m
2025.12.06 13:59:52 INFO  no build target found for /home/lucas/projects/advent-of-code-25/src/main/scala/Main.scala. Using presentation compiler with project's scala-library version: 3.3.6[0m
2025.12.06 13:59:52 INFO  no build target found for /home/lucas/projects/advent-of-code-25/src/main/scala/Main.scala. Using presentation compiler with project's scala-library version: 3.3.6[0m
2025.12.06 13:59:52 INFO  no build target found for /home/lucas/projects/advent-of-code-25/src/main/scala/Main.scala. Using presentation compiler with project's scala-library version: 3.3.6[0m
2025.12.06 13:59:54 INFO  no build target found for /home/lucas/projects/advent-of-code-25/src/main/scala/Main.scala. Using presentation compiler with project's scala-library version: 3.3.6[0m
2025.12.06 13:59:54 INFO  no build target found for /home/lucas/projects/advent-of-code-25/src/main/scala/Main.scala. Using presentation compiler with project's scala-library version: 3.3.6[0m
2025.12.06 13:59:54 INFO  no build target found for /home/lucas/projects/advent-of-code-25/src/main/scala/Main.scala. Using presentation compiler with project's scala-library version: 3.3.6[0m
2025.12.06 13:59:54 INFO  no build target found for /home/lucas/projects/advent-of-code-25/src/main/scala/Main.scala. Using presentation compiler with project's scala-library version: 3.3.6[0m
2025.12.06 13:59:56 INFO  no build target found for /home/lucas/projects/advent-of-code-25/src/main/scala/Main.scala. Using presentation compiler with project's scala-library version: 3.3.6[0m
2025.12.06 13:59:57 INFO  no build target found for /home/lucas/projects/advent-of-code-25/src/main/scala/Main.scala. Using presentation compiler with project's scala-library version: 3.3.6[0m
2025.12.06 13:59:57 INFO  no build target found for /home/lucas/projects/advent-of-code-25/src/main/scala/Main.scala. Using presentation compiler with project's scala-library version: 3.3.6[0m
2025.12.06 13:59:57 INFO  no build target found for /home/lucas/projects/advent-of-code-25/src/main/scala/Main.scala. Using presentation compiler with project's scala-library version: 3.3.6[0m
2025.12.06 13:59:57 INFO  no build target found for /home/lucas/projects/advent-of-code-25/src/main/scala/Main.scala. Using presentation compiler with project's scala-library version: 3.3.6[0m
2025.12.06 13:59:57 INFO  no build target found for /home/lucas/projects/advent-of-code-25/src/main/scala/Main.scala. Using presentation compiler with project's scala-library version: 3.3.6[0m
2025.12.06 13:59:58 INFO  no build target found for /home/lucas/projects/advent-of-code-25/src/main/scala/Main.scala. Using presentation compiler with project's scala-library version: 3.3.6[0m
2025.12.06 13:59:57 INFO  no build target found for /home/lucas/projects/advent-of-code-25/src/main/scala/Main.scala. Using presentation compiler with project's scala-library version: 3.3.6[0m
2025.12.06 13:59:58 INFO  no build target found for /home/lucas/projects/advent-of-code-25/src/main/scala/Main.scala. Using presentation compiler with project's scala-library version: 3.3.6[0m
2025.12.06 13:59:58 INFO  no build target found for /home/lucas/projects/advent-of-code-25/src/main/scala/Main.scala. Using presentation compiler with project's scala-library version: 3.3.6[0m
2025.12.06 13:59:58 INFO  no build target found for /home/lucas/projects/advent-of-code-25/src/main/scala/Main.scala. Using presentation compiler with project's scala-library version: 3.3.6[0m
2025.12.06 13:59:58 INFO  no build target found for /home/lucas/projects/advent-of-code-25/src/main/scala/Main.scala. Using presentation compiler with project's scala-library version: 3.3.6[0m
2025.12.06 13:59:58 INFO  no build target found for /home/lucas/projects/advent-of-code-25/src/main/scala/Main.scala. Using presentation compiler with project's scala-library version: 3.3.6[0m
2025.12.06 13:59:58 INFO  no build target found for /home/lucas/projects/advent-of-code-25/src/main/scala/Main.scala. Using presentation compiler with project's scala-library version: 3.3.6[0m
2025.12.06 13:59:58 INFO  no build target found for /home/lucas/projects/advent-of-code-25/src/main/scala/Main.scala. Using presentation compiler with project's scala-library version: 3.3.6[0m
2025.12.06 13:59:58 INFO  no build target found for /home/lucas/projects/advent-of-code-25/src/main/scala/Main.scala. Using presentation compiler with project's scala-library version: 3.3.6[0m
2025.12.06 13:59:58 INFO  no build target found for /home/lucas/projects/advent-of-code-25/src/main/scala/Main.scala. Using presentation compiler with project's scala-library version: 3.3.6[0m
2025.12.06 13:59:59 INFO  no build target found for /home/lucas/projects/advent-of-code-25/src/main/scala/Main.scala. Using presentation compiler with project's scala-library version: 3.3.6[0m
2025.12.06 13:59:59 INFO  no build target found for /home/lucas/projects/advent-of-code-25/src/main/scala/Main.scala. Using presentation compiler with project's scala-library version: 3.3.6[0m
2025.12.06 14:00:00 INFO  no build target found for /home/lucas/projects/advent-of-code-25/src/main/scala/Main.scala. Using presentation compiler with project's scala-library version: 3.3.6[0m
2025.12.06 14:00:00 INFO  no build target found for /home/lucas/projects/advent-of-code-25/src/main/scala/Main.scala. Using presentation compiler with project's scala-library version: 3.3.6[0m
2025.12.06 14:00:01 INFO  no build target found for /home/lucas/projects/advent-of-code-25/src/main/scala/Main.scala. Using presentation compiler with project's scala-library version: 3.3.6[0m
2025.12.06 14:00:01 INFO  no build target found for /home/lucas/projects/advent-of-code-25/src/main/scala/Main.scala. Using presentation compiler with project's scala-library version: 3.3.6[0m
2025.12.06 14:00:02 INFO  no build target found for /home/lucas/projects/advent-of-code-25/src/main/scala/Main.scala. Using presentation compiler with project's scala-library version: 3.3.6[0m
2025.12.06 14:00:01 INFO  no build target found for /home/lucas/projects/advent-of-code-25/src/main/scala/Main.scala. Using presentation compiler with project's scala-library version: 3.3.6[0m
2025.12.06 14:00:02 INFO  no build target found for /home/lucas/projects/advent-of-code-25/src/main/scala/Main.scala. Using presentation compiler with project's scala-library version: 3.3.6[0m
2025.12.06 14:00:17 INFO  no build target found for /home/lucas/projects/advent-of-code-25/src/main/scala/Main.scala. Using presentation compiler with project's scala-library version: 3.3.6[0m
2025.12.06 14:00:19 INFO  no build target found for /home/lucas/projects/advent-of-code-25/src/main/scala/Main.scala. Using presentation compiler with project's scala-library version: 3.3.6[0m
2025.12.06 14:00:19 INFO  no build target found for /home/lucas/projects/advent-of-code-25/src/main/scala/Main.scala. Using presentation compiler with project's scala-library version: 3.3.6[0m
2025.12.06 14:00:20 INFO  no build target found for /home/lucas/projects/advent-of-code-25/src/main/scala/Main.scala. Using presentation compiler with project's scala-library version: 3.3.6[0m
2025.12.06 14:00:20 INFO  no build target found for /home/lucas/projects/advent-of-code-25/src/main/scala/Main.scala. Using presentation compiler with project's scala-library version: 3.3.6[0m
2025.12.06 14:00:20 INFO  no build target found for /home/lucas/projects/advent-of-code-25/src/main/scala/Main.scala. Using presentation compiler with project's scala-library version: 3.3.6[0m
2025.12.06 14:00:21 INFO  no build target found for /home/lucas/projects/advent-of-code-25/src/main/scala/Main.scala. Using presentation compiler with project's scala-library version: 3.3.6[0m
2025.12.06 14:00:21 INFO  no build target found for /home/lucas/projects/advent-of-code-25/src/main/scala/Main.scala. Using presentation compiler with project's scala-library version: 3.3.6[0m
2025.12.06 14:00:21 INFO  no build target found for /home/lucas/projects/advent-of-code-25/src/main/scala/Main.scala. Using presentation compiler with project's scala-library version: 3.3.6[0m
2025.12.06 14:00:23 INFO  no build target found for /home/lucas/projects/advent-of-code-25/src/main/scala/Main.scala. Using presentation compiler with project's scala-library version: 3.3.6[0m
2025.12.06 14:00:23 INFO  no build target found for /home/lucas/projects/advent-of-code-25/src/main/scala/Main.scala. Using presentation compiler with project's scala-library version: 3.3.6[0m
2025.12.06 14:00:23 INFO  no build target found for /home/lucas/projects/advent-of-code-25/src/main/scala/Main.scala. Using presentation compiler with project's scala-library version: 3.3.6[0m
2025.12.06 14:00:23 INFO  no build target found for /home/lucas/projects/advent-of-code-25/src/main/scala/Main.scala. Using presentation compiler with project's scala-library version: 3.3.6[0m
2025.12.06 14:00:24 INFO  no build target found for /home/lucas/projects/advent-of-code-25/src/main/scala/Main.scala. Using presentation compiler with project's scala-library version: 3.3.6[0m
2025.12.06 14:00:24 INFO  no build target found for /home/lucas/projects/advent-of-code-25/src/main/scala/Main.scala. Using presentation compiler with project's scala-library version: 3.3.6[0m
2025.12.06 14:00:24 INFO  no build target found for /home/lucas/projects/advent-of-code-25/src/main/scala/Main.scala. Using presentation compiler with project's scala-library version: 3.3.6[0m
2025.12.06 14:00:24 INFO  no build target found for /home/lucas/projects/advent-of-code-25/src/main/scala/Main.scala. Using presentation compiler with project's scala-library version: 3.3.6[0m
2025.12.06 14:00:24 INFO  no build target found for /home/lucas/projects/advent-of-code-25/src/main/scala/Main.scala. Using presentation compiler with project's scala-library version: 3.3.6[0m
2025.12.06 14:00:24 INFO  no build target found for /home/lucas/projects/advent-of-code-25/src/main/scala/Main.scala. Using presentation compiler with project's scala-library version: 3.3.6[0m
2025.12.06 14:00:27 INFO  no build target found for /home/lucas/projects/advent-of-code-25/src/main/scala/Main.scala. Using presentation compiler with project's scala-library version: 3.3.6[0m
2025.12.06 14:00:27 INFO  no build target found for /home/lucas/projects/advent-of-code-25/src/main/scala/Main.scala. Using presentation compiler with project's scala-library version: 3.3.6[0m
2025.12.06 14:00:28 INFO  no build target found for /home/lucas/projects/advent-of-code-25/src/main/scala/Main.scala. Using presentation compiler with project's scala-library version: 3.3.6[0m
2025.12.06 14:00:28 INFO  no build target found for /home/lucas/projects/advent-of-code-25/src/main/scala/Main.scala. Using presentation compiler with project's scala-library version: 3.3.6[0m
2025.12.06 14:00:30 INFO  no build target found for /home/lucas/projects/advent-of-code-25/src/main/scala/Main.scala. Using presentation compiler with project's scala-library version: 3.3.6[0m
2025.12.06 14:00:30 WARN  no build target for: /home/lucas/projects/advent-of-code-25/src/main/scala/Main.scala[0m
2025.12.06 14:00:31 INFO  no build target found for /home/lucas/projects/advent-of-code-25/src/main/scala/Main.scala. Using presentation compiler with project's scala-library version: 3.3.6[0m
2025.12.06 14:00:34 INFO  no build target found for /home/lucas/projects/advent-of-code-25/src/main/scala/Main.scala. Using presentation compiler with project's scala-library version: 3.3.6[0m
2025.12.06 14:00:34 WARN  no build target for: /home/lucas/projects/advent-of-code-25/src/main/scala/Main.scala[0m
2025.12.06 14:00:34 INFO  no build target found for /home/lucas/projects/advent-of-code-25/src/main/scala/Main.scala. Using presentation compiler with project's scala-library version: 3.3.6[0m
2025.12.06 14:00:34 INFO  no build target found for /home/lucas/projects/advent-of-code-25/src/main/scala/Main.scala. Using presentation compiler with project's scala-library version: 3.3.6[0m
2025.12.06 14:00:34 INFO  no build target found for /home/lucas/projects/advent-of-code-25/src/main/scala/Main.scala. Using presentation compiler with project's scala-library version: 3.3.6[0m
2025.12.06 14:00:34 INFO  no build target found for /home/lucas/projects/advent-of-code-25/src/main/scala/Main.scala. Using presentation compiler with project's scala-library version: 3.3.6[0m
2025.12.06 14:00:35 INFO  no build target found for /home/lucas/projects/advent-of-code-25/src/main/scala/Main.scala. Using presentation compiler with project's scala-library version: 3.3.6[0m
2025.12.06 14:00:35 INFO  no build target found for /home/lucas/projects/advent-of-code-25/src/main/scala/Main.scala. Using presentation compiler with project's scala-library version: 3.3.6[0m
2025.12.06 14:00:35 INFO  no build target found for /home/lucas/projects/advent-of-code-25/src/main/scala/Main.scala. Using presentation compiler with project's scala-library version: 3.3.6[0m
2025.12.06 14:00:37 INFO  no build target found for /home/lucas/projects/advent-of-code-25/src/main/scala/Main.scala. Using presentation compiler with project's scala-library version: 3.3.6[0m
2025.12.06 14:00:37 INFO  no build target found for /home/lucas/projects/advent-of-code-25/src/main/scala/Main.scala. Using presentation compiler with project's scala-library version: 3.3.6[0m
2025.12.06 14:00:37 INFO  no build target found for /home/lucas/projects/advent-of-code-25/src/main/scala/Main.scala. Using presentation compiler with project's scala-library version: 3.3.6[0m
2025.12.06 14:00:37 INFO  no build target found for /home/lucas/projects/advent-of-code-25/src/main/scala/Main.scala. Using presentation compiler with project's scala-library version: 3.3.6[0m
2025.12.06 14:00:37 INFO  no build target found for /home/lucas/projects/advent-of-code-25/src/main/scala/Main.scala. Using presentation compiler with project's scala-library version: 3.3.6[0m
2025.12.06 14:00:38 INFO  no build target found for /home/lucas/projects/advent-of-code-25/src/main/scala/Main.scala. Using presentation compiler with project's scala-library version: 3.3.6[0m
2025.12.06 14:00:38 INFO  no build target found for /home/lucas/projects/advent-of-code-25/src/main/scala/Main.scala. Using presentation compiler with project's scala-library version: 3.3.6[0m
2025.12.06 14:00:38 INFO  no build target found for /home/lucas/projects/advent-of-code-25/src/main/scala/Main.scala. Using presentation compiler with project's scala-library version: 3.3.6[0m
2025.12.06 14:00:38 INFO  no build target found for /home/lucas/projects/advent-of-code-25/src/main/scala/Main.scala. Using presentation compiler with project's scala-library version: 3.3.6[0m
2025.12.06 14:00:38 INFO  no build target found for /home/lucas/projects/advent-of-code-25/src/main/scala/Main.scala. Using presentation compiler with project's scala-library version: 3.3.6[0m
2025.12.06 14:00:38 INFO  no build target found for /home/lucas/projects/advent-of-code-25/src/main/scala/Main.scala. Using presentation compiler with project's scala-library version: 3.3.6[0m
2025.12.06 14:00:38 INFO  no build target found for /home/lucas/projects/advent-of-code-25/src/main/scala/Main.scala. Using presentation compiler with project's scala-library version: 3.3.6[0m
2025.12.06 14:00:38 INFO  no build target found for /home/lucas/projects/advent-of-code-25/src/main/scala/Main.scala. Using presentation compiler with project's scala-library version: 3.3.6[0m
2025.12.06 14:00:39 INFO  no build target found for /home/lucas/projects/advent-of-code-25/src/main/scala/Main.scala. Using presentation compiler with project's scala-library version: 3.3.6[0m
2025.12.06 14:00:39 INFO  no build target found for /home/lucas/projects/advent-of-code-25/src/main/scala/Main.scala. Using presentation compiler with project's scala-library version: 3.3.6[0m
2025.12.06 14:00:39 INFO  no build target found for /home/lucas/projects/advent-of-code-25/src/main/scala/Main.scala. Using presentation compiler with project's scala-library version: 3.3.6[0m
2025.12.06 14:00:39 INFO  no build target found for /home/lucas/projects/advent-of-code-25/src/main/scala/Main.scala. Using presentation compiler with project's scala-library version: 3.3.6[0m
2025.12.06 14:00:39 INFO  no build target found for /home/lucas/projects/advent-of-code-25/src/main/scala/Main.scala. Using presentation compiler with project's scala-library version: 3.3.6[0m
2025.12.06 14:00:39 INFO  no build target found for /home/lucas/projects/advent-of-code-25/src/main/scala/Main.scala. Using presentation compiler with project's scala-library version: 3.3.6[0m
2025.12.06 14:00:39 INFO  no build target found for /home/lucas/projects/advent-of-code-25/src/main/scala/Main.scala. Using presentation compiler with project's scala-library version: 3.3.6[0m
2025.12.06 14:00:39 INFO  no build target found for /home/lucas/projects/advent-of-code-25/src/main/scala/Main.scala. Using presentation compiler with project's scala-library version: 3.3.6[0m
2025.12.06 14:00:40 INFO  no build target found for /home/lucas/projects/advent-of-code-25/src/main/scala/Main.scala. Using presentation compiler with project's scala-library version: 3.3.6[0m
2025.12.06 14:00:39 INFO  no build target found for /home/lucas/projects/advent-of-code-25/src/main/scala/Main.scala. Using presentation compiler with project's scala-library version: 3.3.6[0m
2025.12.06 14:00:39 INFO  no build target found for /home/lucas/projects/advent-of-code-25/src/main/scala/Main.scala. Using presentation compiler with project's scala-library version: 3.3.6[0m
2025.12.06 14:00:39 INFO  no build target found for /home/lucas/projects/advent-of-code-25/src/main/scala/Main.scala. Using presentation compiler with project's scala-library version: 3.3.6[0m
2025.12.06 14:00:40 INFO  no build target found for /home/lucas/projects/advent-of-code-25/src/main/scala/Main.scala. Using presentation compiler with project's scala-library version: 3.3.6[0m
2025.12.06 14:00:41 INFO  no build target found for /home/lucas/projects/advent-of-code-25/src/main/scala/Main.scala. Using presentation compiler with project's scala-library version: 3.3.6[0m
2025.12.06 14:00:41 WARN  no build target for: /home/lucas/projects/advent-of-code-25/src/main/scala/Main.scala[0m
2025.12.06 14:00:41 INFO  no build target found for /home/lucas/projects/advent-of-code-25/src/main/scala/Main.scala. Using presentation compiler with project's scala-library version: 3.3.6[0m
2025.12.06 14:00:42 INFO  no build target found for /home/lucas/projects/advent-of-code-25/src/main/scala/Main.scala. Using presentation compiler with project's scala-library version: 3.3.6[0m
2025.12.06 14:00:42 INFO  no build target found for /home/lucas/projects/advent-of-code-25/src/main/scala/Main.scala. Using presentation compiler with project's scala-library version: 3.3.6[0m
2025.12.06 14:00:42 INFO  no build target found for /home/lucas/projects/advent-of-code-25/src/main/scala/Main.scala. Using presentation compiler with project's scala-library version: 3.3.6[0m
2025.12.06 14:00:44 INFO  no build target found for /home/lucas/projects/advent-of-code-25/src/main/scala/Main.scala. Using presentation compiler with project's scala-library version: 3.3.6[0m
2025.12.06 14:00:51 INFO  no build target found for /home/lucas/projects/advent-of-code-25/src/main/scala/Main.scala. Using presentation compiler with project's scala-library version: 3.3.6[0m
2025.12.06 14:00:51 INFO  no build target found for /home/lucas/projects/advent-of-code-25/src/main/scala/Main.scala. Using presentation compiler with project's scala-library version: 3.3.6[0m
2025.12.06 14:00:57 INFO  no build target found for /home/lucas/projects/advent-of-code-25/src/main/scala/Main.scala. Using presentation compiler with project's scala-library version: 3.3.6[0m
2025.12.06 14:00:57 INFO  no build target found for /home/lucas/projects/advent-of-code-25/src/main/scala/Main.scala. Using presentation compiler with project's scala-library version: 3.3.6[0m
2025.12.06 14:00:58 INFO  no build target found for /home/lucas/projects/advent-of-code-25/src/main/scala/Main.scala. Using presentation compiler with project's scala-library version: 3.3.6[0m
2025.12.06 14:01:00 INFO  no build target found for /home/lucas/projects/advent-of-code-25/src/main/scala/Main.scala. Using presentation compiler with project's scala-library version: 3.3.6[0m
2025.12.06 14:01:02 INFO  no build target found for /home/lucas/projects/advent-of-code-25/src/main/scala/Main.scala. Using presentation compiler with project's scala-library version: 3.3.6[0m
2025.12.06 14:01:02 INFO  no build target found for /home/lucas/projects/advent-of-code-25/src/main/scala/Main.scala. Using presentation compiler with project's scala-library version: 3.3.6[0m
2025.12.06 14:01:02 INFO  no build target found for /home/lucas/projects/advent-of-code-25/src/main/scala/Main.scala. Using presentation compiler with project's scala-library version: 3.3.6[0m
2025.12.06 14:01:03 INFO  no build target found for /home/lucas/projects/advent-of-code-25/src/main/scala/Main.scala. Using presentation compiler with project's scala-library version: 3.3.6[0m
2025.12.06 14:01:03 INFO  no build target found for /home/lucas/projects/advent-of-code-25/src/main/scala/Main.scala. Using presentation compiler with project's scala-library version: 3.3.6[0m
2025.12.06 14:01:05 INFO  no build target found for /home/lucas/projects/advent-of-code-25/src/main/scala/Main.scala. Using presentation compiler with project's scala-library version: 3.3.6[0m
2025.12.06 14:01:05 INFO  no build target found for /home/lucas/projects/advent-of-code-25/src/main/scala/Main.scala. Using presentation compiler with project's scala-library version: 3.3.6[0m
2025.12.06 14:01:05 INFO  no build target found for /home/lucas/projects/advent-of-code-25/src/main/scala/Main.scala. Using presentation compiler with project's scala-library version: 3.3.6[0m
2025.12.06 14:01:05 INFO  no build target found for /home/lucas/projects/advent-of-code-25/src/main/scala/Main.scala. Using presentation compiler with project's scala-library version: 3.3.6[0m
2025.12.06 14:01:05 INFO  no build target found for /home/lucas/projects/advent-of-code-25/src/main/scala/Main.scala. Using presentation compiler with project's scala-library version: 3.3.6[0m
2025.12.06 14:01:07 INFO  no build target found for /home/lucas/projects/advent-of-code-25/src/main/scala/Main.scala. Using presentation compiler with project's scala-library version: 3.3.6[0m
2025.12.06 14:01:07 INFO  no build target found for /home/lucas/projects/advent-of-code-25/src/main/scala/Main.scala. Using presentation compiler with project's scala-library version: 3.3.6[0m
2025.12.06 14:01:07 INFO  no build target found for /home/lucas/projects/advent-of-code-25/src/main/scala/Main.scala. Using presentation compiler with project's scala-library version: 3.3.6[0m
2025.12.06 14:01:07 INFO  no build target found for /home/lucas/projects/advent-of-code-25/src/main/scala/Main.scala. Using presentation compiler with project's scala-library version: 3.3.6[0m
2025.12.06 14:01:07 INFO  no build target found for /home/lucas/projects/advent-of-code-25/src/main/scala/Main.scala. Using presentation compiler with project's scala-library version: 3.3.6[0m
2025.12.06 14:01:07 INFO  no build target found for /home/lucas/projects/advent-of-code-25/src/main/scala/Main.scala. Using presentation compiler with project's scala-library version: 3.3.6[0m
2025.12.06 14:01:07 INFO  no build target found for /home/lucas/projects/advent-of-code-25/src/main/scala/Main.scala. Using presentation compiler with project's scala-library version: 3.3.6[0m
2025.12.06 14:01:07 INFO  no build target found for /home/lucas/projects/advent-of-code-25/src/main/scala/Main.scala. Using presentation compiler with project's scala-library version: 3.3.6[0m
2025.12.06 14:01:12 INFO  no build target found for /home/lucas/projects/advent-of-code-25/src/main/scala/Main.scala. Using presentation compiler with project's scala-library version: 3.3.6[0m
2025.12.06 14:01:12 INFO  no build target found for /home/lucas/projects/advent-of-code-25/src/main/scala/Main.scala. Using presentation compiler with project's scala-library version: 3.3.6[0m
2025.12.06 14:01:12 INFO  no build target found for /home/lucas/projects/advent-of-code-25/src/main/scala/Main.scala. Using presentation compiler with project's scala-library version: 3.3.6[0m
2025.12.06 14:01:12 INFO  no build target found for /home/lucas/projects/advent-of-code-25/src/main/scala/Main.scala. Using presentation compiler with project's scala-library version: 3.3.6[0m
2025.12.06 14:01:13 INFO  no build target found for /home/lucas/projects/advent-of-code-25/src/main/scala/Main.scala. Using presentation compiler with project's scala-library version: 3.3.6[0m
2025.12.06 14:01:13 INFO  no build target found for /home/lucas/projects/advent-of-code-25/src/main/scala/Main.scala. Using presentation compiler with project's scala-library version: 3.3.6[0m
2025.12.06 14:01:13 INFO  no build target found for /home/lucas/projects/advent-of-code-25/src/main/scala/Main.scala. Using presentation compiler with project's scala-library version: 3.3.6[0m
Dec 06, 2025 2:01:13 PM org.eclipse.lsp4j.jsonrpc.RemoteEndpoint handleCancellation
WARNING: Unmatched cancel notification for request id 1438
2025.12.06 14:01:13 INFO  no build target found for /home/lucas/projects/advent-of-code-25/src/main/scala/Main.scala. Using presentation compiler with project's scala-library version: 3.3.6[0m
2025.12.06 14:01:13 INFO  no build target found for /home/lucas/projects/advent-of-code-25/src/main/scala/Main.scala. Using presentation compiler with project's scala-library version: 3.3.6[0m
2025.12.06 14:01:13 INFO  no build target found for /home/lucas/projects/advent-of-code-25/src/main/scala/Main.scala. Using presentation compiler with project's scala-library version: 3.3.6[0m
2025.12.06 14:01:13 INFO  no build target found for /home/lucas/projects/advent-of-code-25/src/main/scala/Main.scala. Using presentation compiler with project's scala-library version: 3.3.6[0m
2025.12.06 14:01:13 INFO  no build target found for /home/lucas/projects/advent-of-code-25/src/main/scala/Main.scala. Using presentation compiler with project's scala-library version: 3.3.6[0m
2025.12.06 14:01:14 INFO  no build target found for /home/lucas/projects/advent-of-code-25/src/main/scala/Main.scala. Using presentation compiler with project's scala-library version: 3.3.6[0m
2025.12.06 14:01:14 WARN  no build target for: /home/lucas/projects/advent-of-code-25/src/main/scala/Main.scala[0m
2025.12.06 14:01:14 INFO  no build target found for /home/lucas/projects/advent-of-code-25/src/main/scala/Main.scala. Using presentation compiler with project's scala-library version: 3.3.6[0m
2025.12.06 14:01:14 INFO  no build target found for /home/lucas/projects/advent-of-code-25/src/main/scala/Main.scala. Using presentation compiler with project's scala-library version: 3.3.6[0m
2025.12.06 14:01:14 INFO  no build target found for /home/lucas/projects/advent-of-code-25/src/main/scala/Main.scala. Using presentation compiler with project's scala-library version: 3.3.6[0m
2025.12.06 14:01:15 INFO  no build target found for /home/lucas/projects/advent-of-code-25/src/main/scala/Main.scala. Using presentation compiler with project's scala-library version: 3.3.6[0m
2025.12.06 14:01:25 INFO  no build target found for /home/lucas/projects/advent-of-code-25/src/main/scala/Main.scala. Using presentation compiler with project's scala-library version: 3.3.6[0m
2025.12.06 14:02:12 INFO  no build target found for /home/lucas/projects/advent-of-code-25/src/main/scala/Main.scala. Using presentation compiler with project's scala-library version: 3.3.6[0m
2025.12.06 14:02:13 INFO  no build target found for /home/lucas/projects/advent-of-code-25/src/main/scala/Main.scala. Using presentation compiler with project's scala-library version: 3.3.6[0m
2025.12.06 14:02:13 INFO  no build target found for /home/lucas/projects/advent-of-code-25/src/main/scala/Main.scala. Using presentation compiler with project's scala-library version: 3.3.6[0m
2025.12.06 14:02:15 INFO  no build target found for /home/lucas/projects/advent-of-code-25/src/main/scala/Main.scala. Using presentation compiler with project's scala-library version: 3.3.6[0m
2025.12.06 14:02:15 INFO  no build target found for /home/lucas/projects/advent-of-code-25/src/main/scala/Main.scala. Using presentation compiler with project's scala-library version: 3.3.6[0m
Dec 06, 2025 2:02:15 PM org.eclipse.lsp4j.jsonrpc.RemoteEndpoint handleCancellation
WARNING: Unmatched cancel notification for request id 1464
2025.12.06 14:02:23 INFO  no build target found for /home/lucas/projects/advent-of-code-25/src/main/scala/Main.scala. Using presentation compiler with project's scala-library version: 3.3.6[0m
2025.12.06 14:02:23 INFO  no build target found for /home/lucas/projects/advent-of-code-25/src/main/scala/Main.scala. Using presentation compiler with project's scala-library version: 3.3.6[0m
2025.12.06 14:02:23 INFO  no build target found for /home/lucas/projects/advent-of-code-25/src/main/scala/Main.scala. Using presentation compiler with project's scala-library version: 3.3.6[0m
2025.12.06 14:02:25 INFO  no build target found for /home/lucas/projects/advent-of-code-25/src/main/scala/Main.scala. Using presentation compiler with project's scala-library version: 3.3.6[0m
2025.12.06 14:02:25 INFO  no build target found for /home/lucas/projects/advent-of-code-25/src/main/scala/Main.scala. Using presentation compiler with project's scala-library version: 3.3.6[0m
2025.12.06 14:02:25 INFO  no build target found for /home/lucas/projects/advent-of-code-25/src/main/scala/Main.scala. Using presentation compiler with project's scala-library version: 3.3.6[0m
2025.12.06 14:02:25 INFO  no build target found for /home/lucas/projects/advent-of-code-25/src/main/scala/Main.scala. Using presentation compiler with project's scala-library version: 3.3.6[0m
2025.12.06 14:02:26 INFO  no build target found for /home/lucas/projects/advent-of-code-25/src/main/scala/Main.scala. Using presentation compiler with project's scala-library version: 3.3.6[0m
2025.12.06 14:02:27 INFO  no build target found for /home/lucas/projects/advent-of-code-25/src/main/scala/Main.scala. Using presentation compiler with project's scala-library version: 3.3.6[0m
2025.12.06 14:02:27 INFO  no build target found for /home/lucas/projects/advent-of-code-25/src/main/scala/Main.scala. Using presentation compiler with project's scala-library version: 3.3.6[0m
2025.12.06 14:02:26 INFO  no build target found for /home/lucas/projects/advent-of-code-25/src/main/scala/Main.scala. Using presentation compiler with project's scala-library version: 3.3.6[0m
2025.12.06 14:02:26 INFO  no build target found for /home/lucas/projects/advent-of-code-25/src/main/scala/Main.scala. Using presentation compiler with project's scala-library version: 3.3.6[0m
2025.12.06 14:02:27 INFO  no build target found for /home/lucas/projects/advent-of-code-25/src/main/scala/Main.scala. Using presentation compiler with project's scala-library version: 3.3.6[0m
2025.12.06 14:02:27 INFO  no build target found for /home/lucas/projects/advent-of-code-25/src/main/scala/Main.scala. Using presentation compiler with project's scala-library version: 3.3.6[0m
2025.12.06 14:02:27 INFO  no build target found for /home/lucas/projects/advent-of-code-25/src/main/scala/Main.scala. Using presentation compiler with project's scala-library version: 3.3.6[0m
2025.12.06 14:02:28 WARN  no build target for: /home/lucas/projects/advent-of-code-25/src/main/scala/Main.scala[0m
2025.12.06 14:02:28 INFO  no build target found for /home/lucas/projects/advent-of-code-25/src/main/scala/Main.scala. Using presentation compiler with project's scala-library version: 3.3.6[0m
2025.12.06 14:02:29 INFO  no build target found for /home/lucas/projects/advent-of-code-25/src/main/scala/Main.scala. Using presentation compiler with project's scala-library version: 3.3.6[0m
2025.12.06 14:02:29 INFO  no build target found for /home/lucas/projects/advent-of-code-25/src/main/scala/Main.scala. Using presentation compiler with project's scala-library version: 3.3.6[0m
2025.12.06 14:02:29 INFO  no build target found for /home/lucas/projects/advent-of-code-25/src/main/scala/Main.scala. Using presentation compiler with project's scala-library version: 3.3.6[0m
2025.12.06 14:02:29 INFO  no build target found for /home/lucas/projects/advent-of-code-25/src/main/scala/Main.scala. Using presentation compiler with project's scala-library version: 3.3.6[0m
2025.12.06 14:02:29 INFO  no build target found for /home/lucas/projects/advent-of-code-25/src/main/scala/Main.scala. Using presentation compiler with project's scala-library version: 3.3.6[0m
2025.12.06 14:02:30 INFO  no build target found for /home/lucas/projects/advent-of-code-25/src/main/scala/Main.scala. Using presentation compiler with project's scala-library version: 3.3.6[0m
2025.12.06 14:02:30 INFO  no build target found for /home/lucas/projects/advent-of-code-25/src/main/scala/Main.scala. Using presentation compiler with project's scala-library version: 3.3.6[0m
2025.12.06 14:02:30 INFO  no build target found for /home/lucas/projects/advent-of-code-25/src/main/scala/Main.scala. Using presentation compiler with project's scala-library version: 3.3.6[0m
2025.12.06 14:02:32 INFO  no build target found for /home/lucas/projects/advent-of-code-25/src/main/scala/Main.scala. Using presentation compiler with project's scala-library version: 3.3.6[0m
2025.12.06 14:02:32 INFO  no build target found for /home/lucas/projects/advent-of-code-25/src/main/scala/Main.scala. Using presentation compiler with project's scala-library version: 3.3.6[0m
2025.12.06 14:03:20 INFO  no build target found for /home/lucas/projects/advent-of-code-25/src/main/scala/Main.scala. Using presentation compiler with project's scala-library version: 3.3.6[0m
2025.12.06 14:03:20 INFO  no build target found for /home/lucas/projects/advent-of-code-25/src/main/scala/Main.scala. Using presentation compiler with project's scala-library version: 3.3.6[0m
2025.12.06 14:03:20 INFO  no build target found for /home/lucas/projects/advent-of-code-25/src/main/scala/Main.scala. Using presentation compiler with project's scala-library version: 3.3.6[0m
2025.12.06 14:03:20 INFO  no build target found for /home/lucas/projects/advent-of-code-25/src/main/scala/Main.scala. Using presentation compiler with project's scala-library version: 3.3.6[0m
2025.12.06 14:03:20 INFO  no build target found for /home/lucas/projects/advent-of-code-25/src/main/scala/Main.scala. Using presentation compiler with project's scala-library version: 3.3.6[0m
2025.12.06 14:03:21 INFO  no build target found for /home/lucas/projects/advent-of-code-25/src/main/scala/Main.scala. Using presentation compiler with project's scala-library version: 3.3.6[0m
2025.12.06 14:03:21 INFO  no build target found for /home/lucas/projects/advent-of-code-25/src/main/scala/Main.scala. Using presentation compiler with project's scala-library version: 3.3.6[0m
2025.12.06 14:03:21 INFO  no build target found for /home/lucas/projects/advent-of-code-25/src/main/scala/Main.scala. Using presentation compiler with project's scala-library version: 3.3.6[0m
2025.12.06 14:03:23 INFO  no build target found for /home/lucas/projects/advent-of-code-25/src/main/scala/Main.scala. Using presentation compiler with project's scala-library version: 3.3.6[0m
2025.12.06 14:03:24 INFO  no build target found for /home/lucas/projects/advent-of-code-25/src/main/scala/Main.scala. Using presentation compiler with project's scala-library version: 3.3.6[0m
2025.12.06 14:03:24 INFO  no build target found for /home/lucas/projects/advent-of-code-25/src/main/scala/Main.scala. Using presentation compiler with project's scala-library version: 3.3.6[0m
2025.12.06 14:03:24 INFO  no build target found for /home/lucas/projects/advent-of-code-25/src/main/scala/Main.scala. Using presentation compiler with project's scala-library version: 3.3.6[0m
2025.12.06 14:03:24 INFO  no build target found for /home/lucas/projects/advent-of-code-25/src/main/scala/Main.scala. Using presentation compiler with project's scala-library version: 3.3.6[0m
2025.12.06 14:03:24 INFO  no build target found for /home/lucas/projects/advent-of-code-25/src/main/scala/Main.scala. Using presentation compiler with project's scala-library version: 3.3.6[0m
2025.12.06 14:03:25 INFO  no build target found for /home/lucas/projects/advent-of-code-25/src/main/scala/Main.scala. Using presentation compiler with project's scala-library version: 3.3.6[0m
2025.12.06 14:03:36 INFO  no build target found for /home/lucas/projects/advent-of-code-25/src/main/scala/Main.scala. Using presentation compiler with project's scala-library version: 3.3.6[0m
2025.12.06 14:03:36 INFO  no build target found for /home/lucas/projects/advent-of-code-25/src/main/scala/Main.scala. Using presentation compiler with project's scala-library version: 3.3.6[0m
2025.12.06 14:03:40 INFO  no build target found for /home/lucas/projects/advent-of-code-25/src/main/scala/Main.scala. Using presentation compiler with project's scala-library version: 3.3.6[0m
2025.12.06 14:03:40 INFO  no build target found for /home/lucas/projects/advent-of-code-25/src/main/scala/Main.scala. Using presentation compiler with project's scala-library version: 3.3.6[0m
2025.12.06 14:03:40 INFO  no build target found for /home/lucas/projects/advent-of-code-25/src/main/scala/Main.scala. Using presentation compiler with project's scala-library version: 3.3.6[0m
Dec 06, 2025 2:03:41 PM org.eclipse.lsp4j.jsonrpc.RemoteEndpoint handleCancellation
WARNING: Unmatched cancel notification for request id 1521
2025.12.06 14:03:43 INFO  no build target found for /home/lucas/projects/advent-of-code-25/src/main/scala/Main.scala. Using presentation compiler with project's scala-library version: 3.3.6[0m
2025.12.06 14:03:43 INFO  no build target found for /home/lucas/projects/advent-of-code-25/src/main/scala/Main.scala. Using presentation compiler with project's scala-library version: 3.3.6[0m
2025.12.06 14:03:43 INFO  no build target found for /home/lucas/projects/advent-of-code-25/src/main/scala/Main.scala. Using presentation compiler with project's scala-library version: 3.3.6[0m
2025.12.06 14:03:43 INFO  no build target found for /home/lucas/projects/advent-of-code-25/src/main/scala/Main.scala. Using presentation compiler with project's scala-library version: 3.3.6[0m
2025.12.06 14:03:44 INFO  no build target found for /home/lucas/projects/advent-of-code-25/src/main/scala/Main.scala. Using presentation compiler with project's scala-library version: 3.3.6[0m
2025.12.06 14:03:44 INFO  no build target found for /home/lucas/projects/advent-of-code-25/src/main/scala/Main.scala. Using presentation compiler with project's scala-library version: 3.3.6[0m
2025.12.06 14:03:44 INFO  no build target found for /home/lucas/projects/advent-of-code-25/src/main/scala/Main.scala. Using presentation compiler with project's scala-library version: 3.3.6[0m
2025.12.06 14:03:44 INFO  no build target found for /home/lucas/projects/advent-of-code-25/src/main/scala/Main.scala. Using presentation compiler with project's scala-library version: 3.3.6[0m
2025.12.06 14:03:44 INFO  no build target found for /home/lucas/projects/advent-of-code-25/src/main/scala/Main.scala. Using presentation compiler with project's scala-library version: 3.3.6[0m
2025.12.06 14:03:45 INFO  no build target found for /home/lucas/projects/advent-of-code-25/src/main/scala/Main.scala. Using presentation compiler with project's scala-library version: 3.3.6[0m
2025.12.06 14:03:44 INFO  no build target found for /home/lucas/projects/advent-of-code-25/src/main/scala/Main.scala. Using presentation compiler with project's scala-library version: 3.3.6[0m
2025.12.06 14:03:45 INFO  no build target found for /home/lucas/projects/advent-of-code-25/src/main/scala/Main.scala. Using presentation compiler with project's scala-library version: 3.3.6[0m
2025.12.06 14:03:46 INFO  no build target found for /home/lucas/projects/advent-of-code-25/src/main/scala/Main.scala. Using presentation compiler with project's scala-library version: 3.3.6[0m
2025.12.06 14:03:46 INFO  no build target found for /home/lucas/projects/advent-of-code-25/src/main/scala/Main.scala. Using presentation compiler with project's scala-library version: 3.3.6[0m
2025.12.06 14:03:46 INFO  no build target found for /home/lucas/projects/advent-of-code-25/src/main/scala/Main.scala. Using presentation compiler with project's scala-library version: 3.3.6[0m
2025.12.06 14:03:46 INFO  no build target found for /home/lucas/projects/advent-of-code-25/src/main/scala/Main.scala. Using presentation compiler with project's scala-library version: 3.3.6[0m
2025.12.06 14:03:46 INFO  no build target found for /home/lucas/projects/advent-of-code-25/src/main/scala/Main.scala. Using presentation compiler with project's scala-library version: 3.3.6[0m
2025.12.06 14:03:48 INFO  no build target found for /home/lucas/projects/advent-of-code-25/src/main/scala/Main.scala. Using presentation compiler with project's scala-library version: 3.3.6[0m
2025.12.06 14:03:48 INFO  no build target found for /home/lucas/projects/advent-of-code-25/src/main/scala/Main.scala. Using presentation compiler with project's scala-library version: 3.3.6[0m
2025.12.06 14:03:49 INFO  no build target found for /home/lucas/projects/advent-of-code-25/src/main/scala/Main.scala. Using presentation compiler with project's scala-library version: 3.3.6[0m
2025.12.06 14:03:49 INFO  no build target found for /home/lucas/projects/advent-of-code-25/src/main/scala/Main.scala. Using presentation compiler with project's scala-library version: 3.3.6[0m
2025.12.06 14:03:48 INFO  no build target found for /home/lucas/projects/advent-of-code-25/src/main/scala/Main.scala. Using presentation compiler with project's scala-library version: 3.3.6[0m
2025.12.06 14:03:48 INFO  no build target found for /home/lucas/projects/advent-of-code-25/src/main/scala/Main.scala. Using presentation compiler with project's scala-library version: 3.3.6[0m
2025.12.06 14:03:48 INFO  no build target found for /home/lucas/projects/advent-of-code-25/src/main/scala/Main.scala. Using presentation compiler with project's scala-library version: 3.3.6[0m
2025.12.06 14:03:48 INFO  no build target found for /home/lucas/projects/advent-of-code-25/src/main/scala/Main.scala. Using presentation compiler with project's scala-library version: 3.3.6[0m
2025.12.06 14:03:48 INFO  no build target found for /home/lucas/projects/advent-of-code-25/src/main/scala/Main.scala. Using presentation compiler with project's scala-library version: 3.3.6[0m
2025.12.06 14:03:48 INFO  no build target found for /home/lucas/projects/advent-of-code-25/src/main/scala/Main.scala. Using presentation compiler with project's scala-library version: 3.3.6[0m
2025.12.06 14:03:49 INFO  no build target found for /home/lucas/projects/advent-of-code-25/src/main/scala/Main.scala. Using presentation compiler with project's scala-library version: 3.3.6[0m
2025.12.06 14:03:49 INFO  no build target found for /home/lucas/projects/advent-of-code-25/src/main/scala/Main.scala. Using presentation compiler with project's scala-library version: 3.3.6[0m
2025.12.06 14:03:49 INFO  no build target found for /home/lucas/projects/advent-of-code-25/src/main/scala/Main.scala. Using presentation compiler with project's scala-library version: 3.3.6[0m
Dec 06, 2025 2:03:50 PM org.eclipse.lsp4j.jsonrpc.RemoteEndpoint handleCancellation
WARNING: Unmatched cancel notification for request id 1562
2025.12.06 14:03:49 INFO  no build target found for /home/lucas/projects/advent-of-code-25/src/main/scala/Main.scala. Using presentation compiler with project's scala-library version: 3.3.6[0m
Dec 06, 2025 2:03:50 PM org.eclipse.lsp4j.jsonrpc.RemoteEndpoint handleCancellation
WARNING: Unmatched cancel notification for request id 1564
2025.12.06 14:03:49 INFO  no build target found for /home/lucas/projects/advent-of-code-25/src/main/scala/Main.scala. Using presentation compiler with project's scala-library version: 3.3.6[0m
2025.12.06 14:03:50 INFO  no build target found for /home/lucas/projects/advent-of-code-25/src/main/scala/Main.scala. Using presentation compiler with project's scala-library version: 3.3.6[0m
2025.12.06 14:03:49 INFO  no build target found for /home/lucas/projects/advent-of-code-25/src/main/scala/Main.scala. Using presentation compiler with project's scala-library version: 3.3.6[0m
2025.12.06 14:03:49 INFO  no build target found for /home/lucas/projects/advent-of-code-25/src/main/scala/Main.scala. Using presentation compiler with project's scala-library version: 3.3.6[0m
2025.12.06 14:03:50 INFO  no build target found for /home/lucas/projects/advent-of-code-25/src/main/scala/Main.scala. Using presentation compiler with project's scala-library version: 3.3.6[0m
2025.12.06 14:03:49 INFO  no build target found for /home/lucas/projects/advent-of-code-25/src/main/scala/Main.scala. Using presentation compiler with project's scala-library version: 3.3.6[0m
2025.12.06 14:03:49 INFO  no build target found for /home/lucas/projects/advent-of-code-25/src/main/scala/Main.scala. Using presentation compiler with project's scala-library version: 3.3.6[0m
2025.12.06 14:03:50 INFO  no build target found for /home/lucas/projects/advent-of-code-25/src/main/scala/Main.scala. Using presentation compiler with project's scala-library version: 3.3.6[0m
2025.12.06 14:03:51 INFO  no build target found for /home/lucas/projects/advent-of-code-25/src/main/scala/Main.scala. Using presentation compiler with project's scala-library version: 3.3.6[0m
2025.12.06 14:03:50 INFO  no build target found for /home/lucas/projects/advent-of-code-25/src/main/scala/Main.scala. Using presentation compiler with project's scala-library version: 3.3.6[0m
2025.12.06 14:03:51 INFO  no build target found for /home/lucas/projects/advent-of-code-25/src/main/scala/Main.scala. Using presentation compiler with project's scala-library version: 3.3.6[0m
2025.12.06 14:03:51 INFO  no build target found for /home/lucas/projects/advent-of-code-25/src/main/scala/Main.scala. Using presentation compiler with project's scala-library version: 3.3.6[0m
2025.12.06 14:03:51 INFO  no build target found for /home/lucas/projects/advent-of-code-25/src/main/scala/Main.scala. Using presentation compiler with project's scala-library version: 3.3.6[0m
2025.12.06 14:03:51 INFO  no build target found for /home/lucas/projects/advent-of-code-25/src/main/scala/Main.scala. Using presentation compiler with project's scala-library version: 3.3.6[0m
2025.12.06 14:03:52 INFO  no build target found for /home/lucas/projects/advent-of-code-25/src/main/scala/Main.scala. Using presentation compiler with project's scala-library version: 3.3.6[0m
2025.12.06 14:03:52 INFO  no build target found for /home/lucas/projects/advent-of-code-25/src/main/scala/Main.scala. Using presentation compiler with project's scala-library version: 3.3.6[0m
2025.12.06 14:03:52 INFO  no build target found for /home/lucas/projects/advent-of-code-25/src/main/scala/Main.scala. Using presentation compiler with project's scala-library version: 3.3.6[0m
2025.12.06 14:03:52 INFO  no build target found for /home/lucas/projects/advent-of-code-25/src/main/scala/Main.scala. Using presentation compiler with project's scala-library version: 3.3.6[0m
2025.12.06 14:03:52 INFO  no build target found for /home/lucas/projects/advent-of-code-25/src/main/scala/Main.scala. Using presentation compiler with project's scala-library version: 3.3.6[0m
2025.12.06 14:03:52 INFO  no build target found for /home/lucas/projects/advent-of-code-25/src/main/scala/Main.scala. Using presentation compiler with project's scala-library version: 3.3.6[0m
2025.12.06 14:03:53 INFO  no build target found for /home/lucas/projects/advent-of-code-25/src/main/scala/Main.scala. Using presentation compiler with project's scala-library version: 3.3.6[0m
2025.12.06 14:03:53 INFO  no build target found for /home/lucas/projects/advent-of-code-25/src/main/scala/Main.scala. Using presentation compiler with project's scala-library version: 3.3.6[0m
2025.12.06 14:03:53 INFO  no build target found for /home/lucas/projects/advent-of-code-25/src/main/scala/Main.scala. Using presentation compiler with project's scala-library version: 3.3.6[0m
2025.12.06 14:03:53 INFO  no build target found for /home/lucas/projects/advent-of-code-25/src/main/scala/Main.scala. Using presentation compiler with project's scala-library version: 3.3.6[0m
2025.12.06 14:03:53 INFO  no build target found for /home/lucas/projects/advent-of-code-25/src/main/scala/Main.scala. Using presentation compiler with project's scala-library version: 3.3.6[0m
2025.12.06 14:03:53 INFO  no build target found for /home/lucas/projects/advent-of-code-25/src/main/scala/Main.scala. Using presentation compiler with project's scala-library version: 3.3.6[0m
2025.12.06 14:03:53 INFO  no build target found for /home/lucas/projects/advent-of-code-25/src/main/scala/Main.scala. Using presentation compiler with project's scala-library version: 3.3.6[0m
2025.12.06 14:03:54 INFO  no build target found for /home/lucas/projects/advent-of-code-25/src/main/scala/Main.scala. Using presentation compiler with project's scala-library version: 3.3.6[0m
2025.12.06 14:03:53 INFO  no build target found for /home/lucas/projects/advent-of-code-25/src/main/scala/Main.scala. Using presentation compiler with project's scala-library version: 3.3.6[0m
2025.12.06 14:03:54 INFO  no build target found for /home/lucas/projects/advent-of-code-25/src/main/scala/Main.scala. Using presentation compiler with project's scala-library version: 3.3.6[0m
2025.12.06 14:03:54 INFO  no build target found for /home/lucas/projects/advent-of-code-25/src/main/scala/Main.scala. Using presentation compiler with project's scala-library version: 3.3.6[0m
2025.12.06 14:03:54 INFO  no build target found for /home/lucas/projects/advent-of-code-25/src/main/scala/Main.scala. Using presentation compiler with project's scala-library version: 3.3.6[0m
2025.12.06 14:03:55 INFO  no build target found for /home/lucas/projects/advent-of-code-25/src/main/scala/Main.scala. Using presentation compiler with project's scala-library version: 3.3.6[0m
2025.12.06 14:03:55 INFO  no build target found for /home/lucas/projects/advent-of-code-25/src/main/scala/Main.scala. Using presentation compiler with project's scala-library version: 3.3.6[0m
2025.12.06 14:03:56 INFO  no build target found for /home/lucas/projects/advent-of-code-25/src/main/scala/Main.scala. Using presentation compiler with project's scala-library version: 3.3.6[0m
2025.12.06 14:03:56 INFO  no build target found for /home/lucas/projects/advent-of-code-25/src/main/scala/Main.scala. Using presentation compiler with project's scala-library version: 3.3.6[0m
2025.12.06 14:03:56 INFO  no build target found for /home/lucas/projects/advent-of-code-25/src/main/scala/Main.scala. Using presentation compiler with project's scala-library version: 3.3.6[0m
2025.12.06 14:03:56 INFO  no build target found for /home/lucas/projects/advent-of-code-25/src/main/scala/Main.scala. Using presentation compiler with project's scala-library version: 3.3.6[0m
2025.12.06 14:03:56 INFO  no build target found for /home/lucas/projects/advent-of-code-25/src/main/scala/Main.scala. Using presentation compiler with project's scala-library version: 3.3.6[0m
2025.12.06 14:03:58 INFO  no build target found for /home/lucas/projects/advent-of-code-25/src/main/scala/Main.scala. Using presentation compiler with project's scala-library version: 3.3.6[0m
2025.12.06 14:03:58 INFO  no build target found for /home/lucas/projects/advent-of-code-25/src/main/scala/Main.scala. Using presentation compiler with project's scala-library version: 3.3.6[0m
2025.12.06 14:03:58 INFO  no build target found for /home/lucas/projects/advent-of-code-25/src/main/scala/Main.scala. Using presentation compiler with project's scala-library version: 3.3.6[0m
2025.12.06 14:03:58 INFO  no build target found for /home/lucas/projects/advent-of-code-25/src/main/scala/Main.scala. Using presentation compiler with project's scala-library version: 3.3.6[0m
2025.12.06 14:03:59 INFO  no build target found for /home/lucas/projects/advent-of-code-25/src/main/scala/Main.scala. Using presentation compiler with project's scala-library version: 3.3.6[0m
2025.12.06 14:03:59 INFO  no build target found for /home/lucas/projects/advent-of-code-25/src/main/scala/Main.scala. Using presentation compiler with project's scala-library version: 3.3.6[0m
2025.12.06 14:03:58 INFO  no build target found for /home/lucas/projects/advent-of-code-25/src/main/scala/Main.scala. Using presentation compiler with project's scala-library version: 3.3.6[0m
2025.12.06 14:03:59 INFO  no build target found for /home/lucas/projects/advent-of-code-25/src/main/scala/Main.scala. Using presentation compiler with project's scala-library version: 3.3.6[0m
2025.12.06 14:03:59 INFO  no build target found for /home/lucas/projects/advent-of-code-25/src/main/scala/Main.scala. Using presentation compiler with project's scala-library version: 3.3.6[0m
2025.12.06 14:03:59 INFO  no build target found for /home/lucas/projects/advent-of-code-25/src/main/scala/Main.scala. Using presentation compiler with project's scala-library version: 3.3.6[0m
2025.12.06 14:03:59 INFO  no build target found for /home/lucas/projects/advent-of-code-25/src/main/scala/Main.scala. Using presentation compiler with project's scala-library version: 3.3.6[0m
2025.12.06 14:03:59 INFO  no build target found for /home/lucas/projects/advent-of-code-25/src/main/scala/Main.scala. Using presentation compiler with project's scala-library version: 3.3.6[0m
2025.12.06 14:03:59 INFO  no build target found for /home/lucas/projects/advent-of-code-25/src/main/scala/Main.scala. Using presentation compiler with project's scala-library version: 3.3.6[0m
2025.12.06 14:03:59 INFO  no build target found for /home/lucas/projects/advent-of-code-25/src/main/scala/Main.scala. Using presentation compiler with project's scala-library version: 3.3.6[0m
2025.12.06 14:04:00 INFO  no build target found for /home/lucas/projects/advent-of-code-25/src/main/scala/Main.scala. Using presentation compiler with project's scala-library version: 3.3.6[0m
2025.12.06 14:04:00 INFO  no build target found for /home/lucas/projects/advent-of-code-25/src/main/scala/Main.scala. Using presentation compiler with project's scala-library version: 3.3.6[0m
2025.12.06 14:04:00 INFO  no build target found for /home/lucas/projects/advent-of-code-25/src/main/scala/Main.scala. Using presentation compiler with project's scala-library version: 3.3.6[0m
2025.12.06 14:04:00 INFO  no build target found for /home/lucas/projects/advent-of-code-25/src/main/scala/Main.scala. Using presentation compiler with project's scala-library version: 3.3.6[0m
2025.12.06 14:04:02 INFO  no build target found for /home/lucas/projects/advent-of-code-25/src/main/scala/Main.scala. Using presentation compiler with project's scala-library version: 3.3.6[0m
2025.12.06 14:04:02 INFO  no build target found for /home/lucas/projects/advent-of-code-25/src/main/scala/Main.scala. Using presentation compiler with project's scala-library version: 3.3.6[0m
2025.12.06 14:04:02 INFO  no build target found for /home/lucas/projects/advent-of-code-25/src/main/scala/Main.scala. Using presentation compiler with project's scala-library version: 3.3.6[0m
2025.12.06 14:04:02 INFO  no build target found for /home/lucas/projects/advent-of-code-25/src/main/scala/Main.scala. Using presentation compiler with project's scala-library version: 3.3.6[0m
2025.12.06 14:04:03 INFO  no build target found for /home/lucas/projects/advent-of-code-25/src/main/scala/Main.scala. Using presentation compiler with project's scala-library version: 3.3.6[0m
2025.12.06 14:04:02 INFO  no build target found for /home/lucas/projects/advent-of-code-25/src/main/scala/Main.scala. Using presentation compiler with project's scala-library version: 3.3.6[0m
2025.12.06 14:04:03 INFO  no build target found for /home/lucas/projects/advent-of-code-25/src/main/scala/Main.scala. Using presentation compiler with project's scala-library version: 3.3.6[0m
2025.12.06 14:04:03 INFO  no build target found for /home/lucas/projects/advent-of-code-25/src/main/scala/Main.scala. Using presentation compiler with project's scala-library version: 3.3.6[0m
2025.12.06 14:04:03 INFO  no build target found for /home/lucas/projects/advent-of-code-25/src/main/scala/Main.scala. Using presentation compiler with project's scala-library version: 3.3.6[0m
2025.12.06 14:04:03 INFO  no build target found for /home/lucas/projects/advent-of-code-25/src/main/scala/Main.scala. Using presentation compiler with project's scala-library version: 3.3.6[0m
2025.12.06 14:04:03 INFO  no build target found for /home/lucas/projects/advent-of-code-25/src/main/scala/Main.scala. Using presentation compiler with project's scala-library version: 3.3.6[0m
Dec 06, 2025 2:04:04 PM org.eclipse.lsp4j.jsonrpc.RemoteEndpoint handleCancellation
WARNING: Unmatched cancel notification for request id 1683
2025.12.06 14:04:03 INFO  no build target found for /home/lucas/projects/advent-of-code-25/src/main/scala/Main.scala. Using presentation compiler with project's scala-library version: 3.3.6[0m
2025.12.06 14:04:03 INFO  no build target found for /home/lucas/projects/advent-of-code-25/src/main/scala/Main.scala. Using presentation compiler with project's scala-library version: 3.3.6[0m
2025.12.06 14:04:03 INFO  no build target found for /home/lucas/projects/advent-of-code-25/src/main/scala/Main.scala. Using presentation compiler with project's scala-library version: 3.3.6[0m
2025.12.06 14:04:03 INFO  no build target found for /home/lucas/projects/advent-of-code-25/src/main/scala/Main.scala. Using presentation compiler with project's scala-library version: 3.3.6[0m
2025.12.06 14:04:03 INFO  no build target found for /home/lucas/projects/advent-of-code-25/src/main/scala/Main.scala. Using presentation compiler with project's scala-library version: 3.3.6[0m
2025.12.06 14:04:04 INFO  no build target found for /home/lucas/projects/advent-of-code-25/src/main/scala/Main.scala. Using presentation compiler with project's scala-library version: 3.3.6[0m
2025.12.06 14:04:03 INFO  no build target found for /home/lucas/projects/advent-of-code-25/src/main/scala/Main.scala. Using presentation compiler with project's scala-library version: 3.3.6[0m
2025.12.06 14:04:03 INFO  no build target found for /home/lucas/projects/advent-of-code-25/src/main/scala/Main.scala. Using presentation compiler with project's scala-library version: 3.3.6[0m
Dec 06, 2025 2:04:04 PM org.eclipse.lsp4j.jsonrpc.RemoteEndpoint handleCancellation
WARNING: Unmatched cancel notification for request id 1691
2025.12.06 14:04:04 INFO  no build target found for /home/lucas/projects/advent-of-code-25/src/main/scala/Main.scala. Using presentation compiler with project's scala-library version: 3.3.6[0m
2025.12.06 14:04:04 INFO  no build target found for /home/lucas/projects/advent-of-code-25/src/main/scala/Main.scala. Using presentation compiler with project's scala-library version: 3.3.6[0m
2025.12.06 14:04:04 INFO  no build target found for /home/lucas/projects/advent-of-code-25/src/main/scala/Main.scala. Using presentation compiler with project's scala-library version: 3.3.6[0m
2025.12.06 14:04:04 INFO  no build target found for /home/lucas/projects/advent-of-code-25/src/main/scala/Main.scala. Using presentation compiler with project's scala-library version: 3.3.6[0m
2025.12.06 14:04:05 INFO  no build target found for /home/lucas/projects/advent-of-code-25/src/main/scala/Main.scala. Using presentation compiler with project's scala-library version: 3.3.6[0m
2025.12.06 14:04:05 INFO  no build target found for /home/lucas/projects/advent-of-code-25/src/main/scala/Main.scala. Using presentation compiler with project's scala-library version: 3.3.6[0m
2025.12.06 14:04:05 INFO  no build target found for /home/lucas/projects/advent-of-code-25/src/main/scala/Main.scala. Using presentation compiler with project's scala-library version: 3.3.6[0m
2025.12.06 14:04:05 INFO  no build target found for /home/lucas/projects/advent-of-code-25/src/main/scala/Main.scala. Using presentation compiler with project's scala-library version: 3.3.6[0m
2025.12.06 14:04:06 WARN  no build target for: /home/lucas/projects/advent-of-code-25/src/main/scala/Main.scala[0m
2025.12.06 14:04:06 INFO  no build target found for /home/lucas/projects/advent-of-code-25/src/main/scala/Main.scala. Using presentation compiler with project's scala-library version: 3.3.6[0m
2025.12.06 14:04:09 INFO  no build target found for /home/lucas/projects/advent-of-code-25/src/main/scala/Main.scala. Using presentation compiler with project's scala-library version: 3.3.6[0m
2025.12.06 14:04:09 INFO  no build target found for /home/lucas/projects/advent-of-code-25/src/main/scala/Main.scala. Using presentation compiler with project's scala-library version: 3.3.6[0m
2025.12.06 14:04:09 INFO  no build target found for /home/lucas/projects/advent-of-code-25/src/main/scala/Main.scala. Using presentation compiler with project's scala-library version: 3.3.6[0m
2025.12.06 14:04:09 INFO  no build target found for /home/lucas/projects/advent-of-code-25/src/main/scala/Main.scala. Using presentation compiler with project's scala-library version: 3.3.6[0m
2025.12.06 14:04:09 INFO  no build target found for /home/lucas/projects/advent-of-code-25/src/main/scala/Main.scala. Using presentation compiler with project's scala-library version: 3.3.6[0m
2025.12.06 14:04:10 INFO  no build target found for /home/lucas/projects/advent-of-code-25/src/main/scala/Main.scala. Using presentation compiler with project's scala-library version: 3.3.6[0m
2025.12.06 14:04:09 INFO  no build target found for /home/lucas/projects/advent-of-code-25/src/main/scala/Main.scala. Using presentation compiler with project's scala-library version: 3.3.6[0m
2025.12.06 14:04:10 INFO  no build target found for /home/lucas/projects/advent-of-code-25/src/main/scala/Main.scala. Using presentation compiler with project's scala-library version: 3.3.6[0m
2025.12.06 14:04:10 INFO  no build target found for /home/lucas/projects/advent-of-code-25/src/main/scala/Main.scala. Using presentation compiler with project's scala-library version: 3.3.6[0m
2025.12.06 14:04:10 INFO  no build target found for /home/lucas/projects/advent-of-code-25/src/main/scala/Main.scala. Using presentation compiler with project's scala-library version: 3.3.6[0m
2025.12.06 14:04:11 INFO  no build target found for /home/lucas/projects/advent-of-code-25/src/main/scala/Main.scala. Using presentation compiler with project's scala-library version: 3.3.6[0m
2025.12.06 14:04:12 INFO  no build target found for /home/lucas/projects/advent-of-code-25/src/main/scala/Main.scala. Using presentation compiler with project's scala-library version: 3.3.6[0m
2025.12.06 14:04:12 INFO  no build target found for /home/lucas/projects/advent-of-code-25/src/main/scala/Main.scala. Using presentation compiler with project's scala-library version: 3.3.6[0m
2025.12.06 14:04:12 INFO  no build target found for /home/lucas/projects/advent-of-code-25/src/main/scala/Main.scala. Using presentation compiler with project's scala-library version: 3.3.6[0m
2025.12.06 14:04:13 INFO  no build target found for /home/lucas/projects/advent-of-code-25/src/main/scala/Main.scala. Using presentation compiler with project's scala-library version: 3.3.6[0m
2025.12.06 14:04:13 INFO  no build target found for /home/lucas/projects/advent-of-code-25/src/main/scala/Main.scala. Using presentation compiler with project's scala-library version: 3.3.6[0m
2025.12.06 14:04:13 INFO  no build target found for /home/lucas/projects/advent-of-code-25/src/main/scala/Main.scala. Using presentation compiler with project's scala-library version: 3.3.6[0m
2025.12.06 14:04:13 INFO  no build target found for /home/lucas/projects/advent-of-code-25/src/main/scala/Main.scala. Using presentation compiler with project's scala-library version: 3.3.6[0m
2025.12.06 14:04:14 INFO  no build target found for /home/lucas/projects/advent-of-code-25/src/main/scala/Main.scala. Using presentation compiler with project's scala-library version: 3.3.6[0m
2025.12.06 14:04:14 INFO  no build target found for /home/lucas/projects/advent-of-code-25/src/main/scala/Main.scala. Using presentation compiler with project's scala-library version: 3.3.6[0m
2025.12.06 14:04:14 INFO  no build target found for /home/lucas/projects/advent-of-code-25/src/main/scala/Main.scala. Using presentation compiler with project's scala-library version: 3.3.6[0m
2025.12.06 14:04:16 INFO  no build target found for /home/lucas/projects/advent-of-code-25/src/main/scala/Main.scala. Using presentation compiler with project's scala-library version: 3.3.6[0m
2025.12.06 14:04:18 INFO  no build target found for /home/lucas/projects/advent-of-code-25/src/main/scala/Main.scala. Using presentation compiler with project's scala-library version: 3.3.6[0m
2025.12.06 14:04:19 INFO  no build target found for /home/lucas/projects/advent-of-code-25/src/main/scala/Main.scala. Using presentation compiler with project's scala-library version: 3.3.6[0m
2025.12.06 14:04:18 INFO  no build target found for /home/lucas/projects/advent-of-code-25/src/main/scala/Main.scala. Using presentation compiler with project's scala-library version: 3.3.6[0m
2025.12.06 14:04:19 INFO  no build target found for /home/lucas/projects/advent-of-code-25/src/main/scala/Main.scala. Using presentation compiler with project's scala-library version: 3.3.6[0m
2025.12.06 14:04:18 INFO  no build target found for /home/lucas/projects/advent-of-code-25/src/main/scala/Main.scala. Using presentation compiler with project's scala-library version: 3.3.6[0m
2025.12.06 14:04:20 INFO  no build target found for /home/lucas/projects/advent-of-code-25/src/main/scala/Main.scala. Using presentation compiler with project's scala-library version: 3.3.6[0m
2025.12.06 14:04:20 INFO  no build target found for /home/lucas/projects/advent-of-code-25/src/main/scala/Main.scala. Using presentation compiler with project's scala-library version: 3.3.6[0m
2025.12.06 14:04:20 INFO  no build target found for /home/lucas/projects/advent-of-code-25/src/main/scala/Main.scala. Using presentation compiler with project's scala-library version: 3.3.6[0m
2025.12.06 14:04:20 INFO  no build target found for /home/lucas/projects/advent-of-code-25/src/main/scala/Main.scala. Using presentation compiler with project's scala-library version: 3.3.6[0m
2025.12.06 14:04:20 INFO  no build target found for /home/lucas/projects/advent-of-code-25/src/main/scala/Main.scala. Using presentation compiler with project's scala-library version: 3.3.6[0m
2025.12.06 14:04:20 INFO  no build target found for /home/lucas/projects/advent-of-code-25/src/main/scala/Main.scala. Using presentation compiler with project's scala-library version: 3.3.6[0m
2025.12.06 14:04:20 INFO  no build target found for /home/lucas/projects/advent-of-code-25/src/main/scala/Main.scala. Using presentation compiler with project's scala-library version: 3.3.6[0m
2025.12.06 14:04:21 INFO  no build target found for /home/lucas/projects/advent-of-code-25/src/main/scala/Main.scala. Using presentation compiler with project's scala-library version: 3.3.6[0m
2025.12.06 14:04:21 INFO  no build target found for /home/lucas/projects/advent-of-code-25/src/main/scala/Main.scala. Using presentation compiler with project's scala-library version: 3.3.6[0m
2025.12.06 14:04:21 INFO  no build target found for /home/lucas/projects/advent-of-code-25/src/main/scala/Main.scala. Using presentation compiler with project's scala-library version: 3.3.6[0m
2025.12.06 14:04:21 INFO  no build target found for /home/lucas/projects/advent-of-code-25/src/main/scala/Main.scala. Using presentation compiler with project's scala-library version: 3.3.6[0m
2025.12.06 14:04:21 INFO  no build target found for /home/lucas/projects/advent-of-code-25/src/main/scala/Main.scala. Using presentation compiler with project's scala-library version: 3.3.6[0m
2025.12.06 14:04:22 INFO  no build target found for /home/lucas/projects/advent-of-code-25/src/main/scala/Main.scala. Using presentation compiler with project's scala-library version: 3.3.6[0m
2025.12.06 14:04:23 INFO  no build target found for /home/lucas/projects/advent-of-code-25/src/main/scala/Main.scala. Using presentation compiler with project's scala-library version: 3.3.6[0m
2025.12.06 14:04:24 INFO  no build target found for /home/lucas/projects/advent-of-code-25/src/main/scala/Main.scala. Using presentation compiler with project's scala-library version: 3.3.6[0m
2025.12.06 14:04:24 INFO  no build target found for /home/lucas/projects/advent-of-code-25/src/main/scala/Main.scala. Using presentation compiler with project's scala-library version: 3.3.6[0m
2025.12.06 14:04:24 INFO  no build target found for /home/lucas/projects/advent-of-code-25/src/main/scala/Main.scala. Using presentation compiler with project's scala-library version: 3.3.6[0m
2025.12.06 14:04:24 INFO  no build target found for /home/lucas/projects/advent-of-code-25/src/main/scala/Main.scala. Using presentation compiler with project's scala-library version: 3.3.6[0m
2025.12.06 14:04:24 INFO  no build target found for /home/lucas/projects/advent-of-code-25/src/main/scala/Main.scala. Using presentation compiler with project's scala-library version: 3.3.6[0m
2025.12.06 14:04:24 INFO  no build target found for /home/lucas/projects/advent-of-code-25/src/main/scala/Main.scala. Using presentation compiler with project's scala-library version: 3.3.6[0m
2025.12.06 14:04:25 INFO  no build target found for /home/lucas/projects/advent-of-code-25/src/main/scala/Main.scala. Using presentation compiler with project's scala-library version: 3.3.6[0m
2025.12.06 14:04:25 INFO  no build target found for /home/lucas/projects/advent-of-code-25/src/main/scala/Main.scala. Using presentation compiler with project's scala-library version: 3.3.6[0m
2025.12.06 14:04:25 INFO  no build target found for /home/lucas/projects/advent-of-code-25/src/main/scala/Main.scala. Using presentation compiler with project's scala-library version: 3.3.6[0m
2025.12.06 14:04:25 INFO  no build target found for /home/lucas/projects/advent-of-code-25/src/main/scala/Main.scala. Using presentation compiler with project's scala-library version: 3.3.6[0m
2025.12.06 14:04:25 INFO  no build target found for /home/lucas/projects/advent-of-code-25/src/main/scala/Main.scala. Using presentation compiler with project's scala-library version: 3.3.6[0m
2025.12.06 14:04:25 INFO  no build target found for /home/lucas/projects/advent-of-code-25/src/main/scala/Main.scala. Using presentation compiler with project's scala-library version: 3.3.6[0m
2025.12.06 14:04:25 INFO  no build target found for /home/lucas/projects/advent-of-code-25/src/main/scala/Main.scala. Using presentation compiler with project's scala-library version: 3.3.6[0m
2025.12.06 14:04:26 INFO  no build target found for /home/lucas/projects/advent-of-code-25/src/main/scala/Main.scala. Using presentation compiler with project's scala-library version: 3.3.6[0m
2025.12.06 14:04:26 INFO  no build target found for /home/lucas/projects/advent-of-code-25/src/main/scala/Main.scala. Using presentation compiler with project's scala-library version: 3.3.6[0m
2025.12.06 14:04:25 INFO  no build target found for /home/lucas/projects/advent-of-code-25/src/main/scala/Main.scala. Using presentation compiler with project's scala-library version: 3.3.6[0m
2025.12.06 14:04:26 INFO  no build target found for /home/lucas/projects/advent-of-code-25/src/main/scala/Main.scala. Using presentation compiler with project's scala-library version: 3.3.6[0m
2025.12.06 14:04:26 INFO  no build target found for /home/lucas/projects/advent-of-code-25/src/main/scala/Main.scala. Using presentation compiler with project's scala-library version: 3.3.6[0m
2025.12.06 14:04:26 INFO  no build target found for /home/lucas/projects/advent-of-code-25/src/main/scala/Main.scala. Using presentation compiler with project's scala-library version: 3.3.6[0m
2025.12.06 14:04:26 WARN  no build target for: /home/lucas/projects/advent-of-code-25/src/main/scala/Main.scala[0m
2025.12.06 14:04:26 INFO  no build target found for /home/lucas/projects/advent-of-code-25/src/main/scala/Main.scala. Using presentation compiler with project's scala-library version: 3.3.6[0m
2025.12.06 14:04:27 INFO  no build target found for /home/lucas/projects/advent-of-code-25/src/main/scala/Main.scala. Using presentation compiler with project's scala-library version: 3.3.6[0m
2025.12.06 14:04:29 INFO  no build target found for /home/lucas/projects/advent-of-code-25/src/main/scala/Main.scala. Using presentation compiler with project's scala-library version: 3.3.6[0m
2025.12.06 14:04:29 INFO  no build target found for /home/lucas/projects/advent-of-code-25/src/main/scala/Main.scala. Using presentation compiler with project's scala-library version: 3.3.6[0m
2025.12.06 14:04:29 INFO  no build target found for /home/lucas/projects/advent-of-code-25/src/main/scala/Main.scala. Using presentation compiler with project's scala-library version: 3.3.6[0m
2025.12.06 14:04:29 INFO  no build target found for /home/lucas/projects/advent-of-code-25/src/main/scala/Main.scala. Using presentation compiler with project's scala-library version: 3.3.6[0m
2025.12.06 14:04:31 INFO  no build target found for /home/lucas/projects/advent-of-code-25/src/main/scala/Main.scala. Using presentation compiler with project's scala-library version: 3.3.6[0m
2025.12.06 14:04:31 INFO  no build target found for /home/lucas/projects/advent-of-code-25/src/main/scala/Main.scala. Using presentation compiler with project's scala-library version: 3.3.6[0m
2025.12.06 14:04:33 INFO  no build target found for /home/lucas/projects/advent-of-code-25/src/main/scala/Main.scala. Using presentation compiler with project's scala-library version: 3.3.6[0m
2025.12.06 14:04:33 INFO  no build target found for /home/lucas/projects/advent-of-code-25/src/main/scala/Main.scala. Using presentation compiler with project's scala-library version: 3.3.6[0m
2025.12.06 14:04:33 INFO  no build target found for /home/lucas/projects/advent-of-code-25/src/main/scala/Main.scala. Using presentation compiler with project's scala-library version: 3.3.6[0m
2025.12.06 14:05:01 INFO  no build target found for /home/lucas/projects/advent-of-code-25/src/main/scala/Main.scala. Using presentation compiler with project's scala-library version: 3.3.6[0m
2025.12.06 14:05:07 INFO  no build target found for /home/lucas/projects/advent-of-code-25/src/main/scala/Main.scala. Using presentation compiler with project's scala-library version: 3.3.6[0m
2025.12.06 14:05:08 INFO  no build target found for /home/lucas/projects/advent-of-code-25/src/main/scala/Main.scala. Using presentation compiler with project's scala-library version: 3.3.6[0m
2025.12.06 14:05:08 INFO  no build target found for /home/lucas/projects/advent-of-code-25/src/main/scala/Main.scala. Using presentation compiler with project's scala-library version: 3.3.6[0m
2025.12.06 14:05:08 INFO  no build target found for /home/lucas/projects/advent-of-code-25/src/main/scala/Main.scala. Using presentation compiler with project's scala-library version: 3.3.6[0m
2025.12.06 14:05:08 INFO  no build target found for /home/lucas/projects/advent-of-code-25/src/main/scala/Main.scala. Using presentation compiler with project's scala-library version: 3.3.6[0m
2025.12.06 14:05:08 INFO  no build target found for /home/lucas/projects/advent-of-code-25/src/main/scala/Main.scala. Using presentation compiler with project's scala-library version: 3.3.6[0m
2025.12.06 14:05:09 WARN  no build target for: /home/lucas/projects/advent-of-code-25/src/main/scala/Main.scala[0m
2025.12.06 14:05:09 INFO  no build target found for /home/lucas/projects/advent-of-code-25/src/main/scala/Main.scala. Using presentation compiler with project's scala-library version: 3.3.6[0m
2025.12.06 14:05:11 INFO  no build target found for /home/lucas/projects/advent-of-code-25/src/main/scala/Main.scala. Using presentation compiler with project's scala-library version: 3.3.6[0m
2025.12.06 14:05:18 INFO  no build target found for /home/lucas/projects/advent-of-code-25/src/main/scala/Main.scala. Using presentation compiler with project's scala-library version: 3.3.6[0m
2025.12.06 14:05:20 INFO  no build target found for /home/lucas/projects/advent-of-code-25/src/main/scala/Main.scala. Using presentation compiler with project's scala-library version: 3.3.6[0m
2025.12.06 14:05:20 INFO  no build target found for /home/lucas/projects/advent-of-code-25/src/main/scala/Main.scala. Using presentation compiler with project's scala-library version: 3.3.6[0m
2025.12.06 14:05:20 INFO  no build target found for /home/lucas/projects/advent-of-code-25/src/main/scala/Main.scala. Using presentation compiler with project's scala-library version: 3.3.6[0m
2025.12.06 14:05:20 INFO  no build target found for /home/lucas/projects/advent-of-code-25/src/main/scala/Main.scala. Using presentation compiler with project's scala-library version: 3.3.6[0m
2025.12.06 14:05:21 INFO  no build target found for /home/lucas/projects/advent-of-code-25/src/main/scala/Main.scala. Using presentation compiler with project's scala-library version: 3.3.6[0m
2025.12.06 14:05:21 INFO  no build target found for /home/lucas/projects/advent-of-code-25/src/main/scala/Main.scala. Using presentation compiler with project's scala-library version: 3.3.6[0m
2025.12.06 14:05:21 INFO  no build target found for /home/lucas/projects/advent-of-code-25/src/main/scala/Main.scala. Using presentation compiler with project's scala-library version: 3.3.6[0m
2025.12.06 14:05:21 INFO  no build target found for /home/lucas/projects/advent-of-code-25/src/main/scala/Main.scala. Using presentation compiler with project's scala-library version: 3.3.6[0m
2025.12.06 14:05:21 INFO  no build target found for /home/lucas/projects/advent-of-code-25/src/main/scala/Main.scala. Using presentation compiler with project's scala-library version: 3.3.6[0m
2025.12.06 14:05:21 INFO  no build target found for /home/lucas/projects/advent-of-code-25/src/main/scala/Main.scala. Using presentation compiler with project's scala-library version: 3.3.6[0m
2025.12.06 14:05:21 INFO  no build target found for /home/lucas/projects/advent-of-code-25/src/main/scala/Main.scala. Using presentation compiler with project's scala-library version: 3.3.6[0m
2025.12.06 14:05:22 INFO  no build target found for /home/lucas/projects/advent-of-code-25/src/main/scala/Main.scala. Using presentation compiler with project's scala-library version: 3.3.6[0m
2025.12.06 14:05:38 INFO  no build target found for /home/lucas/projects/advent-of-code-25/src/main/scala/Main.scala. Using presentation compiler with project's scala-library version: 3.3.6[0m
2025.12.06 14:05:40 INFO  no build target found for /home/lucas/projects/advent-of-code-25/src/main/scala/Main.scala. Using presentation compiler with project's scala-library version: 3.3.6[0m
2025.12.06 14:05:40 INFO  no build target found for /home/lucas/projects/advent-of-code-25/src/main/scala/Main.scala. Using presentation compiler with project's scala-library version: 3.3.6[0m
2025.12.06 14:05:42 INFO  no build target found for /home/lucas/projects/advent-of-code-25/src/main/scala/Main.scala. Using presentation compiler with project's scala-library version: 3.3.6[0m
2025.12.06 14:05:42 INFO  no build target found for /home/lucas/projects/advent-of-code-25/src/main/scala/Main.scala. Using presentation compiler with project's scala-library version: 3.3.6[0m
2025.12.06 14:05:42 INFO  no build target found for /home/lucas/projects/advent-of-code-25/src/main/scala/Main.scala. Using presentation compiler with project's scala-library version: 3.3.6[0m
2025.12.06 14:05:42 INFO  no build target found for /home/lucas/projects/advent-of-code-25/src/main/scala/Main.scala. Using presentation compiler with project's scala-library version: 3.3.6[0m
2025.12.06 14:05:42 INFO  no build target found for /home/lucas/projects/advent-of-code-25/src/main/scala/Main.scala. Using presentation compiler with project's scala-library version: 3.3.6[0m
2025.12.06 14:05:42 INFO  no build target found for /home/lucas/projects/advent-of-code-25/src/main/scala/Main.scala. Using presentation compiler with project's scala-library version: 3.3.6[0m
2025.12.06 14:05:43 INFO  no build target found for /home/lucas/projects/advent-of-code-25/src/main/scala/Main.scala. Using presentation compiler with project's scala-library version: 3.3.6[0m
2025.12.06 14:05:43 INFO  no build target found for /home/lucas/projects/advent-of-code-25/src/main/scala/Main.scala. Using presentation compiler with project's scala-library version: 3.3.6[0m
2025.12.06 14:05:43 INFO  no build target found for /home/lucas/projects/advent-of-code-25/src/main/scala/Main.scala. Using presentation compiler with project's scala-library version: 3.3.6[0m
2025.12.06 14:05:43 INFO  no build target found for /home/lucas/projects/advent-of-code-25/src/main/scala/Main.scala. Using presentation compiler with project's scala-library version: 3.3.6[0m
2025.12.06 14:05:43 INFO  no build target found for /home/lucas/projects/advent-of-code-25/src/main/scala/Main.scala. Using presentation compiler with project's scala-library version: 3.3.6[0m
2025.12.06 14:05:43 INFO  no build target found for /home/lucas/projects/advent-of-code-25/src/main/scala/Main.scala. Using presentation compiler with project's scala-library version: 3.3.6[0m
2025.12.06 14:05:44 INFO  no build target found for /home/lucas/projects/advent-of-code-25/src/main/scala/Main.scala. Using presentation compiler with project's scala-library version: 3.3.6[0m
2025.12.06 14:05:43 INFO  no build target found for /home/lucas/projects/advent-of-code-25/src/main/scala/Main.scala. Using presentation compiler with project's scala-library version: 3.3.6[0m
2025.12.06 14:05:44 INFO  no build target found for /home/lucas/projects/advent-of-code-25/src/main/scala/Main.scala. Using presentation compiler with project's scala-library version: 3.3.6[0m
2025.12.06 14:05:44 INFO  no build target found for /home/lucas/projects/advent-of-code-25/src/main/scala/Main.scala. Using presentation compiler with project's scala-library version: 3.3.6[0m
2025.12.06 14:05:44 INFO  no build target found for /home/lucas/projects/advent-of-code-25/src/main/scala/Main.scala. Using presentation compiler with project's scala-library version: 3.3.6[0m
2025.12.06 14:05:45 INFO  no build target found for /home/lucas/projects/advent-of-code-25/src/main/scala/Main.scala. Using presentation compiler with project's scala-library version: 3.3.6[0m
2025.12.06 14:05:45 INFO  no build target found for /home/lucas/projects/advent-of-code-25/src/main/scala/Main.scala. Using presentation compiler with project's scala-library version: 3.3.6[0m
2025.12.06 14:05:45 INFO  no build target found for /home/lucas/projects/advent-of-code-25/src/main/scala/Main.scala. Using presentation compiler with project's scala-library version: 3.3.6[0m
2025.12.06 14:05:45 INFO  no build target found for /home/lucas/projects/advent-of-code-25/src/main/scala/Main.scala. Using presentation compiler with project's scala-library version: 3.3.6[0m
2025.12.06 14:05:45 INFO  no build target found for /home/lucas/projects/advent-of-code-25/src/main/scala/Main.scala. Using presentation compiler with project's scala-library version: 3.3.6[0m
2025.12.06 14:05:45 INFO  no build target found for /home/lucas/projects/advent-of-code-25/src/main/scala/Main.scala. Using presentation compiler with project's scala-library version: 3.3.6[0m
2025.12.06 14:05:46 INFO  no build target found for /home/lucas/projects/advent-of-code-25/src/main/scala/Main.scala. Using presentation compiler with project's scala-library version: 3.3.6[0m
2025.12.06 14:05:46 WARN  no build target for: /home/lucas/projects/advent-of-code-25/src/main/scala/Main.scala[0m
2025.12.06 14:05:46 INFO  no build target found for /home/lucas/projects/advent-of-code-25/src/main/scala/Main.scala. Using presentation compiler with project's scala-library version: 3.3.6[0m
2025.12.06 14:05:46 INFO  no build target found for /home/lucas/projects/advent-of-code-25/src/main/scala/Main.scala. Using presentation compiler with project's scala-library version: 3.3.6[0m
2025.12.06 14:05:46 INFO  no build target found for /home/lucas/projects/advent-of-code-25/src/main/scala/Main.scala. Using presentation compiler with project's scala-library version: 3.3.6[0m
2025.12.06 14:05:49 INFO  no build target found for /home/lucas/projects/advent-of-code-25/src/main/scala/Main.scala. Using presentation compiler with project's scala-library version: 3.3.6[0m
2025.12.06 14:05:51 INFO  no build target found for /home/lucas/projects/advent-of-code-25/src/main/scala/Main.scala. Using presentation compiler with project's scala-library version: 3.3.6[0m
2025.12.06 14:05:51 INFO  no build target found for /home/lucas/projects/advent-of-code-25/src/main/scala/Main.scala. Using presentation compiler with project's scala-library version: 3.3.6[0m
2025.12.06 14:05:51 INFO  no build target found for /home/lucas/projects/advent-of-code-25/src/main/scala/Main.scala. Using presentation compiler with project's scala-library version: 3.3.6[0m
2025.12.06 14:05:51 INFO  no build target found for /home/lucas/projects/advent-of-code-25/src/main/scala/Main.scala. Using presentation compiler with project's scala-library version: 3.3.6[0m
2025.12.06 14:05:52 INFO  no build target found for /home/lucas/projects/advent-of-code-25/src/main/scala/Main.scala. Using presentation compiler with project's scala-library version: 3.3.6[0m
2025.12.06 14:05:52 INFO  no build target found for /home/lucas/projects/advent-of-code-25/src/main/scala/Main.scala. Using presentation compiler with project's scala-library version: 3.3.6[0m
2025.12.06 14:05:52 INFO  no build target found for /home/lucas/projects/advent-of-code-25/src/main/scala/Main.scala. Using presentation compiler with project's scala-library version: 3.3.6[0m
2025.12.06 14:05:52 INFO  no build target found for /home/lucas/projects/advent-of-code-25/src/main/scala/Main.scala. Using presentation compiler with project's scala-library version: 3.3.6[0m
2025.12.06 14:05:52 INFO  no build target found for /home/lucas/projects/advent-of-code-25/src/main/scala/Main.scala. Using presentation compiler with project's scala-library version: 3.3.6[0m
2025.12.06 14:05:52 INFO  no build target found for /home/lucas/projects/advent-of-code-25/src/main/scala/Main.scala. Using presentation compiler with project's scala-library version: 3.3.6[0m
2025.12.06 14:05:53 INFO  no build target found for /home/lucas/projects/advent-of-code-25/src/main/scala/Main.scala. Using presentation compiler with project's scala-library version: 3.3.6[0m
2025.12.06 14:05:53 INFO  no build target found for /home/lucas/projects/advent-of-code-25/src/main/scala/Main.scala. Using presentation compiler with project's scala-library version: 3.3.6[0m
2025.12.06 14:05:53 INFO  no build target found for /home/lucas/projects/advent-of-code-25/src/main/scala/Main.scala. Using presentation compiler with project's scala-library version: 3.3.6[0m
2025.12.06 14:05:53 INFO  no build target found for /home/lucas/projects/advent-of-code-25/src/main/scala/Main.scala. Using presentation compiler with project's scala-library version: 3.3.6[0m
2025.12.06 14:05:53 INFO  no build target found for /home/lucas/projects/advent-of-code-25/src/main/scala/Main.scala. Using presentation compiler with project's scala-library version: 3.3.6[0m
2025.12.06 14:05:53 INFO  no build target found for /home/lucas/projects/advent-of-code-25/src/main/scala/Main.scala. Using presentation compiler with project's scala-library version: 3.3.6[0m
2025.12.06 14:05:53 INFO  no build target found for /home/lucas/projects/advent-of-code-25/src/main/scala/Main.scala. Using presentation compiler with project's scala-library version: 3.3.6[0m
2025.12.06 14:05:53 INFO  no build target found for /home/lucas/projects/advent-of-code-25/src/main/scala/Main.scala. Using presentation compiler with project's scala-library version: 3.3.6[0m
2025.12.06 14:05:53 INFO  no build target found for /home/lucas/projects/advent-of-code-25/src/main/scala/Main.scala. Using presentation compiler with project's scala-library version: 3.3.6[0m
2025.12.06 14:05:53 INFO  no build target found for /home/lucas/projects/advent-of-code-25/src/main/scala/Main.scala. Using presentation compiler with project's scala-library version: 3.3.6[0m
2025.12.06 14:05:55 INFO  no build target found for /home/lucas/projects/advent-of-code-25/src/main/scala/Main.scala. Using presentation compiler with project's scala-library version: 3.3.6[0m
2025.12.06 14:05:55 INFO  no build target found for /home/lucas/projects/advent-of-code-25/src/main/scala/Main.scala. Using presentation compiler with project's scala-library version: 3.3.6[0m
2025.12.06 14:05:55 INFO  no build target found for /home/lucas/projects/advent-of-code-25/src/main/scala/Main.scala. Using presentation compiler with project's scala-library version: 3.3.6[0m
2025.12.06 14:05:55 INFO  no build target found for /home/lucas/projects/advent-of-code-25/src/main/scala/Main.scala. Using presentation compiler with project's scala-library version: 3.3.6[0m
2025.12.06 14:05:56 INFO  no build target found for /home/lucas/projects/advent-of-code-25/src/main/scala/Main.scala. Using presentation compiler with project's scala-library version: 3.3.6[0m
2025.12.06 14:05:56 INFO  no build target found for /home/lucas/projects/advent-of-code-25/src/main/scala/Main.scala. Using presentation compiler with project's scala-library version: 3.3.6[0m
2025.12.06 14:05:58 INFO  no build target found for /home/lucas/projects/advent-of-code-25/src/main/scala/Main.scala. Using presentation compiler with project's scala-library version: 3.3.6[0m
2025.12.06 14:05:58 INFO  no build target found for /home/lucas/projects/advent-of-code-25/src/main/scala/Main.scala. Using presentation compiler with project's scala-library version: 3.3.6[0m
2025.12.06 14:05:58 INFO  no build target found for /home/lucas/projects/advent-of-code-25/src/main/scala/Main.scala. Using presentation compiler with project's scala-library version: 3.3.6[0m
2025.12.06 14:05:58 INFO  no build target found for /home/lucas/projects/advent-of-code-25/src/main/scala/Main.scala. Using presentation compiler with project's scala-library version: 3.3.6[0m
2025.12.06 14:06:01 INFO  no build target found for /home/lucas/projects/advent-of-code-25/src/main/scala/Main.scala. Using presentation compiler with project's scala-library version: 3.3.6[0m
2025.12.06 14:06:01 INFO  no build target found for /home/lucas/projects/advent-of-code-25/src/main/scala/Main.scala. Using presentation compiler with project's scala-library version: 3.3.6[0m
2025.12.06 14:06:01 INFO  no build target found for /home/lucas/projects/advent-of-code-25/src/main/scala/Main.scala. Using presentation compiler with project's scala-library version: 3.3.6[0m
2025.12.06 14:06:07 INFO  no build target found for /home/lucas/projects/advent-of-code-25/src/main/scala/Main.scala. Using presentation compiler with project's scala-library version: 3.3.6[0m
2025.12.06 14:06:08 INFO  no build target found for /home/lucas/projects/advent-of-code-25/src/main/scala/Main.scala. Using presentation compiler with project's scala-library version: 3.3.6[0m
2025.12.06 14:06:08 INFO  no build target found for /home/lucas/projects/advent-of-code-25/src/main/scala/Main.scala. Using presentation compiler with project's scala-library version: 3.3.6[0m
2025.12.06 14:06:08 INFO  no build target found for /home/lucas/projects/advent-of-code-25/src/main/scala/Main.scala. Using presentation compiler with project's scala-library version: 3.3.6[0m
2025.12.06 14:06:09 INFO  no build target found for /home/lucas/projects/advent-of-code-25/src/main/scala/Main.scala. Using presentation compiler with project's scala-library version: 3.3.6[0m
2025.12.06 14:06:09 INFO  no build target found for /home/lucas/projects/advent-of-code-25/src/main/scala/Main.scala. Using presentation compiler with project's scala-library version: 3.3.6[0m
2025.12.06 14:06:10 INFO  no build target found for /home/lucas/projects/advent-of-code-25/src/main/scala/Main.scala. Using presentation compiler with project's scala-library version: 3.3.6[0m
2025.12.06 14:06:09 INFO  no build target found for /home/lucas/projects/advent-of-code-25/src/main/scala/Main.scala. Using presentation compiler with project's scala-library version: 3.3.6[0m
2025.12.06 14:06:10 INFO  no build target found for /home/lucas/projects/advent-of-code-25/src/main/scala/Main.scala. Using presentation compiler with project's scala-library version: 3.3.6[0m
2025.12.06 14:06:10 INFO  no build target found for /home/lucas/projects/advent-of-code-25/src/main/scala/Main.scala. Using presentation compiler with project's scala-library version: 3.3.6[0m
2025.12.06 14:06:09 INFO  no build target found for /home/lucas/projects/advent-of-code-25/src/main/scala/Main.scala. Using presentation compiler with project's scala-library version: 3.3.6[0m
2025.12.06 14:06:09 INFO  no build target found for /home/lucas/projects/advent-of-code-25/src/main/scala/Main.scala. Using presentation compiler with project's scala-library version: 3.3.6[0m
2025.12.06 14:06:10 INFO  no build target found for /home/lucas/projects/advent-of-code-25/src/main/scala/Main.scala. Using presentation compiler with project's scala-library version: 3.3.6[0m
2025.12.06 14:06:10 INFO  no build target found for /home/lucas/projects/advent-of-code-25/src/main/scala/Main.scala. Using presentation compiler with project's scala-library version: 3.3.6[0m
2025.12.06 14:06:11 INFO  no build target found for /home/lucas/projects/advent-of-code-25/src/main/scala/Main.scala. Using presentation compiler with project's scala-library version: 3.3.6[0m
2025.12.06 14:06:11 INFO  no build target found for /home/lucas/projects/advent-of-code-25/src/main/scala/Main.scala. Using presentation compiler with project's scala-library version: 3.3.6[0m
2025.12.06 14:06:12 WARN  no build target for: /home/lucas/projects/advent-of-code-25/src/main/scala/Main.scala[0m
2025.12.06 14:06:12 INFO  no build target found for /home/lucas/projects/advent-of-code-25/src/main/scala/Main.scala. Using presentation compiler with project's scala-library version: 3.3.6[0m
2025.12.06 14:06:11 INFO  no build target found for /home/lucas/projects/advent-of-code-25/src/main/scala/Main.scala. Using presentation compiler with project's scala-library version: 3.3.6[0m
2025.12.06 14:06:18 INFO  no build target found for /home/lucas/projects/advent-of-code-25/src/main/scala/Main.scala. Using presentation compiler with project's scala-library version: 3.3.6[0m
2025.12.06 14:06:18 INFO  no build target found for /home/lucas/projects/advent-of-code-25/src/main/scala/Main.scala. Using presentation compiler with project's scala-library version: 3.3.6[0m
2025.12.06 14:06:20 INFO  no build target found for /home/lucas/projects/advent-of-code-25/src/main/scala/Main.scala. Using presentation compiler with project's scala-library version: 3.3.6[0m
2025.12.06 14:06:20 INFO  no build target found for /home/lucas/projects/advent-of-code-25/src/main/scala/Main.scala. Using presentation compiler with project's scala-library version: 3.3.6[0m
2025.12.06 14:06:20 INFO  no build target found for /home/lucas/projects/advent-of-code-25/src/main/scala/Main.scala. Using presentation compiler with project's scala-library version: 3.3.6[0m
2025.12.06 14:06:20 INFO  no build target found for /home/lucas/projects/advent-of-code-25/src/main/scala/Main.scala. Using presentation compiler with project's scala-library version: 3.3.6[0m
2025.12.06 14:06:20 INFO  no build target found for /home/lucas/projects/advent-of-code-25/src/main/scala/Main.scala. Using presentation compiler with project's scala-library version: 3.3.6[0m
2025.12.06 14:06:21 INFO  no build target found for /home/lucas/projects/advent-of-code-25/src/main/scala/Main.scala. Using presentation compiler with project's scala-library version: 3.3.6[0m
2025.12.06 14:06:21 INFO  no build target found for /home/lucas/projects/advent-of-code-25/src/main/scala/Main.scala. Using presentation compiler with project's scala-library version: 3.3.6[0m
2025.12.06 14:06:21 INFO  no build target found for /home/lucas/projects/advent-of-code-25/src/main/scala/Main.scala. Using presentation compiler with project's scala-library version: 3.3.6[0m
2025.12.06 14:06:23 INFO  no build target found for /home/lucas/projects/advent-of-code-25/src/main/scala/Main.scala. Using presentation compiler with project's scala-library version: 3.3.6[0m
2025.12.06 14:06:23 INFO  no build target found for /home/lucas/projects/advent-of-code-25/src/main/scala/Main.scala. Using presentation compiler with project's scala-library version: 3.3.6[0m
2025.12.06 14:06:23 INFO  no build target found for /home/lucas/projects/advent-of-code-25/src/main/scala/Main.scala. Using presentation compiler with project's scala-library version: 3.3.6[0m
2025.12.06 14:06:25 INFO  no build target found for /home/lucas/projects/advent-of-code-25/src/main/scala/Main.scala. Using presentation compiler with project's scala-library version: 3.3.6[0m
2025.12.06 14:06:28 INFO  no build target found for /home/lucas/projects/advent-of-code-25/src/main/scala/Main.scala. Using presentation compiler with project's scala-library version: 3.3.6[0m
2025.12.06 14:06:30 INFO  no build target found for /home/lucas/projects/advent-of-code-25/src/main/scala/Main.scala. Using presentation compiler with project's scala-library version: 3.3.6[0m
2025.12.06 14:06:30 INFO  no build target found for /home/lucas/projects/advent-of-code-25/src/main/scala/Main.scala. Using presentation compiler with project's scala-library version: 3.3.6[0m
2025.12.06 14:06:30 INFO  no build target found for /home/lucas/projects/advent-of-code-25/src/main/scala/Main.scala. Using presentation compiler with project's scala-library version: 3.3.6[0m
2025.12.06 14:06:31 INFO  no build target found for /home/lucas/projects/advent-of-code-25/src/main/scala/Main.scala. Using presentation compiler with project's scala-library version: 3.3.6[0m
2025.12.06 14:06:31 INFO  no build target found for /home/lucas/projects/advent-of-code-25/src/main/scala/Main.scala. Using presentation compiler with project's scala-library version: 3.3.6[0m
2025.12.06 14:06:31 INFO  no build target found for /home/lucas/projects/advent-of-code-25/src/main/scala/Main.scala. Using presentation compiler with project's scala-library version: 3.3.6[0m
2025.12.06 14:06:31 INFO  no build target found for /home/lucas/projects/advent-of-code-25/src/main/scala/Main.scala. Using presentation compiler with project's scala-library version: 3.3.6[0m
2025.12.06 14:06:34 INFO  no build target found for /home/lucas/projects/advent-of-code-25/src/main/scala/Main.scala. Using presentation compiler with project's scala-library version: 3.3.6[0m
2025.12.06 14:06:34 INFO  no build target found for /home/lucas/projects/advent-of-code-25/src/main/scala/Main.scala. Using presentation compiler with project's scala-library version: 3.3.6[0m
2025.12.06 14:06:40 INFO  no build target found for /home/lucas/projects/advent-of-code-25/src/main/scala/Main.scala. Using presentation compiler with project's scala-library version: 3.3.6[0m
2025.12.06 14:06:40 INFO  no build target found for /home/lucas/projects/advent-of-code-25/src/main/scala/Main.scala. Using presentation compiler with project's scala-library version: 3.3.6[0m
2025.12.06 14:06:40 INFO  no build target found for /home/lucas/projects/advent-of-code-25/src/main/scala/Main.scala. Using presentation compiler with project's scala-library version: 3.3.6[0m
2025.12.06 14:06:41 INFO  no build target found for /home/lucas/projects/advent-of-code-25/src/main/scala/Main.scala. Using presentation compiler with project's scala-library version: 3.3.6[0m
2025.12.06 14:06:41 INFO  no build target found for /home/lucas/projects/advent-of-code-25/src/main/scala/Main.scala. Using presentation compiler with project's scala-library version: 3.3.6[0m
2025.12.06 14:06:42 INFO  no build target found for /home/lucas/projects/advent-of-code-25/src/main/scala/Main.scala. Using presentation compiler with project's scala-library version: 3.3.6[0m
2025.12.06 14:06:42 INFO  no build target found for /home/lucas/projects/advent-of-code-25/src/main/scala/Main.scala. Using presentation compiler with project's scala-library version: 3.3.6[0m
2025.12.06 14:06:42 INFO  no build target found for /home/lucas/projects/advent-of-code-25/src/main/scala/Main.scala. Using presentation compiler with project's scala-library version: 3.3.6[0m
2025.12.06 14:06:42 INFO  no build target found for /home/lucas/projects/advent-of-code-25/src/main/scala/Main.scala. Using presentation compiler with project's scala-library version: 3.3.6[0m
2025.12.06 14:06:42 INFO  no build target found for /home/lucas/projects/advent-of-code-25/src/main/scala/Main.scala. Using presentation compiler with project's scala-library version: 3.3.6[0m
2025.12.06 14:06:42 INFO  no build target found for /home/lucas/projects/advent-of-code-25/src/main/scala/Main.scala. Using presentation compiler with project's scala-library version: 3.3.6[0m
2025.12.06 14:06:43 INFO  no build target found for /home/lucas/projects/advent-of-code-25/src/main/scala/Main.scala. Using presentation compiler with project's scala-library version: 3.3.6[0m
2025.12.06 14:06:43 INFO  no build target found for /home/lucas/projects/advent-of-code-25/src/main/scala/Main.scala. Using presentation compiler with project's scala-library version: 3.3.6[0m
2025.12.06 14:06:44 INFO  no build target found for /home/lucas/projects/advent-of-code-25/src/main/scala/Main.scala. Using presentation compiler with project's scala-library version: 3.3.6[0m
2025.12.06 14:06:44 INFO  no build target found for /home/lucas/projects/advent-of-code-25/src/main/scala/Main.scala. Using presentation compiler with project's scala-library version: 3.3.6[0m
2025.12.06 14:06:43 INFO  no build target found for /home/lucas/projects/advent-of-code-25/src/main/scala/Main.scala. Using presentation compiler with project's scala-library version: 3.3.6[0m
2025.12.06 14:06:43 INFO  no build target found for /home/lucas/projects/advent-of-code-25/src/main/scala/Main.scala. Using presentation compiler with project's scala-library version: 3.3.6[0m
2025.12.06 14:06:44 INFO  no build target found for /home/lucas/projects/advent-of-code-25/src/main/scala/Main.scala. Using presentation compiler with project's scala-library version: 3.3.6[0m
2025.12.06 14:06:43 INFO  no build target found for /home/lucas/projects/advent-of-code-25/src/main/scala/Main.scala. Using presentation compiler with project's scala-library version: 3.3.6[0m
2025.12.06 14:06:44 INFO  no build target found for /home/lucas/projects/advent-of-code-25/src/main/scala/Main.scala. Using presentation compiler with project's scala-library version: 3.3.6[0m
2025.12.06 14:06:44 INFO  no build target found for /home/lucas/projects/advent-of-code-25/src/main/scala/Main.scala. Using presentation compiler with project's scala-library version: 3.3.6[0m
2025.12.06 14:06:45 INFO  no build target found for /home/lucas/projects/advent-of-code-25/src/main/scala/Main.scala. Using presentation compiler with project's scala-library version: 3.3.6[0m
2025.12.06 14:06:44 INFO  no build target found for /home/lucas/projects/advent-of-code-25/src/main/scala/Main.scala. Using presentation compiler with project's scala-library version: 3.3.6[0m
2025.12.06 14:06:44 INFO  no build target found for /home/lucas/projects/advent-of-code-25/src/main/scala/Main.scala. Using presentation compiler with project's scala-library version: 3.3.6[0m
2025.12.06 14:06:44 INFO  no build target found for /home/lucas/projects/advent-of-code-25/src/main/scala/Main.scala. Using presentation compiler with project's scala-library version: 3.3.6[0m
2025.12.06 14:06:44 INFO  no build target found for /home/lucas/projects/advent-of-code-25/src/main/scala/Main.scala. Using presentation compiler with project's scala-library version: 3.3.6[0m
2025.12.06 14:06:45 INFO  no build target found for /home/lucas/projects/advent-of-code-25/src/main/scala/Main.scala. Using presentation compiler with project's scala-library version: 3.3.6[0m
2025.12.06 14:06:45 INFO  no build target found for /home/lucas/projects/advent-of-code-25/src/main/scala/Main.scala. Using presentation compiler with project's scala-library version: 3.3.6[0m
2025.12.06 14:06:45 INFO  no build target found for /home/lucas/projects/advent-of-code-25/src/main/scala/Main.scala. Using presentation compiler with project's scala-library version: 3.3.6[0m
2025.12.06 14:06:45 INFO  no build target found for /home/lucas/projects/advent-of-code-25/src/main/scala/Main.scala. Using presentation compiler with project's scala-library version: 3.3.6[0m
2025.12.06 14:06:45 INFO  no build target found for /home/lucas/projects/advent-of-code-25/src/main/scala/Main.scala. Using presentation compiler with project's scala-library version: 3.3.6[0m
2025.12.06 14:06:45 INFO  no build target found for /home/lucas/projects/advent-of-code-25/src/main/scala/Main.scala. Using presentation compiler with project's scala-library version: 3.3.6[0m
2025.12.06 14:06:46 INFO  no build target found for /home/lucas/projects/advent-of-code-25/src/main/scala/Main.scala. Using presentation compiler with project's scala-library version: 3.3.6[0m
2025.12.06 14:06:48 INFO  no build target found for /home/lucas/projects/advent-of-code-25/src/main/scala/Main.scala. Using presentation compiler with project's scala-library version: 3.3.6[0m
2025.12.06 14:06:48 INFO  no build target found for /home/lucas/projects/advent-of-code-25/src/main/scala/Main.scala. Using presentation compiler with project's scala-library version: 3.3.6[0m
2025.12.06 14:06:48 INFO  no build target found for /home/lucas/projects/advent-of-code-25/src/main/scala/Main.scala. Using presentation compiler with project's scala-library version: 3.3.6[0m
2025.12.06 14:06:48 INFO  no build target found for /home/lucas/projects/advent-of-code-25/src/main/scala/Main.scala. Using presentation compiler with project's scala-library version: 3.3.6[0m
2025.12.06 14:06:48 INFO  no build target found for /home/lucas/projects/advent-of-code-25/src/main/scala/Main.scala. Using presentation compiler with project's scala-library version: 3.3.6[0m
2025.12.06 14:06:48 INFO  no build target found for /home/lucas/projects/advent-of-code-25/src/main/scala/Main.scala. Using presentation compiler with project's scala-library version: 3.3.6[0m
2025.12.06 14:06:48 INFO  no build target found for /home/lucas/projects/advent-of-code-25/src/main/scala/Main.scala. Using presentation compiler with project's scala-library version: 3.3.6[0m
2025.12.06 14:06:48 INFO  no build target found for /home/lucas/projects/advent-of-code-25/src/main/scala/Main.scala. Using presentation compiler with project's scala-library version: 3.3.6[0m
2025.12.06 14:06:49 INFO  no build target found for /home/lucas/projects/advent-of-code-25/src/main/scala/Main.scala. Using presentation compiler with project's scala-library version: 3.3.6[0m
2025.12.06 14:06:49 WARN  no build target for: /home/lucas/projects/advent-of-code-25/src/main/scala/Main.scala[0m
2025.12.06 14:06:49 INFO  no build target found for /home/lucas/projects/advent-of-code-25/src/main/scala/Main.scala. Using presentation compiler with project's scala-library version: 3.3.6[0m
2025.12.06 14:07:15 INFO  no build target found for /home/lucas/projects/advent-of-code-25/src/main/scala/Main.scala. Using presentation compiler with project's scala-library version: 3.3.6[0m
2025.12.06 14:07:15 INFO  no build target found for /home/lucas/projects/advent-of-code-25/src/main/scala/Main.scala. Using presentation compiler with project's scala-library version: 3.3.6[0m
2025.12.06 14:07:15 INFO  no build target found for /home/lucas/projects/advent-of-code-25/src/main/scala/Main.scala. Using presentation compiler with project's scala-library version: 3.3.6[0m
2025.12.06 14:07:15 INFO  no build target found for /home/lucas/projects/advent-of-code-25/src/main/scala/Main.scala. Using presentation compiler with project's scala-library version: 3.3.6[0m
2025.12.06 14:07:16 INFO  no build target found for /home/lucas/projects/advent-of-code-25/src/main/scala/Main.scala. Using presentation compiler with project's scala-library version: 3.3.6[0m
2025.12.06 14:07:16 INFO  no build target found for /home/lucas/projects/advent-of-code-25/src/main/scala/Main.scala. Using presentation compiler with project's scala-library version: 3.3.6[0m
2025.12.06 14:07:16 INFO  no build target found for /home/lucas/projects/advent-of-code-25/src/main/scala/Main.scala. Using presentation compiler with project's scala-library version: 3.3.6[0m
2025.12.06 14:07:18 INFO  no build target found for /home/lucas/projects/advent-of-code-25/src/main/scala/Main.scala. Using presentation compiler with project's scala-library version: 3.3.6[0m
2025.12.06 14:07:18 INFO  no build target found for /home/lucas/projects/advent-of-code-25/src/main/scala/Main.scala. Using presentation compiler with project's scala-library version: 3.3.6[0m
2025.12.06 14:07:18 INFO  no build target found for /home/lucas/projects/advent-of-code-25/src/main/scala/Main.scala. Using presentation compiler with project's scala-library version: 3.3.6[0m
2025.12.06 14:07:18 INFO  no build target found for /home/lucas/projects/advent-of-code-25/src/main/scala/Main.scala. Using presentation compiler with project's scala-library version: 3.3.6[0m
2025.12.06 14:07:18 INFO  no build target found for /home/lucas/projects/advent-of-code-25/src/main/scala/Main.scala. Using presentation compiler with project's scala-library version: 3.3.6[0m
2025.12.06 14:07:18 INFO  no build target found for /home/lucas/projects/advent-of-code-25/src/main/scala/Main.scala. Using presentation compiler with project's scala-library version: 3.3.6[0m
2025.12.06 14:07:18 INFO  no build target found for /home/lucas/projects/advent-of-code-25/src/main/scala/Main.scala. Using presentation compiler with project's scala-library version: 3.3.6[0m
2025.12.06 14:07:19 INFO  no build target found for /home/lucas/projects/advent-of-code-25/src/main/scala/Main.scala. Using presentation compiler with project's scala-library version: 3.3.6[0m
2025.12.06 14:07:19 INFO  no build target found for /home/lucas/projects/advent-of-code-25/src/main/scala/Main.scala. Using presentation compiler with project's scala-library version: 3.3.6[0m
2025.12.06 14:07:19 INFO  no build target found for /home/lucas/projects/advent-of-code-25/src/main/scala/Main.scala. Using presentation compiler with project's scala-library version: 3.3.6[0m
2025.12.06 14:07:19 INFO  no build target found for /home/lucas/projects/advent-of-code-25/src/main/scala/Main.scala. Using presentation compiler with project's scala-library version: 3.3.6[0m
2025.12.06 14:07:19 INFO  no build target found for /home/lucas/projects/advent-of-code-25/src/main/scala/Main.scala. Using presentation compiler with project's scala-library version: 3.3.6[0m
2025.12.06 14:07:19 INFO  no build target found for /home/lucas/projects/advent-of-code-25/src/main/scala/Main.scala. Using presentation compiler with project's scala-library version: 3.3.6[0m
2025.12.06 14:07:19 INFO  no build target found for /home/lucas/projects/advent-of-code-25/src/main/scala/Main.scala. Using presentation compiler with project's scala-library version: 3.3.6[0m
2025.12.06 14:07:20 INFO  no build target found for /home/lucas/projects/advent-of-code-25/src/main/scala/Main.scala. Using presentation compiler with project's scala-library version: 3.3.6[0m
2025.12.06 14:07:20 INFO  no build target found for /home/lucas/projects/advent-of-code-25/src/main/scala/Main.scala. Using presentation compiler with project's scala-library version: 3.3.6[0m
2025.12.06 14:07:20 INFO  no build target found for /home/lucas/projects/advent-of-code-25/src/main/scala/Main.scala. Using presentation compiler with project's scala-library version: 3.3.6[0m
2025.12.06 14:07:20 WARN  no build target for: /home/lucas/projects/advent-of-code-25/src/main/scala/Main.scala[0m
2025.12.06 14:07:20 INFO  no build target found for /home/lucas/projects/advent-of-code-25/src/main/scala/Main.scala. Using presentation compiler with project's scala-library version: 3.3.6[0m
2025.12.06 14:07:37 INFO  no build target found for /home/lucas/projects/advent-of-code-25/src/main/scala/Main.scala. Using presentation compiler with project's scala-library version: 3.3.6[0m
2025.12.06 14:07:37 INFO  no build target found for /home/lucas/projects/advent-of-code-25/src/main/scala/Main.scala. Using presentation compiler with project's scala-library version: 3.3.6[0m
2025.12.06 14:07:37 INFO  no build target found for /home/lucas/projects/advent-of-code-25/src/main/scala/Main.scala. Using presentation compiler with project's scala-library version: 3.3.6[0m
2025.12.06 14:07:37 INFO  no build target found for /home/lucas/projects/advent-of-code-25/src/main/scala/Main.scala. Using presentation compiler with project's scala-library version: 3.3.6[0m
2025.12.06 14:07:37 INFO  no build target found for /home/lucas/projects/advent-of-code-25/src/main/scala/Main.scala. Using presentation compiler with project's scala-library version: 3.3.6[0m
2025.12.06 14:07:38 INFO  no build target found for /home/lucas/projects/advent-of-code-25/src/main/scala/Main.scala. Using presentation compiler with project's scala-library version: 3.3.6[0m
2025.12.06 14:07:38 INFO  no build target found for /home/lucas/projects/advent-of-code-25/src/main/scala/Main.scala. Using presentation compiler with project's scala-library version: 3.3.6[0m
2025.12.06 14:07:38 INFO  no build target found for /home/lucas/projects/advent-of-code-25/src/main/scala/Main.scala. Using presentation compiler with project's scala-library version: 3.3.6[0m
2025.12.06 14:07:38 INFO  no build target found for /home/lucas/projects/advent-of-code-25/src/main/scala/Main.scala. Using presentation compiler with project's scala-library version: 3.3.6[0m
2025.12.06 14:07:38 INFO  no build target found for /home/lucas/projects/advent-of-code-25/src/main/scala/Main.scala. Using presentation compiler with project's scala-library version: 3.3.6[0m
2025.12.06 14:07:39 INFO  no build target found for /home/lucas/projects/advent-of-code-25/src/main/scala/Main.scala. Using presentation compiler with project's scala-library version: 3.3.6[0m
2025.12.06 14:08:31 INFO  no build target found for /home/lucas/projects/advent-of-code-25/src/main/scala/Main.scala. Using presentation compiler with project's scala-library version: 3.3.6[0m
2025.12.06 14:08:31 INFO  no build target found for /home/lucas/projects/advent-of-code-25/src/main/scala/Main.scala. Using presentation compiler with project's scala-library version: 3.3.6[0m
2025.12.06 14:08:31 INFO  no build target found for /home/lucas/projects/advent-of-code-25/src/main/scala/Main.scala. Using presentation compiler with project's scala-library version: 3.3.6[0m
2025.12.06 14:08:31 INFO  no build target found for /home/lucas/projects/advent-of-code-25/src/main/scala/Main.scala. Using presentation compiler with project's scala-library version: 3.3.6[0m
2025.12.06 14:08:31 INFO  no build target found for /home/lucas/projects/advent-of-code-25/src/main/scala/Main.scala. Using presentation compiler with project's scala-library version: 3.3.6[0m
2025.12.06 14:08:33 INFO  no build target found for /home/lucas/projects/advent-of-code-25/src/main/scala/Main.scala. Using presentation compiler with project's scala-library version: 3.3.6[0m
2025.12.06 14:08:33 INFO  no build target found for /home/lucas/projects/advent-of-code-25/src/main/scala/Main.scala. Using presentation compiler with project's scala-library version: 3.3.6[0m
2025.12.06 14:08:33 INFO  no build target found for /home/lucas/projects/advent-of-code-25/src/main/scala/Main.scala. Using presentation compiler with project's scala-library version: 3.3.6[0m
2025.12.06 14:08:33 INFO  no build target found for /home/lucas/projects/advent-of-code-25/src/main/scala/Main.scala. Using presentation compiler with project's scala-library version: 3.3.6[0m
2025.12.06 14:08:33 INFO  no build target found for /home/lucas/projects/advent-of-code-25/src/main/scala/Main.scala. Using presentation compiler with project's scala-library version: 3.3.6[0m
2025.12.06 14:08:34 INFO  no build target found for /home/lucas/projects/advent-of-code-25/src/main/scala/Main.scala. Using presentation compiler with project's scala-library version: 3.3.6[0m
2025.12.06 14:08:33 INFO  no build target found for /home/lucas/projects/advent-of-code-25/src/main/scala/Main.scala. Using presentation compiler with project's scala-library version: 3.3.6[0m
2025.12.06 14:08:34 INFO  no build target found for /home/lucas/projects/advent-of-code-25/src/main/scala/Main.scala. Using presentation compiler with project's scala-library version: 3.3.6[0m
2025.12.06 14:08:34 INFO  no build target found for /home/lucas/projects/advent-of-code-25/src/main/scala/Main.scala. Using presentation compiler with project's scala-library version: 3.3.6[0m
2025.12.06 14:08:34 INFO  no build target found for /home/lucas/projects/advent-of-code-25/src/main/scala/Main.scala. Using presentation compiler with project's scala-library version: 3.3.6[0m
2025.12.06 14:08:34 INFO  no build target found for /home/lucas/projects/advent-of-code-25/src/main/scala/Main.scala. Using presentation compiler with project's scala-library version: 3.3.6[0m
2025.12.06 14:08:34 INFO  no build target found for /home/lucas/projects/advent-of-code-25/src/main/scala/Main.scala. Using presentation compiler with project's scala-library version: 3.3.6[0m
2025.12.06 14:08:34 INFO  no build target found for /home/lucas/projects/advent-of-code-25/src/main/scala/Main.scala. Using presentation compiler with project's scala-library version: 3.3.6[0m
2025.12.06 14:08:34 INFO  no build target found for /home/lucas/projects/advent-of-code-25/src/main/scala/Main.scala. Using presentation compiler with project's scala-library version: 3.3.6[0m
2025.12.06 14:08:35 WARN  no build target for: /home/lucas/projects/advent-of-code-25/src/main/scala/Main.scala[0m
2025.12.06 14:08:34 INFO  no build target found for /home/lucas/projects/advent-of-code-25/src/main/scala/Main.scala. Using presentation compiler with project's scala-library version: 3.3.6[0m
2025.12.06 14:08:35 INFO  no build target found for /home/lucas/projects/advent-of-code-25/src/main/scala/Main.scala. Using presentation compiler with project's scala-library version: 3.3.6[0m
2025.12.06 14:08:35 INFO  no build target found for /home/lucas/projects/advent-of-code-25/src/main/scala/Main.scala. Using presentation compiler with project's scala-library version: 3.3.6[0m
2025.12.06 14:08:35 INFO  no build target found for /home/lucas/projects/advent-of-code-25/src/main/scala/Main.scala. Using presentation compiler with project's scala-library version: 3.3.6[0m
2025.12.06 14:08:37 INFO  no build target found for /home/lucas/projects/advent-of-code-25/src/main/scala/Main.scala. Using presentation compiler with project's scala-library version: 3.3.6[0m
2025.12.06 14:08:37 INFO  no build target found for /home/lucas/projects/advent-of-code-25/src/main/scala/Main.scala. Using presentation compiler with project's scala-library version: 3.3.6[0m
2025.12.06 14:08:38 INFO  no build target found for /home/lucas/projects/advent-of-code-25/src/main/scala/Main.scala. Using presentation compiler with project's scala-library version: 3.3.6[0m
2025.12.06 14:08:38 INFO  no build target found for /home/lucas/projects/advent-of-code-25/src/main/scala/Main.scala. Using presentation compiler with project's scala-library version: 3.3.6[0m
2025.12.06 14:08:38 INFO  no build target found for /home/lucas/projects/advent-of-code-25/src/main/scala/Main.scala. Using presentation compiler with project's scala-library version: 3.3.6[0m
2025.12.06 14:08:38 INFO  no build target found for /home/lucas/projects/advent-of-code-25/src/main/scala/Main.scala. Using presentation compiler with project's scala-library version: 3.3.6[0m
2025.12.06 14:08:38 INFO  no build target found for /home/lucas/projects/advent-of-code-25/src/main/scala/Main.scala. Using presentation compiler with project's scala-library version: 3.3.6[0m
2025.12.06 14:08:38 INFO  no build target found for /home/lucas/projects/advent-of-code-25/src/main/scala/Main.scala. Using presentation compiler with project's scala-library version: 3.3.6[0m
2025.12.06 14:08:38 INFO  no build target found for /home/lucas/projects/advent-of-code-25/src/main/scala/Main.scala. Using presentation compiler with project's scala-library version: 3.3.6[0m
2025.12.06 14:08:38 INFO  no build target found for /home/lucas/projects/advent-of-code-25/src/main/scala/Main.scala. Using presentation compiler with project's scala-library version: 3.3.6[0m
2025.12.06 14:08:38 INFO  no build target found for /home/lucas/projects/advent-of-code-25/src/main/scala/Main.scala. Using presentation compiler with project's scala-library version: 3.3.6[0m
2025.12.06 14:08:38 INFO  no build target found for /home/lucas/projects/advent-of-code-25/src/main/scala/Main.scala. Using presentation compiler with project's scala-library version: 3.3.6[0m
2025.12.06 14:08:38 INFO  no build target found for /home/lucas/projects/advent-of-code-25/src/main/scala/Main.scala. Using presentation compiler with project's scala-library version: 3.3.6[0m
2025.12.06 14:08:40 INFO  no build target found for /home/lucas/projects/advent-of-code-25/src/main/scala/Main.scala. Using presentation compiler with project's scala-library version: 3.3.6[0m
2025.12.06 14:08:40 INFO  no build target found for /home/lucas/projects/advent-of-code-25/src/main/scala/Main.scala. Using presentation compiler with project's scala-library version: 3.3.6[0m
2025.12.06 14:08:40 INFO  no build target found for /home/lucas/projects/advent-of-code-25/src/main/scala/Main.scala. Using presentation compiler with project's scala-library version: 3.3.6[0m
2025.12.06 14:08:40 INFO  no build target found for /home/lucas/projects/advent-of-code-25/src/main/scala/Main.scala. Using presentation compiler with project's scala-library version: 3.3.6[0m
2025.12.06 14:08:41 INFO  no build target found for /home/lucas/projects/advent-of-code-25/src/main/scala/Main.scala. Using presentation compiler with project's scala-library version: 3.3.6[0m
2025.12.06 14:08:40 INFO  no build target found for /home/lucas/projects/advent-of-code-25/src/main/scala/Main.scala. Using presentation compiler with project's scala-library version: 3.3.6[0m
2025.12.06 14:08:41 INFO  no build target found for /home/lucas/projects/advent-of-code-25/src/main/scala/Main.scala. Using presentation compiler with project's scala-library version: 3.3.6[0m
2025.12.06 14:08:41 WARN  no build target for: /home/lucas/projects/advent-of-code-25/src/main/scala/Main.scala[0m
2025.12.06 14:08:41 INFO  no build target found for /home/lucas/projects/advent-of-code-25/src/main/scala/Main.scala. Using presentation compiler with project's scala-library version: 3.3.6[0m
2025.12.06 14:09:07 INFO  no build target found for /home/lucas/projects/advent-of-code-25/src/main/scala/Main.scala. Using presentation compiler with project's scala-library version: 3.3.6[0m
2025.12.06 14:09:07 INFO  no build target found for /home/lucas/projects/advent-of-code-25/src/main/scala/Main.scala. Using presentation compiler with project's scala-library version: 3.3.6[0m
2025.12.06 14:09:07 INFO  no build target found for /home/lucas/projects/advent-of-code-25/src/main/scala/Main.scala. Using presentation compiler with project's scala-library version: 3.3.6[0m
2025.12.06 14:09:09 INFO  no build target found for /home/lucas/projects/advent-of-code-25/src/main/scala/Main.scala. Using presentation compiler with project's scala-library version: 3.3.6[0m
2025.12.06 14:09:09 INFO  no build target found for /home/lucas/projects/advent-of-code-25/src/main/scala/Main.scala. Using presentation compiler with project's scala-library version: 3.3.6[0m
2025.12.06 14:09:09 INFO  no build target found for /home/lucas/projects/advent-of-code-25/src/main/scala/Main.scala. Using presentation compiler with project's scala-library version: 3.3.6[0m
2025.12.06 14:09:09 INFO  no build target found for /home/lucas/projects/advent-of-code-25/src/main/scala/Main.scala. Using presentation compiler with project's scala-library version: 3.3.6[0m
2025.12.06 14:09:09 INFO  no build target found for /home/lucas/projects/advent-of-code-25/src/main/scala/Main.scala. Using presentation compiler with project's scala-library version: 3.3.6[0m
2025.12.06 14:09:09 INFO  no build target found for /home/lucas/projects/advent-of-code-25/src/main/scala/Main.scala. Using presentation compiler with project's scala-library version: 3.3.6[0m
2025.12.06 14:09:09 INFO  no build target found for /home/lucas/projects/advent-of-code-25/src/main/scala/Main.scala. Using presentation compiler with project's scala-library version: 3.3.6[0m
2025.12.06 14:09:10 INFO  no build target found for /home/lucas/projects/advent-of-code-25/src/main/scala/Main.scala. Using presentation compiler with project's scala-library version: 3.3.6[0m
2025.12.06 14:09:10 INFO  no build target found for /home/lucas/projects/advent-of-code-25/src/main/scala/Main.scala. Using presentation compiler with project's scala-library version: 3.3.6[0m
2025.12.06 14:09:10 INFO  no build target found for /home/lucas/projects/advent-of-code-25/src/main/scala/Main.scala. Using presentation compiler with project's scala-library version: 3.3.6[0m
2025.12.06 14:09:18 INFO  no build target found for /home/lucas/projects/advent-of-code-25/src/main/scala/Main.scala. Using presentation compiler with project's scala-library version: 3.3.6[0m
2025.12.06 14:09:18 INFO  no build target found for /home/lucas/projects/advent-of-code-25/src/main/scala/Main.scala. Using presentation compiler with project's scala-library version: 3.3.6[0m
2025.12.06 14:09:18 INFO  no build target found for /home/lucas/projects/advent-of-code-25/src/main/scala/Main.scala. Using presentation compiler with project's scala-library version: 3.3.6[0m
2025.12.06 14:09:18 INFO  no build target found for /home/lucas/projects/advent-of-code-25/src/main/scala/Main.scala. Using presentation compiler with project's scala-library version: 3.3.6[0m
2025.12.06 14:09:19 INFO  no build target found for /home/lucas/projects/advent-of-code-25/src/main/scala/Main.scala. Using presentation compiler with project's scala-library version: 3.3.6[0m
2025.12.06 14:09:19 INFO  no build target found for /home/lucas/projects/advent-of-code-25/src/main/scala/Main.scala. Using presentation compiler with project's scala-library version: 3.3.6[0m
2025.12.06 14:09:19 INFO  no build target found for /home/lucas/projects/advent-of-code-25/src/main/scala/Main.scala. Using presentation compiler with project's scala-library version: 3.3.6[0m
2025.12.06 14:09:19 INFO  no build target found for /home/lucas/projects/advent-of-code-25/src/main/scala/Main.scala. Using presentation compiler with project's scala-library version: 3.3.6[0m
2025.12.06 14:09:20 INFO  no build target found for /home/lucas/projects/advent-of-code-25/src/main/scala/Main.scala. Using presentation compiler with project's scala-library version: 3.3.6[0m
2025.12.06 14:09:20 INFO  no build target found for /home/lucas/projects/advent-of-code-25/src/main/scala/Main.scala. Using presentation compiler with project's scala-library version: 3.3.6[0m
2025.12.06 14:09:20 INFO  no build target found for /home/lucas/projects/advent-of-code-25/src/main/scala/Main.scala. Using presentation compiler with project's scala-library version: 3.3.6[0m
2025.12.06 14:09:20 INFO  no build target found for /home/lucas/projects/advent-of-code-25/src/main/scala/Main.scala. Using presentation compiler with project's scala-library version: 3.3.6[0m
2025.12.06 14:09:20 INFO  no build target found for /home/lucas/projects/advent-of-code-25/src/main/scala/Main.scala. Using presentation compiler with project's scala-library version: 3.3.6[0m
2025.12.06 14:09:20 INFO  no build target found for /home/lucas/projects/advent-of-code-25/src/main/scala/Main.scala. Using presentation compiler with project's scala-library version: 3.3.6[0m
2025.12.06 14:09:20 INFO  no build target found for /home/lucas/projects/advent-of-code-25/src/main/scala/Main.scala. Using presentation compiler with project's scala-library version: 3.3.6[0m
2025.12.06 14:09:21 INFO  no build target found for /home/lucas/projects/advent-of-code-25/src/main/scala/Main.scala. Using presentation compiler with project's scala-library version: 3.3.6[0m
2025.12.06 14:09:21 INFO  no build target found for /home/lucas/projects/advent-of-code-25/src/main/scala/Main.scala. Using presentation compiler with project's scala-library version: 3.3.6[0m
2025.12.06 14:09:21 INFO  no build target found for /home/lucas/projects/advent-of-code-25/src/main/scala/Main.scala. Using presentation compiler with project's scala-library version: 3.3.6[0m
2025.12.06 14:09:21 INFO  no build target found for /home/lucas/projects/advent-of-code-25/src/main/scala/Main.scala. Using presentation compiler with project's scala-library version: 3.3.6[0m
2025.12.06 14:09:22 INFO  no build target found for /home/lucas/projects/advent-of-code-25/src/main/scala/Main.scala. Using presentation compiler with project's scala-library version: 3.3.6[0m
2025.12.06 14:09:21 INFO  no build target found for /home/lucas/projects/advent-of-code-25/src/main/scala/Main.scala. Using presentation compiler with project's scala-library version: 3.3.6[0m
2025.12.06 14:09:22 INFO  no build target found for /home/lucas/projects/advent-of-code-25/src/main/scala/Main.scala. Using presentation compiler with project's scala-library version: 3.3.6[0m
2025.12.06 14:09:22 WARN  no build target for: /home/lucas/projects/advent-of-code-25/src/main/scala/Main.scala[0m
2025.12.06 14:09:23 INFO  no build target found for /home/lucas/projects/advent-of-code-25/src/main/scala/Main.scala. Using presentation compiler with project's scala-library version: 3.3.6[0m
2025.12.06 14:09:27 INFO  no build target found for /home/lucas/projects/advent-of-code-25/src/main/scala/Main.scala. Using presentation compiler with project's scala-library version: 3.3.6[0m
2025.12.06 14:09:27 INFO  no build target found for /home/lucas/projects/advent-of-code-25/src/main/scala/Main.scala. Using presentation compiler with project's scala-library version: 3.3.6[0m
2025.12.06 14:09:27 INFO  no build target found for /home/lucas/projects/advent-of-code-25/src/main/scala/Main.scala. Using presentation compiler with project's scala-library version: 3.3.6[0m
2025.12.06 14:09:29 INFO  no build target found for /home/lucas/projects/advent-of-code-25/src/main/scala/Main.scala. Using presentation compiler with project's scala-library version: 3.3.6[0m
2025.12.06 14:09:57 INFO  no build target found for /home/lucas/projects/advent-of-code-25/src/main/scala/Main.scala. Using presentation compiler with project's scala-library version: 3.3.6[0m
2025.12.06 14:09:57 INFO  no build target found for /home/lucas/projects/advent-of-code-25/src/main/scala/Main.scala. Using presentation compiler with project's scala-library version: 3.3.6[0m
2025.12.06 14:09:57 WARN  no build target for: /home/lucas/projects/advent-of-code-25/src/main/scala/Main.scala[0m
2025.12.06 14:09:57 INFO  no build target found for /home/lucas/projects/advent-of-code-25/src/main/scala/Main.scala. Using presentation compiler with project's scala-library version: 3.3.6[0m
2025.12.06 14:09:57 INFO  no build target found for /home/lucas/projects/advent-of-code-25/src/main/scala/Main.scala. Using presentation compiler with project's scala-library version: 3.3.6[0m
2025.12.06 14:11:27 WARN  no build target for: /home/lucas/projects/advent-of-code-25/src/main/scala/Main.scala[0m
2025.12.06 14:11:27 INFO  no build target found for /home/lucas/projects/advent-of-code-25/src/main/scala/Main.scala. Using presentation compiler with project's scala-library version: 3.3.6[0m
2025.12.06 14:12:23 INFO  no build target found for /home/lucas/projects/advent-of-code-25/src/main/scala/Main.scala. Using presentation compiler with project's scala-library version: 3.3.6[0m
2025.12.06 14:12:23 INFO  no build target found for /home/lucas/projects/advent-of-code-25/src/main/scala/Main.scala. Using presentation compiler with project's scala-library version: 3.3.6[0m
2025.12.06 14:12:24 INFO  no build target found for /home/lucas/projects/advent-of-code-25/src/main/scala/Main.scala. Using presentation compiler with project's scala-library version: 3.3.6[0m
2025.12.06 14:12:25 INFO  no build target found for /home/lucas/projects/advent-of-code-25/src/main/scala/Main.scala. Using presentation compiler with project's scala-library version: 3.3.6[0m
2025.12.06 14:12:25 INFO  no build target found for /home/lucas/projects/advent-of-code-25/src/main/scala/Main.scala. Using presentation compiler with project's scala-library version: 3.3.6[0m
2025.12.06 14:12:43 INFO  no build target found for /home/lucas/projects/advent-of-code-25/src/main/scala/Main.scala. Using presentation compiler with project's scala-library version: 3.3.6[0m
2025.12.06 14:12:43 INFO  no build target found for /home/lucas/projects/advent-of-code-25/src/main/scala/Main.scala. Using presentation compiler with project's scala-library version: 3.3.6[0m
2025.12.06 14:12:43 WARN  no build target for: /home/lucas/projects/advent-of-code-25/src/main/scala/Main.scala[0m
2025.12.06 14:12:43 INFO  no build target found for /home/lucas/projects/advent-of-code-25/src/main/scala/Main.scala. Using presentation compiler with project's scala-library version: 3.3.6[0m
2025.12.06 14:13:00 WARN  no build target for: /home/lucas/projects/advent-of-code-25/src/main/scala/Main.scala[0m
2025.12.06 14:13:00 INFO  no build target found for /home/lucas/projects/advent-of-code-25/src/main/scala/Main.scala. Using presentation compiler with project's scala-library version: 3.3.6[0m
2025.12.06 14:13:00 INFO  no build target found for /home/lucas/projects/advent-of-code-25/src/main/scala/Main.scala. Using presentation compiler with project's scala-library version: 3.3.6[0m
2025.12.06 14:13:05 INFO  no build target found for /home/lucas/projects/advent-of-code-25/src/main/scala/Main.scala. Using presentation compiler with project's scala-library version: 3.3.6[0m
2025.12.06 14:13:05 INFO  no build target found for /home/lucas/projects/advent-of-code-25/src/main/scala/Main.scala. Using presentation compiler with project's scala-library version: 3.3.6[0m
2025.12.06 14:13:06 INFO  no build target found for /home/lucas/projects/advent-of-code-25/src/main/scala/Main.scala. Using presentation compiler with project's scala-library version: 3.3.6[0m
2025.12.06 14:13:06 INFO  no build target found for /home/lucas/projects/advent-of-code-25/src/main/scala/Main.scala. Using presentation compiler with project's scala-library version: 3.3.6[0m
2025.12.06 14:13:08 INFO  no build target found for /home/lucas/projects/advent-of-code-25/src/main/scala/Main.scala. Using presentation compiler with project's scala-library version: 3.3.6[0m
2025.12.06 14:13:08 INFO  no build target found for /home/lucas/projects/advent-of-code-25/src/main/scala/Main.scala. Using presentation compiler with project's scala-library version: 3.3.6[0m
2025.12.06 14:13:08 INFO  no build target found for /home/lucas/projects/advent-of-code-25/src/main/scala/Main.scala. Using presentation compiler with project's scala-library version: 3.3.6[0m
2025.12.06 14:13:08 INFO  no build target found for /home/lucas/projects/advent-of-code-25/src/main/scala/Main.scala. Using presentation compiler with project's scala-library version: 3.3.6[0m
2025.12.06 14:13:08 INFO  no build target found for /home/lucas/projects/advent-of-code-25/src/main/scala/Main.scala. Using presentation compiler with project's scala-library version: 3.3.6[0m
2025.12.06 14:13:09 INFO  no build target found for /home/lucas/projects/advent-of-code-25/src/main/scala/Main.scala. Using presentation compiler with project's scala-library version: 3.3.6[0m
2025.12.06 14:13:09 INFO  no build target found for /home/lucas/projects/advent-of-code-25/src/main/scala/Main.scala. Using presentation compiler with project's scala-library version: 3.3.6[0m
2025.12.06 14:13:09 INFO  no build target found for /home/lucas/projects/advent-of-code-25/src/main/scala/Main.scala. Using presentation compiler with project's scala-library version: 3.3.6[0m
2025.12.06 14:13:09 INFO  no build target found for /home/lucas/projects/advent-of-code-25/src/main/scala/Main.scala. Using presentation compiler with project's scala-library version: 3.3.6[0m
2025.12.06 14:13:11 INFO  no build target found for /home/lucas/projects/advent-of-code-25/src/main/scala/Main.scala. Using presentation compiler with project's scala-library version: 3.3.6[0m
2025.12.06 14:13:11 INFO  no build target found for /home/lucas/projects/advent-of-code-25/src/main/scala/Main.scala. Using presentation compiler with project's scala-library version: 3.3.6[0m
2025.12.06 14:13:11 INFO  no build target found for /home/lucas/projects/advent-of-code-25/src/main/scala/Main.scala. Using presentation compiler with project's scala-library version: 3.3.6[0m
2025.12.06 14:13:11 INFO  no build target found for /home/lucas/projects/advent-of-code-25/src/main/scala/Main.scala. Using presentation compiler with project's scala-library version: 3.3.6[0m
2025.12.06 14:13:11 WARN  no build target for: /home/lucas/projects/advent-of-code-25/src/main/scala/Main.scala[0m
2025.12.06 14:13:11 INFO  no build target found for /home/lucas/projects/advent-of-code-25/src/main/scala/Main.scala. Using presentation compiler with project's scala-library version: 3.3.6[0m
2025.12.06 14:13:49 INFO  no build target found for /home/lucas/projects/advent-of-code-25/src/main/scala/Main.scala. Using presentation compiler with project's scala-library version: 3.3.6[0m
2025.12.06 14:13:49 INFO  no build target found for /home/lucas/projects/advent-of-code-25/src/main/scala/Main.scala. Using presentation compiler with project's scala-library version: 3.3.6[0m
2025.12.06 14:13:51 INFO  no build target found for /home/lucas/projects/advent-of-code-25/src/main/scala/Main.scala. Using presentation compiler with project's scala-library version: 3.3.6[0m
2025.12.06 14:14:53 INFO  no build target found for /home/lucas/projects/advent-of-code-25/src/main/scala/Main.scala. Using presentation compiler with project's scala-library version: 3.3.6[0m
2025.12.06 14:14:53 INFO  no build target found for /home/lucas/projects/advent-of-code-25/src/main/scala/Main.scala. Using presentation compiler with project's scala-library version: 3.3.6[0m
2025.12.06 14:14:53 WARN  no build target for: /home/lucas/projects/advent-of-code-25/src/main/scala/Main.scala[0m
2025.12.06 14:14:53 INFO  no build target found for /home/lucas/projects/advent-of-code-25/src/main/scala/Main.scala. Using presentation compiler with project's scala-library version: 3.3.6[0m
2025.12.06 14:14:53 INFO  no build target found for /home/lucas/projects/advent-of-code-25/src/main/scala/Main.scala. Using presentation compiler with project's scala-library version: 3.3.6[0m
2025.12.06 14:14:59 WARN  no build target for: /home/lucas/projects/advent-of-code-25/src/main/scala/Main.scala[0m
2025.12.06 14:14:59 INFO  no build target found for /home/lucas/projects/advent-of-code-25/src/main/scala/Main.scala. Using presentation compiler with project's scala-library version: 3.3.6[0m
2025.12.06 14:16:15 INFO  no build target found for /home/lucas/projects/advent-of-code-25/src/main/scala/Main.scala. Using presentation compiler with project's scala-library version: 3.3.6[0m
2025.12.06 14:16:15 WARN  no build target for: /home/lucas/projects/advent-of-code-25/src/main/scala/Main.scala[0m
2025.12.06 14:16:15 INFO  no build target found for /home/lucas/projects/advent-of-code-25/src/main/scala/Main.scala. Using presentation compiler with project's scala-library version: 3.3.6[0m
2025.12.06 14:16:15 INFO  no build target found for /home/lucas/projects/advent-of-code-25/src/main/scala/Main.scala. Using presentation compiler with project's scala-library version: 3.3.6[0m
2025.12.06 14:16:17 INFO  no build target found for /home/lucas/projects/advent-of-code-25/src/main/scala/Main.scala. Using presentation compiler with project's scala-library version: 3.3.6[0m
2025.12.06 14:16:17 INFO  no build target found for /home/lucas/projects/advent-of-code-25/src/main/scala/Main.scala. Using presentation compiler with project's scala-library version: 3.3.6[0m
2025.12.06 14:16:17 INFO  no build target found for /home/lucas/projects/advent-of-code-25/src/main/scala/Main.scala. Using presentation compiler with project's scala-library version: 3.3.6[0m
2025.12.06 14:16:17 INFO  no build target found for /home/lucas/projects/advent-of-code-25/src/main/scala/Main.scala. Using presentation compiler with project's scala-library version: 3.3.6[0m
2025.12.06 14:16:18 INFO  no build target found for /home/lucas/projects/advent-of-code-25/src/main/scala/Main.scala. Using presentation compiler with project's scala-library version: 3.3.6[0m
2025.12.06 14:16:18 INFO  no build target found for /home/lucas/projects/advent-of-code-25/src/main/scala/Main.scala. Using presentation compiler with project's scala-library version: 3.3.6[0m
2025.12.06 14:16:18 INFO  no build target found for /home/lucas/projects/advent-of-code-25/src/main/scala/Main.scala. Using presentation compiler with project's scala-library version: 3.3.6[0m
2025.12.06 14:16:19 INFO  no build target found for /home/lucas/projects/advent-of-code-25/src/main/scala/Main.scala. Using presentation compiler with project's scala-library version: 3.3.6[0m
2025.12.06 14:16:22 INFO  no build target found for /home/lucas/projects/advent-of-code-25/src/main/scala/Main.scala. Using presentation compiler with project's scala-library version: 3.3.6[0m
2025.12.06 14:17:37 INFO  no build target found for /home/lucas/projects/advent-of-code-25/src/main/scala/Main.scala. Using presentation compiler with project's scala-library version: 3.3.6[0m
2025.12.06 14:17:37 INFO  no build target found for /home/lucas/projects/advent-of-code-25/src/main/scala/Main.scala. Using presentation compiler with project's scala-library version: 3.3.6[0m
2025.12.06 14:17:38 INFO  no build target found for /home/lucas/projects/advent-of-code-25/src/main/scala/Main.scala. Using presentation compiler with project's scala-library version: 3.3.6[0m
2025.12.06 14:17:38 INFO  no build target found for /home/lucas/projects/advent-of-code-25/src/main/scala/Main.scala. Using presentation compiler with project's scala-library version: 3.3.6[0m
2025.12.06 14:17:39 INFO  no build target found for /home/lucas/projects/advent-of-code-25/src/main/scala/Main.scala. Using presentation compiler with project's scala-library version: 3.3.6[0m
2025.12.06 14:17:41 INFO  no build target found for /home/lucas/projects/advent-of-code-25/src/main/scala/Main.scala. Using presentation compiler with project's scala-library version: 3.3.6[0m
2025.12.06 14:17:41 INFO  no build target found for /home/lucas/projects/advent-of-code-25/src/main/scala/Main.scala. Using presentation compiler with project's scala-library version: 3.3.6[0m
2025.12.06 14:17:41 INFO  no build target found for /home/lucas/projects/advent-of-code-25/src/main/scala/Main.scala. Using presentation compiler with project's scala-library version: 3.3.6[0m
2025.12.06 14:17:41 INFO  no build target found for /home/lucas/projects/advent-of-code-25/src/main/scala/Main.scala. Using presentation compiler with project's scala-library version: 3.3.6[0m
2025.12.06 14:18:04 INFO  no build target found for /home/lucas/projects/advent-of-code-25/src/main/scala/Main.scala. Using presentation compiler with project's scala-library version: 3.3.6[0m
2025.12.06 14:18:04 INFO  no build target found for /home/lucas/projects/advent-of-code-25/src/main/scala/Main.scala. Using presentation compiler with project's scala-library version: 3.3.6[0m
2025.12.06 14:18:06 INFO  no build target found for /home/lucas/projects/advent-of-code-25/src/main/scala/Main.scala. Using presentation compiler with project's scala-library version: 3.3.6[0m
2025.12.06 14:18:06 INFO  no build target found for /home/lucas/projects/advent-of-code-25/src/main/scala/Main.scala. Using presentation compiler with project's scala-library version: 3.3.6[0m
2025.12.06 14:18:06 INFO  no build target found for /home/lucas/projects/advent-of-code-25/src/main/scala/Main.scala. Using presentation compiler with project's scala-library version: 3.3.6[0m
2025.12.06 14:18:09 INFO  no build target found for /home/lucas/projects/advent-of-code-25/src/main/scala/Main.scala. Using presentation compiler with project's scala-library version: 3.3.6[0m
2025.12.06 14:18:09 INFO  no build target found for /home/lucas/projects/advent-of-code-25/src/main/scala/Main.scala. Using presentation compiler with project's scala-library version: 3.3.6[0m
2025.12.06 14:18:09 INFO  no build target found for /home/lucas/projects/advent-of-code-25/src/main/scala/Main.scala. Using presentation compiler with project's scala-library version: 3.3.6[0m
2025.12.06 14:18:09 INFO  no build target found for /home/lucas/projects/advent-of-code-25/src/main/scala/Main.scala. Using presentation compiler with project's scala-library version: 3.3.6[0m
2025.12.06 14:18:10 INFO  no build target found for /home/lucas/projects/advent-of-code-25/src/main/scala/Main.scala. Using presentation compiler with project's scala-library version: 3.3.6[0m
2025.12.06 14:18:10 INFO  no build target found for /home/lucas/projects/advent-of-code-25/src/main/scala/Main.scala. Using presentation compiler with project's scala-library version: 3.3.6[0m
2025.12.06 14:18:11 INFO  no build target found for /home/lucas/projects/advent-of-code-25/src/main/scala/Main.scala. Using presentation compiler with project's scala-library version: 3.3.6[0m
2025.12.06 14:18:16 INFO  no build target found for /home/lucas/projects/advent-of-code-25/src/main/scala/Main.scala. Using presentation compiler with project's scala-library version: 3.3.6[0m
2025.12.06 14:18:16 INFO  no build target found for /home/lucas/projects/advent-of-code-25/src/main/scala/Main.scala. Using presentation compiler with project's scala-library version: 3.3.6[0m
2025.12.06 14:18:16 INFO  no build target found for /home/lucas/projects/advent-of-code-25/src/main/scala/Main.scala. Using presentation compiler with project's scala-library version: 3.3.6[0m
2025.12.06 14:18:16 INFO  no build target found for /home/lucas/projects/advent-of-code-25/src/main/scala/Main.scala. Using presentation compiler with project's scala-library version: 3.3.6[0m
2025.12.06 14:18:27 INFO  no build target found for /home/lucas/projects/advent-of-code-25/src/main/scala/Main.scala. Using presentation compiler with project's scala-library version: 3.3.6[0m
2025.12.06 14:18:27 INFO  no build target found for /home/lucas/projects/advent-of-code-25/src/main/scala/Main.scala. Using presentation compiler with project's scala-library version: 3.3.6[0m
2025.12.06 14:19:51 INFO  no build target found for /home/lucas/projects/advent-of-code-25/src/main/scala/Main.scala. Using presentation compiler with project's scala-library version: 3.3.6[0m
2025.12.06 14:19:56 INFO  no build target found for /home/lucas/projects/advent-of-code-25/src/main/scala/Main.scala. Using presentation compiler with project's scala-library version: 3.3.6[0m
2025.12.06 14:19:56 INFO  no build target found for /home/lucas/projects/advent-of-code-25/src/main/scala/Main.scala. Using presentation compiler with project's scala-library version: 3.3.6[0m
2025.12.06 14:19:56 WARN  no build target for: /home/lucas/projects/advent-of-code-25/src/main/scala/Main.scala[0m
2025.12.06 14:19:56 INFO  no build target found for /home/lucas/projects/advent-of-code-25/src/main/scala/Main.scala. Using presentation compiler with project's scala-library version: 3.3.6[0m
2025.12.06 14:19:56 INFO  no build target found for /home/lucas/projects/advent-of-code-25/src/main/scala/Main.scala. Using presentation compiler with project's scala-library version: 3.3.6[0m
2025.12.06 14:20:11 WARN  no build target for: /home/lucas/projects/advent-of-code-25/src/main/scala/Main.scala[0m
2025.12.06 14:20:11 INFO  no build target found for /home/lucas/projects/advent-of-code-25/src/main/scala/Main.scala. Using presentation compiler with project's scala-library version: 3.3.6[0m
2025.12.06 14:20:31 INFO  no build target found for /home/lucas/projects/advent-of-code-25/src/main/scala/Main.scala. Using presentation compiler with project's scala-library version: 3.3.6[0m
2025.12.06 14:21:56 INFO  no build target found for /home/lucas/projects/advent-of-code-25/build.sbt. Using presentation compiler with project's scala-library version: 3.3.6[0m
2025.12.06 14:21:56 WARN  no build target for: /home/lucas/projects/advent-of-code-25/build.sbt[0m
2025.12.06 14:21:56 INFO  no build target found for /home/lucas/projects/advent-of-code-25/build.sbt. Using presentation compiler with project's scala-library version: 3.3.6[0m
2025.12.06 14:21:56 INFO  no build target found for /home/lucas/projects/advent-of-code-25/build.sbt. Using presentation compiler with project's scala-library version: 3.3.6[0m
2025.12.06 14:21:56 INFO  no build target found for /home/lucas/projects/advent-of-code-25/src/main/scala/Main.scala. Using presentation compiler with project's scala-library version: 3.3.6[0m
2025.12.06 14:21:57 WARN  no build target for: /home/lucas/projects/advent-of-code-25/src/main/scala/Main.scala[0m
2025.12.06 14:21:56 INFO  no build target found for /home/lucas/projects/advent-of-code-25/src/main/scala/Main.scala. Using presentation compiler with project's scala-library version: 3.3.6[0m
2025.12.06 14:21:57 INFO  no build target found for /home/lucas/projects/advent-of-code-25/src/main/scala/Main.scala. Using presentation compiler with project's scala-library version: 3.3.6[0m
2025.12.06 14:21:56 INFO  no build target found for /home/lucas/projects/advent-of-code-25/src/main/scala/Main.scala. Using presentation compiler with project's scala-library version: 3.3.6[0m
2025.12.06 14:22:03 INFO  no build target found for /home/lucas/projects/advent-of-code-25/src/main/scala/Main.scala. Using presentation compiler with project's scala-library version: 3.3.6[0m
2025.12.06 14:22:03 INFO  no build target found for /home/lucas/projects/advent-of-code-25/src/main/scala/Main.scala. Using presentation compiler with project's scala-library version: 3.3.6[0m
2025.12.06 14:22:03 INFO  no build target found for /home/lucas/projects/advent-of-code-25/src/main/scala/Main.scala. Using presentation compiler with project's scala-library version: 3.3.6[0m
2025.12.06 14:22:07 INFO  no build target found for /home/lucas/projects/advent-of-code-25/src/main/scala/Main.scala. Using presentation compiler with project's scala-library version: 3.3.6[0m
2025.12.06 14:22:07 INFO  no build target found for /home/lucas/projects/advent-of-code-25/src/main/scala/Main.scala. Using presentation compiler with project's scala-library version: 3.3.6[0m
2025.12.06 14:22:07 INFO  no build target found for /home/lucas/projects/advent-of-code-25/src/main/scala/Main.scala. Using presentation compiler with project's scala-library version: 3.3.6[0m
2025.12.06 14:22:07 INFO  no build target found for /home/lucas/projects/advent-of-code-25/src/main/scala/Main.scala. Using presentation compiler with project's scala-library version: 3.3.6[0m
2025.12.06 14:22:09 INFO  no build target found for /home/lucas/projects/advent-of-code-25/src/main/scala/Main.scala. Using presentation compiler with project's scala-library version: 3.3.6[0m
2025.12.06 14:22:09 INFO  no build target found for /home/lucas/projects/advent-of-code-25/src/main/scala/Main.scala. Using presentation compiler with project's scala-library version: 3.3.6[0m
2025.12.06 14:22:09 INFO  no build target found for /home/lucas/projects/advent-of-code-25/src/main/scala/Main.scala. Using presentation compiler with project's scala-library version: 3.3.6[0m
2025.12.06 14:22:11 INFO  no build target found for /home/lucas/projects/advent-of-code-25/src/main/scala/Main.scala. Using presentation compiler with project's scala-library version: 3.3.6[0m
2025.12.06 14:22:11 INFO  no build target found for /home/lucas/projects/advent-of-code-25/src/main/scala/Main.scala. Using presentation compiler with project's scala-library version: 3.3.6[0m
2025.12.06 14:22:12 INFO  no build target found for /home/lucas/projects/advent-of-code-25/src/main/scala/Main.scala. Using presentation compiler with project's scala-library version: 3.3.6[0m
2025.12.06 14:22:12 INFO  no build target found for /home/lucas/projects/advent-of-code-25/src/main/scala/Main.scala. Using presentation compiler with project's scala-library version: 3.3.6[0m
2025.12.06 14:22:14 INFO  no build target found for /home/lucas/projects/advent-of-code-25/src/main/scala/Main.scala. Using presentation compiler with project's scala-library version: 3.3.6[0m
2025.12.06 14:22:16 INFO  no build target found for /home/lucas/projects/advent-of-code-25/src/main/scala/Main.scala. Using presentation compiler with project's scala-library version: 3.3.6[0m
2025.12.06 14:23:24 INFO  no build target found for /home/lucas/projects/advent-of-code-25/src/main/scala/Main.scala. Using presentation compiler with project's scala-library version: 3.3.6[0m
2025.12.06 14:23:24 INFO  no build target found for /home/lucas/projects/advent-of-code-25/src/main/scala/Main.scala. Using presentation compiler with project's scala-library version: 3.3.6[0m
2025.12.06 14:23:24 INFO  no build target found for /home/lucas/projects/advent-of-code-25/src/main/scala/Main.scala. Using presentation compiler with project's scala-library version: 3.3.6[0m
2025.12.06 14:23:25 INFO  no build target found for /home/lucas/projects/advent-of-code-25/src/main/scala/Main.scala. Using presentation compiler with project's scala-library version: 3.3.6[0m
2025.12.06 14:23:25 INFO  no build target found for /home/lucas/projects/advent-of-code-25/src/main/scala/Main.scala. Using presentation compiler with project's scala-library version: 3.3.6[0m
2025.12.06 14:23:29 INFO  no build target found for /home/lucas/projects/advent-of-code-25/src/main/scala/Main.scala. Using presentation compiler with project's scala-library version: 3.3.6[0m
2025.12.06 14:23:29 INFO  no build target found for /home/lucas/projects/advent-of-code-25/src/main/scala/Main.scala. Using presentation compiler with project's scala-library version: 3.3.6[0m
2025.12.06 14:23:29 INFO  no build target found for /home/lucas/projects/advent-of-code-25/src/main/scala/Main.scala. Using presentation compiler with project's scala-library version: 3.3.6[0m
2025.12.06 14:23:29 INFO  no build target found for /home/lucas/projects/advent-of-code-25/src/main/scala/Main.scala. Using presentation compiler with project's scala-library version: 3.3.6[0m
2025.12.06 14:23:29 INFO  no build target found for /home/lucas/projects/advent-of-code-25/src/main/scala/Main.scala. Using presentation compiler with project's scala-library version: 3.3.6[0m
2025.12.06 14:23:30 INFO  no build target found for /home/lucas/projects/advent-of-code-25/src/main/scala/Main.scala. Using presentation compiler with project's scala-library version: 3.3.6[0m
2025.12.06 14:23:30 INFO  no build target found for /home/lucas/projects/advent-of-code-25/src/main/scala/Main.scala. Using presentation compiler with project's scala-library version: 3.3.6[0m
2025.12.06 14:23:30 INFO  no build target found for /home/lucas/projects/advent-of-code-25/src/main/scala/Main.scala. Using presentation compiler with project's scala-library version: 3.3.6[0m
2025.12.06 14:23:33 INFO  no build target found for /home/lucas/projects/advent-of-code-25/src/main/scala/Main.scala. Using presentation compiler with project's scala-library version: 3.3.6[0m
2025.12.06 14:23:33 INFO  no build target found for /home/lucas/projects/advent-of-code-25/src/main/scala/Main.scala. Using presentation compiler with project's scala-library version: 3.3.6[0m
2025.12.06 14:23:34 INFO  no build target found for /home/lucas/projects/advent-of-code-25/src/main/scala/Main.scala. Using presentation compiler with project's scala-library version: 3.3.6[0m
2025.12.06 14:23:34 INFO  no build target found for /home/lucas/projects/advent-of-code-25/src/main/scala/Main.scala. Using presentation compiler with project's scala-library version: 3.3.6[0m
2025.12.06 14:23:34 INFO  no build target found for /home/lucas/projects/advent-of-code-25/src/main/scala/Main.scala. Using presentation compiler with project's scala-library version: 3.3.6[0m
2025.12.06 14:23:36 INFO  no build target found for /home/lucas/projects/advent-of-code-25/src/main/scala/Main.scala. Using presentation compiler with project's scala-library version: 3.3.6[0m
2025.12.06 14:23:36 INFO  no build target found for /home/lucas/projects/advent-of-code-25/src/main/scala/Main.scala. Using presentation compiler with project's scala-library version: 3.3.6[0m
2025.12.06 14:23:36 INFO  no build target found for /home/lucas/projects/advent-of-code-25/src/main/scala/Main.scala. Using presentation compiler with project's scala-library version: 3.3.6[0m
2025.12.06 14:23:36 INFO  no build target found for /home/lucas/projects/advent-of-code-25/src/main/scala/Main.scala. Using presentation compiler with project's scala-library version: 3.3.6[0m
2025.12.06 14:23:42 INFO  no build target found for /home/lucas/projects/advent-of-code-25/src/main/scala/Main.scala. Using presentation compiler with project's scala-library version: 3.3.6[0m
2025.12.06 14:23:47 INFO  no build target found for /home/lucas/projects/advent-of-code-25/src/main/scala/Main.scala. Using presentation compiler with project's scala-library version: 3.3.6[0m
2025.12.06 14:23:47 INFO  no build target found for /home/lucas/projects/advent-of-code-25/src/main/scala/Main.scala. Using presentation compiler with project's scala-library version: 3.3.6[0m
2025.12.06 14:23:48 INFO  no build target found for /home/lucas/projects/advent-of-code-25/src/main/scala/Main.scala. Using presentation compiler with project's scala-library version: 3.3.6[0m
2025.12.06 14:24:01 INFO  no build target found for /home/lucas/projects/advent-of-code-25/src/main/scala/Main.scala. Using presentation compiler with project's scala-library version: 3.3.6[0m
2025.12.06 14:24:06 INFO  no build target found for /home/lucas/projects/advent-of-code-25/src/main/scala/Main.scala. Using presentation compiler with project's scala-library version: 3.3.6[0m
2025.12.06 14:24:08 INFO  no build target found for /home/lucas/projects/advent-of-code-25/src/main/scala/Main.scala. Using presentation compiler with project's scala-library version: 3.3.6[0m
2025.12.06 14:24:10 INFO  no build target found for /home/lucas/projects/advent-of-code-25/src/main/scala/Main.scala. Using presentation compiler with project's scala-library version: 3.3.6[0m
2025.12.06 14:24:10 INFO  no build target found for /home/lucas/projects/advent-of-code-25/src/main/scala/Main.scala. Using presentation compiler with project's scala-library version: 3.3.6[0m
2025.12.06 14:24:10 INFO  no build target found for /home/lucas/projects/advent-of-code-25/src/main/scala/Main.scala. Using presentation compiler with project's scala-library version: 3.3.6[0m
2025.12.06 14:24:10 INFO  no build target found for /home/lucas/projects/advent-of-code-25/src/main/scala/Main.scala. Using presentation compiler with project's scala-library version: 3.3.6[0m
2025.12.06 14:24:10 INFO  no build target found for /home/lucas/projects/advent-of-code-25/src/main/scala/Main.scala. Using presentation compiler with project's scala-library version: 3.3.6[0m
2025.12.06 14:24:11 INFO  no build target found for /home/lucas/projects/advent-of-code-25/src/main/scala/Main.scala. Using presentation compiler with project's scala-library version: 3.3.6[0m
2025.12.06 14:24:11 INFO  no build target found for /home/lucas/projects/advent-of-code-25/src/main/scala/Main.scala. Using presentation compiler with project's scala-library version: 3.3.6[0m
2025.12.06 14:24:11 INFO  no build target found for /home/lucas/projects/advent-of-code-25/src/main/scala/Main.scala. Using presentation compiler with project's scala-library version: 3.3.6[0m
2025.12.06 14:24:13 INFO  no build target found for /home/lucas/projects/advent-of-code-25/src/main/scala/Main.scala. Using presentation compiler with project's scala-library version: 3.3.6[0m
2025.12.06 14:24:13 INFO  no build target found for /home/lucas/projects/advent-of-code-25/src/main/scala/Main.scala. Using presentation compiler with project's scala-library version: 3.3.6[0m
2025.12.06 14:24:13 INFO  no build target found for /home/lucas/projects/advent-of-code-25/src/main/scala/Main.scala. Using presentation compiler with project's scala-library version: 3.3.6[0m
2025.12.06 14:24:13 INFO  no build target found for /home/lucas/projects/advent-of-code-25/src/main/scala/Main.scala. Using presentation compiler with project's scala-library version: 3.3.6[0m
2025.12.06 14:24:15 INFO  no build target found for /home/lucas/projects/advent-of-code-25/src/main/scala/Main.scala. Using presentation compiler with project's scala-library version: 3.3.6[0m
2025.12.06 14:24:15 INFO  no build target found for /home/lucas/projects/advent-of-code-25/src/main/scala/Main.scala. Using presentation compiler with project's scala-library version: 3.3.6[0m
2025.12.06 14:24:15 INFO  no build target found for /home/lucas/projects/advent-of-code-25/src/main/scala/Main.scala. Using presentation compiler with project's scala-library version: 3.3.6[0m
2025.12.06 14:24:16 INFO  no build target found for /home/lucas/projects/advent-of-code-25/src/main/scala/Main.scala. Using presentation compiler with project's scala-library version: 3.3.6[0m
2025.12.06 14:24:16 INFO  no build target found for /home/lucas/projects/advent-of-code-25/src/main/scala/Main.scala. Using presentation compiler with project's scala-library version: 3.3.6[0m
2025.12.06 14:24:17 INFO  no build target found for /home/lucas/projects/advent-of-code-25/src/main/scala/Main.scala. Using presentation compiler with project's scala-library version: 3.3.6[0m
2025.12.06 14:24:18 INFO  no build target found for /home/lucas/projects/advent-of-code-25/src/main/scala/Main.scala. Using presentation compiler with project's scala-library version: 3.3.6[0m
2025.12.06 14:24:18 INFO  no build target found for /home/lucas/projects/advent-of-code-25/src/main/scala/Main.scala. Using presentation compiler with project's scala-library version: 3.3.6[0m
2025.12.06 14:24:18 INFO  no build target found for /home/lucas/projects/advent-of-code-25/src/main/scala/Main.scala. Using presentation compiler with project's scala-library version: 3.3.6[0m
2025.12.06 14:24:23 INFO  no build target found for /home/lucas/projects/advent-of-code-25/src/main/scala/Main.scala. Using presentation compiler with project's scala-library version: 3.3.6[0m
2025.12.06 14:24:23 INFO  no build target found for /home/lucas/projects/advent-of-code-25/src/main/scala/Main.scala. Using presentation compiler with project's scala-library version: 3.3.6[0m
2025.12.06 14:24:25 INFO  no build target found for /home/lucas/projects/advent-of-code-25/src/main/scala/Main.scala. Using presentation compiler with project's scala-library version: 3.3.6[0m
2025.12.06 14:24:25 INFO  no build target found for /home/lucas/projects/advent-of-code-25/src/main/scala/Main.scala. Using presentation compiler with project's scala-library version: 3.3.6[0m
2025.12.06 14:24:26 INFO  no build target found for /home/lucas/projects/advent-of-code-25/src/main/scala/Main.scala. Using presentation compiler with project's scala-library version: 3.3.6[0m
2025.12.06 14:24:31 INFO  no build target found for /home/lucas/projects/advent-of-code-25/src/main/scala/Main.scala. Using presentation compiler with project's scala-library version: 3.3.6[0m
2025.12.06 14:25:46 INFO  no build target found for /home/lucas/projects/advent-of-code-25/src/main/scala/Main.scala. Using presentation compiler with project's scala-library version: 3.3.6[0m
2025.12.06 14:25:46 INFO  no build target found for /home/lucas/projects/advent-of-code-25/src/main/scala/Main.scala. Using presentation compiler with project's scala-library version: 3.3.6[0m
2025.12.06 14:25:46 WARN  no build target for: /home/lucas/projects/advent-of-code-25/src/main/scala/Main.scala[0m
2025.12.06 14:25:46 INFO  no build target found for /home/lucas/projects/advent-of-code-25/src/main/scala/Main.scala. Using presentation compiler with project's scala-library version: 3.3.6[0m
2025.12.06 14:25:46 INFO  no build target found for /home/lucas/projects/advent-of-code-25/src/main/scala/Main.scala. Using presentation compiler with project's scala-library version: 3.3.6[0m
2025.12.06 14:26:57 INFO  no build target found for /home/lucas/projects/advent-of-code-25/src/main/scala/Main.scala. Using presentation compiler with project's scala-library version: 3.3.6[0m
2025.12.06 14:26:57 INFO  no build target found for /home/lucas/projects/advent-of-code-25/src/main/scala/Main.scala. Using presentation compiler with project's scala-library version: 3.3.6[0m
2025.12.06 14:26:57 WARN  no build target for: /home/lucas/projects/advent-of-code-25/src/main/scala/Main.scala[0m
2025.12.06 14:27:07 INFO  no build target found for /home/lucas/projects/advent-of-code-25/src/main/scala/Main.scala. Using presentation compiler with project's scala-library version: 3.3.6[0m
2025.12.06 14:27:07 WARN  no build target for: /home/lucas/projects/advent-of-code-25/src/main/scala/Main.scala[0m
2025.12.06 14:27:07 INFO  no build target found for /home/lucas/projects/advent-of-code-25/src/main/scala/Main.scala. Using presentation compiler with project's scala-library version: 3.3.6[0m
2025.12.06 14:27:08 INFO  no build target found for /home/lucas/projects/advent-of-code-25/src/main/scala/Main.scala. Using presentation compiler with project's scala-library version: 3.3.6[0m
2025.12.06 14:27:10 WARN  no build target for: /home/lucas/projects/advent-of-code-25/src/main/scala/Main.scala[0m
2025.12.06 14:27:10 INFO  no build target found for /home/lucas/projects/advent-of-code-25/src/main/scala/Main.scala. Using presentation compiler with project's scala-library version: 3.3.6[0m
2025.12.06 14:27:10 INFO  no build target found for /home/lucas/projects/advent-of-code-25/src/main/scala/Main.scala. Using presentation compiler with project's scala-library version: 3.3.6[0m
2025.12.06 14:28:28 INFO  no build target found for /home/lucas/projects/advent-of-code-25/src/main/scala/Main.scala. Using presentation compiler with project's scala-library version: 3.3.6[0m
2025.12.06 14:28:28 INFO  no build target found for /home/lucas/projects/advent-of-code-25/src/main/scala/Main.scala. Using presentation compiler with project's scala-library version: 3.3.6[0m
2025.12.06 14:28:28 WARN  no build target for: /home/lucas/projects/advent-of-code-25/src/main/scala/Main.scala[0m
2025.12.06 14:28:28 INFO  no build target found for /home/lucas/projects/advent-of-code-25/src/main/scala/Main.scala. Using presentation compiler with project's scala-library version: 3.3.6[0m
2025.12.06 14:28:28 INFO  no build target found for /home/lucas/projects/advent-of-code-25/src/main/scala/Main.scala. Using presentation compiler with project's scala-library version: 3.3.6[0m
2025.12.06 14:28:31 WARN  no build target for: /home/lucas/projects/advent-of-code-25/src/main/scala/Main.scala[0m
2025.12.06 14:28:31 INFO  no build target found for /home/lucas/projects/advent-of-code-25/src/main/scala/Main.scala. Using presentation compiler with project's scala-library version: 3.3.6[0m
2025.12.06 14:29:42 INFO  no build target found for /home/lucas/projects/advent-of-code-25/src/main/scala/Main.scala. Using presentation compiler with project's scala-library version: 3.3.6[0m
2025.12.06 14:29:42 INFO  no build target found for /home/lucas/projects/advent-of-code-25/src/main/scala/Main.scala. Using presentation compiler with project's scala-library version: 3.3.6[0m
2025.12.06 14:29:42 WARN  no build target for: /home/lucas/projects/advent-of-code-25/src/main/scala/Main.scala[0m
2025.12.06 14:29:42 INFO  no build target found for /home/lucas/projects/advent-of-code-25/src/main/scala/Main.scala. Using presentation compiler with project's scala-library version: 3.3.6[0m
2025.12.06 14:29:42 INFO  no build target found for /home/lucas/projects/advent-of-code-25/src/main/scala/Main.scala. Using presentation compiler with project's scala-library version: 3.3.6[0m
2025.12.06 14:29:42 INFO  no build target found for /home/lucas/projects/advent-of-code-25/src/main/scala/Main.scala. Using presentation compiler with project's scala-library version: 3.3.6[0m
2025.12.06 14:29:43 INFO  no build target found for /home/lucas/projects/advent-of-code-25/src/main/scala/Main.scala. Using presentation compiler with project's scala-library version: 3.3.6[0m
2025.12.06 14:30:29 INFO  no build target found for /home/lucas/projects/advent-of-code-25/src/main/scala/Main.scala. Using presentation compiler with project's scala-library version: 3.3.6[0m
2025.12.06 14:30:29 INFO  no build target found for /home/lucas/projects/advent-of-code-25/src/main/scala/Main.scala. Using presentation compiler with project's scala-library version: 3.3.6[0m
2025.12.06 14:30:29 INFO  no build target found for /home/lucas/projects/advent-of-code-25/src/main/scala/Main.scala. Using presentation compiler with project's scala-library version: 3.3.6[0m
2025.12.06 14:30:29 INFO  no build target found for /home/lucas/projects/advent-of-code-25/src/main/scala/Main.scala. Using presentation compiler with project's scala-library version: 3.3.6[0m
2025.12.06 14:30:30 WARN  no build target for: /home/lucas/projects/advent-of-code-25/src/main/scala/Main.scala[0m
2025.12.06 14:30:30 INFO  no build target found for /home/lucas/projects/advent-of-code-25/src/main/scala/Main.scala. Using presentation compiler with project's scala-library version: 3.3.6[0m
2025.12.06 14:30:41 INFO  no build target found for /home/lucas/projects/advent-of-code-25/src/main/scala/Main.scala. Using presentation compiler with project's scala-library version: 3.3.6[0m
2025.12.06 14:30:42 INFO  no build target found for /home/lucas/projects/advent-of-code-25/src/main/scala/Main.scala. Using presentation compiler with project's scala-library version: 3.3.6[0m
2025.12.06 14:30:42 WARN  no build target for: /home/lucas/projects/advent-of-code-25/src/main/scala/Main.scala[0m
2025.12.06 14:30:42 INFO  no build target found for /home/lucas/projects/advent-of-code-25/src/main/scala/Main.scala. Using presentation compiler with project's scala-library version: 3.3.6[0m
2025.12.06 14:30:41 INFO  no build target found for /home/lucas/projects/advent-of-code-25/src/main/scala/Main.scala. Using presentation compiler with project's scala-library version: 3.3.6[0m
2025.12.06 14:30:46 WARN  no build target for: /home/lucas/projects/advent-of-code-25/src/main/scala/Main.scala[0m
2025.12.06 14:30:46 INFO  no build target found for /home/lucas/projects/advent-of-code-25/src/main/scala/Main.scala. Using presentation compiler with project's scala-library version: 3.3.6[0m
2025.12.06 14:31:27 INFO  no build target found for /home/lucas/projects/advent-of-code-25/src/main/scala/Main.scala. Using presentation compiler with project's scala-library version: 3.3.6[0m
2025.12.06 14:31:27 INFO  no build target found for /home/lucas/projects/advent-of-code-25/src/main/scala/Main.scala. Using presentation compiler with project's scala-library version: 3.3.6[0m
2025.12.06 14:31:31 INFO  no build target found for /home/lucas/projects/advent-of-code-25/src/main/scala/Main.scala. Using presentation compiler with project's scala-library version: 3.3.6[0m
2025.12.06 14:31:46 INFO  no build target found for /home/lucas/projects/advent-of-code-25/build.sbt. Using presentation compiler with project's scala-library version: 3.3.6[0m
2025.12.06 14:31:46 INFO  no build target found for /home/lucas/projects/advent-of-code-25/test.scala. Using presentation compiler with project's scala-library version: 3.3.6[0m
2025.12.06 14:31:46 INFO  no build target found for /home/lucas/projects/advent-of-code-25/test.scala. Using presentation compiler with project's scala-library version: 3.3.6[0m
2025.12.06 14:31:46 WARN  no build target for: /home/lucas/projects/advent-of-code-25/test.scala[0m
2025.12.06 14:31:46 INFO  no build target found for /home/lucas/projects/advent-of-code-25/test.scala. Using presentation compiler with project's scala-library version: 3.3.6[0m
2025.12.06 14:31:46 INFO  no build target found for /home/lucas/projects/advent-of-code-25/test.scala. Using presentation compiler with project's scala-library version: 3.3.6[0m
2025.12.06 14:31:46 INFO  no build target found for /home/lucas/projects/advent-of-code-25/test.scala. Using presentation compiler with project's scala-library version: 3.3.6[0m
2025.12.06 14:31:48 INFO  no build target found for /home/lucas/projects/advent-of-code-25/test.scala. Using presentation compiler with project's scala-library version: 3.3.6[0m
2025.12.06 14:31:48 INFO  no build target found for /home/lucas/projects/advent-of-code-25/src/main/scala/Main.scala. Using presentation compiler with project's scala-library version: 3.3.6[0m
2025.12.06 14:31:48 WARN  no build target for: /home/lucas/projects/advent-of-code-25/src/main/scala/Main.scala[0m
2025.12.06 14:31:48 INFO  no build target found for /home/lucas/projects/advent-of-code-25/src/main/scala/Main.scala. Using presentation compiler with project's scala-library version: 3.3.6[0m
2025.12.06 14:31:48 INFO  no build target found for /home/lucas/projects/advent-of-code-25/src/main/scala/Main.scala. Using presentation compiler with project's scala-library version: 3.3.6[0m
2025.12.06 14:31:59 INFO  no build target found for /home/lucas/projects/advent-of-code-25/src/main/scala/Main.scala. Using presentation compiler with project's scala-library version: 3.3.6[0m
2025.12.06 14:31:59 INFO  no build target found for /home/lucas/projects/advent-of-code-25/src/main/scala/Main.scala. Using presentation compiler with project's scala-library version: 3.3.6[0m
2025.12.06 14:32:00 INFO  no build target found for /home/lucas/projects/advent-of-code-25/src/main/scala/Main.scala. Using presentation compiler with project's scala-library version: 3.3.6[0m
2025.12.06 14:32:00 INFO  no build target found for /home/lucas/projects/advent-of-code-25/src/main/scala/Main.scala. Using presentation compiler with project's scala-library version: 3.3.6[0m
2025.12.06 14:32:01 INFO  no build target found for /home/lucas/projects/advent-of-code-25/src/main/scala/Main.scala. Using presentation compiler with project's scala-library version: 3.3.6[0m
2025.12.06 14:32:01 INFO  no build target found for /home/lucas/projects/advent-of-code-25/src/main/scala/Main.scala. Using presentation compiler with project's scala-library version: 3.3.6[0m
2025.12.06 14:32:01 INFO  no build target found for /home/lucas/projects/advent-of-code-25/src/main/scala/Main.scala. Using presentation compiler with project's scala-library version: 3.3.6[0m
2025.12.06 14:32:45 INFO  no build target found for /home/lucas/projects/advent-of-code-25/src/main/scala/Main.scala. Using presentation compiler with project's scala-library version: 3.3.6[0m
2025.12.06 14:32:45 INFO  no build target found for /home/lucas/projects/advent-of-code-25/src/main/scala/Main.scala. Using presentation compiler with project's scala-library version: 3.3.6[0m
2025.12.06 14:32:45 WARN  no build target for: /home/lucas/projects/advent-of-code-25/src/main/scala/Main.scala[0m
2025.12.06 14:32:45 INFO  no build target found for /home/lucas/projects/advent-of-code-25/src/main/scala/Main.scala. Using presentation compiler with project's scala-library version: 3.3.6[0m
2025.12.06 14:32:45 INFO  no build target found for /home/lucas/projects/advent-of-code-25/src/main/scala/Main.scala. Using presentation compiler with project's scala-library version: 3.3.6[0m
2025.12.06 14:32:47 INFO  no build target found for /home/lucas/projects/advent-of-code-25/src/main/scala/Main.scala. Using presentation compiler with project's scala-library version: 3.3.6[0m
2025.12.06 14:32:47 WARN  no build target for: /home/lucas/projects/advent-of-code-25/src/main/scala/Main.scala[0m
2025.12.06 14:32:48 INFO  no build target found for /home/lucas/projects/advent-of-code-25/src/main/scala/Main.scala. Using presentation compiler with project's scala-library version: 3.3.6[0m
2025.12.06 14:34:53 INFO  no build target found for /home/lucas/projects/advent-of-code-25/src/main/scala/Main.scala. Using presentation compiler with project's scala-library version: 3.3.6[0m
2025.12.06 14:34:53 INFO  no build target found for /home/lucas/projects/advent-of-code-25/src/main/scala/Main.scala. Using presentation compiler with project's scala-library version: 3.3.6[0m
2025.12.06 14:34:53 WARN  no build target for: /home/lucas/projects/advent-of-code-25/src/main/scala/Main.scala[0m
Dec 06, 2025 2:34:55 PM org.eclipse.lsp4j.jsonrpc.RemoteEndpoint handleNotification
WARNING: Notification threw an exception: {
  "jsonrpc": "2.0",
  "method": "metals/didFocusTextDocument",
  "params": [
    "chat-editing-snapshot-text-model:/home/lucas/projects/advent-of-code-25/src/main/scala/Main.scala?%7B%22sessionId%22%3A%222ec5c138-9716-4b5d-a176-9d1d26e5429c%22%2C%22requestId%22%3A%22request_cdb8a468-1581-4aae-8327-57a77d219a72%22%2C%22undoStop%22%3A%22__epoch_9007199254740991%22%7D"
  ]
}
java.nio.file.FileSystemNotFoundException: Provider "chat-editing-snapshot-text-model" not installed
	at java.base/java.nio.file.Path.of(Unknown Source)
	at java.base/java.nio.file.Paths.get(Unknown Source)
	at scala.meta.internal.mtags.MtagsEnrichments$XtensionURIMtags.toAbsolutePath(MtagsEnrichments.scala:149)
	at scala.meta.internal.mtags.MtagsEnrichments$XtensionStringMtags.toAbsolutePath(MtagsEnrichments.scala:209)
	at scala.meta.internal.metals.MetalsEnrichments$XtensionString.toAbsolutePath(MetalsEnrichments.scala:778)
	at scala.meta.internal.metals.MetalsEnrichments$XtensionString.toAbsolutePath(MetalsEnrichments.scala:775)
	at scala.meta.internal.metals.WorkspaceLspService.didFocus(WorkspaceLspService.scala:789)
	at scala.meta.metals.lsp.DelegatingScalaService.didFocus(DelegatingScalaService.scala:42)
	at java.base/jdk.internal.reflect.DirectMethodHandleAccessor.invoke(Unknown Source)
	at java.base/java.lang.reflect.Method.invoke(Unknown Source)
	at org.eclipse.lsp4j.jsonrpc.services.GenericEndpoint.lambda$recursiveFindRpcMethods$0(GenericEndpoint.java:65)
	at org.eclipse.lsp4j.jsonrpc.services.GenericEndpoint.notify(GenericEndpoint.java:160)
	at org.eclipse.lsp4j.jsonrpc.RemoteEndpoint.handleNotification(RemoteEndpoint.java:231)
	at org.eclipse.lsp4j.jsonrpc.RemoteEndpoint.consume(RemoteEndpoint.java:198)
	at org.eclipse.lsp4j.jsonrpc.json.StreamMessageProducer.handleMessage(StreamMessageProducer.java:185)
	at org.eclipse.lsp4j.jsonrpc.json.StreamMessageProducer.listen(StreamMessageProducer.java:97)
	at org.eclipse.lsp4j.jsonrpc.json.ConcurrentMessageProcessor.run(ConcurrentMessageProcessor.java:114)
	at java.base/java.util.concurrent.Executors$RunnableAdapter.call(Unknown Source)
	at java.base/java.util.concurrent.FutureTask.run(Unknown Source)
	at java.base/java.util.concurrent.ThreadPoolExecutor.runWorker(Unknown Source)
	at java.base/java.util.concurrent.ThreadPoolExecutor$Worker.run(Unknown Source)
	at java.base/java.lang.Thread.run(Unknown Source)

2025.12.06 14:35:04 WARN  no build target for: /home/lucas/projects/advent-of-code-25/src/main/scala/Main.scala[0m
Dec 06, 2025 2:35:06 PM org.eclipse.lsp4j.jsonrpc.RemoteEndpoint handleNotification
WARNING: Notification threw an exception: {
  "jsonrpc": "2.0",
  "method": "metals/didFocusTextDocument",
  "params": [
    "chat-editing-snapshot-text-model:/home/lucas/projects/advent-of-code-25/src/main/scala/Main.scala?%7B%22sessionId%22%3A%222ec5c138-9716-4b5d-a176-9d1d26e5429c%22%2C%22requestId%22%3A%22request_cdb8a468-1581-4aae-8327-57a77d219a72%22%2C%22undoStop%22%3A%22__epoch_44%22%7D"
  ]
}
java.nio.file.FileSystemNotFoundException: Provider "chat-editing-snapshot-text-model" not installed
	at java.base/java.nio.file.Path.of(Unknown Source)
	at java.base/java.nio.file.Paths.get(Unknown Source)
	at scala.meta.internal.mtags.MtagsEnrichments$XtensionURIMtags.toAbsolutePath(MtagsEnrichments.scala:149)
	at scala.meta.internal.mtags.MtagsEnrichments$XtensionStringMtags.toAbsolutePath(MtagsEnrichments.scala:209)
	at scala.meta.internal.metals.MetalsEnrichments$XtensionString.toAbsolutePath(MetalsEnrichments.scala:778)
	at scala.meta.internal.metals.MetalsEnrichments$XtensionString.toAbsolutePath(MetalsEnrichments.scala:775)
	at scala.meta.internal.metals.WorkspaceLspService.didFocus(WorkspaceLspService.scala:789)
	at scala.meta.metals.lsp.DelegatingScalaService.didFocus(DelegatingScalaService.scala:42)
	at java.base/jdk.internal.reflect.DirectMethodHandleAccessor.invoke(Unknown Source)
	at java.base/java.lang.reflect.Method.invoke(Unknown Source)
	at org.eclipse.lsp4j.jsonrpc.services.GenericEndpoint.lambda$recursiveFindRpcMethods$0(GenericEndpoint.java:65)
	at org.eclipse.lsp4j.jsonrpc.services.GenericEndpoint.notify(GenericEndpoint.java:160)
	at org.eclipse.lsp4j.jsonrpc.RemoteEndpoint.handleNotification(RemoteEndpoint.java:231)
	at org.eclipse.lsp4j.jsonrpc.RemoteEndpoint.consume(RemoteEndpoint.java:198)
	at org.eclipse.lsp4j.jsonrpc.json.StreamMessageProducer.handleMessage(StreamMessageProducer.java:185)
	at org.eclipse.lsp4j.jsonrpc.json.StreamMessageProducer.listen(StreamMessageProducer.java:97)
	at org.eclipse.lsp4j.jsonrpc.json.ConcurrentMessageProcessor.run(ConcurrentMessageProcessor.java:114)
	at java.base/java.util.concurrent.Executors$RunnableAdapter.call(Unknown Source)
	at java.base/java.util.concurrent.FutureTask.run(Unknown Source)
	at java.base/java.util.concurrent.ThreadPoolExecutor.runWorker(Unknown Source)
	at java.base/java.util.concurrent.ThreadPoolExecutor$Worker.run(Unknown Source)
	at java.base/java.lang.Thread.run(Unknown Source)

Dec 06, 2025 2:35:19 PM org.eclipse.lsp4j.jsonrpc.RemoteEndpoint handleNotification
WARNING: Notification threw an exception: {
  "jsonrpc": "2.0",
  "method": "metals/didFocusTextDocument",
  "params": [
    "chat-editing-snapshot-text-model:/home/lucas/projects/advent-of-code-25/src/main/scala/Main.scala?%7B%22sessionId%22%3A%222ec5c138-9716-4b5d-a176-9d1d26e5429c%22%2C%22requestId%22%3A%22request_cdb8a468-1581-4aae-8327-57a77d219a72%22%2C%22undoStop%22%3A%22__epoch_9007199254740991%22%7D"
  ]
}
java.nio.file.FileSystemNotFoundException: Provider "chat-editing-snapshot-text-model" not installed
	at java.base/java.nio.file.Path.of(Unknown Source)
	at java.base/java.nio.file.Paths.get(Unknown Source)
	at scala.meta.internal.mtags.MtagsEnrichments$XtensionURIMtags.toAbsolutePath(MtagsEnrichments.scala:149)
	at scala.meta.internal.mtags.MtagsEnrichments$XtensionStringMtags.toAbsolutePath(MtagsEnrichments.scala:209)
	at scala.meta.internal.metals.MetalsEnrichments$XtensionString.toAbsolutePath(MetalsEnrichments.scala:778)
	at scala.meta.internal.metals.MetalsEnrichments$XtensionString.toAbsolutePath(MetalsEnrichments.scala:775)
	at scala.meta.internal.metals.WorkspaceLspService.didFocus(WorkspaceLspService.scala:789)
	at scala.meta.metals.lsp.DelegatingScalaService.didFocus(DelegatingScalaService.scala:42)
	at java.base/jdk.internal.reflect.DirectMethodHandleAccessor.invoke(Unknown Source)
	at java.base/java.lang.reflect.Method.invoke(Unknown Source)
	at org.eclipse.lsp4j.jsonrpc.services.GenericEndpoint.lambda$recursiveFindRpcMethods$0(GenericEndpoint.java:65)
	at org.eclipse.lsp4j.jsonrpc.services.GenericEndpoint.notify(GenericEndpoint.java:160)
	at org.eclipse.lsp4j.jsonrpc.RemoteEndpoint.handleNotification(RemoteEndpoint.java:231)
	at org.eclipse.lsp4j.jsonrpc.RemoteEndpoint.consume(RemoteEndpoint.java:198)
	at org.eclipse.lsp4j.jsonrpc.json.StreamMessageProducer.handleMessage(StreamMessageProducer.java:185)
	at org.eclipse.lsp4j.jsonrpc.json.StreamMessageProducer.listen(StreamMessageProducer.java:97)
	at org.eclipse.lsp4j.jsonrpc.json.ConcurrentMessageProcessor.run(ConcurrentMessageProcessor.java:114)
	at java.base/java.util.concurrent.Executors$RunnableAdapter.call(Unknown Source)
	at java.base/java.util.concurrent.FutureTask.run(Unknown Source)
	at java.base/java.util.concurrent.ThreadPoolExecutor.runWorker(Unknown Source)
	at java.base/java.util.concurrent.ThreadPoolExecutor$Worker.run(Unknown Source)
	at java.base/java.lang.Thread.run(Unknown Source)

2025.12.06 14:36:04 INFO  no build target found for /home/lucas/projects/advent-of-code-25/src/main/scala/Main.scala. Using presentation compiler with project's scala-library version: 3.3.6[0m
2025.12.06 14:36:04 INFO  no build target found for /home/lucas/projects/advent-of-code-25/src/main/scala/Main.scala. Using presentation compiler with project's scala-library version: 3.3.6[0m
2025.12.06 14:36:04 WARN  no build target for: /home/lucas/projects/advent-of-code-25/src/main/scala/Main.scala[0m
2025.12.06 14:36:32 WARN  no build target for: /home/lucas/projects/advent-of-code-25/src/main/scala/Main.scala[0m
2025.12.06 14:36:33 INFO  no build target found for /home/lucas/projects/advent-of-code-25/src/main/scala/Main.scala. Using presentation compiler with project's scala-library version: 3.3.6[0m
2025.12.06 14:36:33 WARN  no build target for: /home/lucas/projects/advent-of-code-25/src/main/scala/Main.scala[0m
2025.12.06 14:36:33 INFO  no build target found for /home/lucas/projects/advent-of-code-25/src/main/scala/Main.scala. Using presentation compiler with project's scala-library version: 3.3.6[0m
2025.12.06 14:36:34 INFO  no build target found for /home/lucas/projects/advent-of-code-25/src/main/scala/Main.scala. Using presentation compiler with project's scala-library version: 3.3.6[0m
2025.12.06 14:36:33 INFO  no build target found for /home/lucas/projects/advent-of-code-25/src/main/scala/Main.scala. Using presentation compiler with project's scala-library version: 3.3.6[0m
2025.12.06 14:36:36 INFO  no build target found for /home/lucas/projects/advent-of-code-25/src/main/scala/Main.scala. Using presentation compiler with project's scala-library version: 3.3.6[0m
2025.12.06 14:36:36 INFO  no build target found for /home/lucas/projects/advent-of-code-25/src/main/scala/Main.scala. Using presentation compiler with project's scala-library version: 3.3.6[0m
2025.12.06 14:36:38 INFO  no build target found for /home/lucas/projects/advent-of-code-25/src/main/scala/Main.scala. Using presentation compiler with project's scala-library version: 3.3.6[0m
2025.12.06 14:36:39 INFO  no build target found for /home/lucas/projects/advent-of-code-25/src/main/scala/Main.scala. Using presentation compiler with project's scala-library version: 3.3.6[0m
2025.12.06 14:36:40 INFO  no build target found for /home/lucas/projects/advent-of-code-25/src/main/scala/Main.scala. Using presentation compiler with project's scala-library version: 3.3.6[0m
2025.12.06 14:36:43 INFO  no build target found for /home/lucas/projects/advent-of-code-25/src/main/scala/Main.scala. Using presentation compiler with project's scala-library version: 3.3.6[0m
2025.12.06 14:36:46 INFO  no build target found for /home/lucas/projects/advent-of-code-25/src/main/scala/Main.scala. Using presentation compiler with project's scala-library version: 3.3.6[0m
2025.12.06 14:36:59 INFO  no build target found for /home/lucas/projects/advent-of-code-25/src/main/scala/Main.scala. Using presentation compiler with project's scala-library version: 3.3.6[0m
2025.12.06 14:36:59 WARN  no build target for: /home/lucas/projects/advent-of-code-25/src/main/scala/Main.scala[0m
2025.12.06 14:36:59 INFO  no build target found for /home/lucas/projects/advent-of-code-25/src/main/scala/Main.scala. Using presentation compiler with project's scala-library version: 3.3.6[0m
2025.12.06 14:37:03 INFO  no build target found for /home/lucas/projects/advent-of-code-25/src/main/scala/Main.scala. Using presentation compiler with project's scala-library version: 3.3.6[0m
2025.12.06 14:37:03 INFO  no build target found for /home/lucas/projects/advent-of-code-25/src/main/scala/Main.scala. Using presentation compiler with project's scala-library version: 3.3.6[0m
2025.12.06 14:37:05 INFO  no build target found for /home/lucas/projects/advent-of-code-25/src/main/scala/Main.scala. Using presentation compiler with project's scala-library version: 3.3.6[0m
2025.12.06 14:37:05 INFO  no build target found for /home/lucas/projects/advent-of-code-25/src/main/scala/Main.scala. Using presentation compiler with project's scala-library version: 3.3.6[0m
2025.12.06 14:37:05 INFO  no build target found for /home/lucas/projects/advent-of-code-25/src/main/scala/Main.scala. Using presentation compiler with project's scala-library version: 3.3.6[0m
2025.12.06 14:37:05 INFO  no build target found for /home/lucas/projects/advent-of-code-25/src/main/scala/Main.scala. Using presentation compiler with project's scala-library version: 3.3.6[0m
2025.12.06 14:37:06 INFO  no build target found for /home/lucas/projects/advent-of-code-25/src/main/scala/Main.scala. Using presentation compiler with project's scala-library version: 3.3.6[0m
2025.12.06 14:37:06 INFO  no build target found for /home/lucas/projects/advent-of-code-25/src/main/scala/Main.scala. Using presentation compiler with project's scala-library version: 3.3.6[0m
2025.12.06 14:37:05 INFO  no build target found for /home/lucas/projects/advent-of-code-25/src/main/scala/Main.scala. Using presentation compiler with project's scala-library version: 3.3.6[0m
2025.12.06 14:37:06 INFO  no build target found for /home/lucas/projects/advent-of-code-25/src/main/scala/Main.scala. Using presentation compiler with project's scala-library version: 3.3.6[0m
2025.12.06 14:37:06 INFO  no build target found for /home/lucas/projects/advent-of-code-25/src/main/scala/Main.scala. Using presentation compiler with project's scala-library version: 3.3.6[0m
2025.12.06 14:37:06 INFO  no build target found for /home/lucas/projects/advent-of-code-25/src/main/scala/Main.scala. Using presentation compiler with project's scala-library version: 3.3.6[0m
2025.12.06 14:37:06 INFO  no build target found for /home/lucas/projects/advent-of-code-25/src/main/scala/Main.scala. Using presentation compiler with project's scala-library version: 3.3.6[0m
2025.12.06 14:37:06 INFO  no build target found for /home/lucas/projects/advent-of-code-25/src/main/scala/Main.scala. Using presentation compiler with project's scala-library version: 3.3.6[0m
2025.12.06 14:37:07 INFO  no build target found for /home/lucas/projects/advent-of-code-25/src/main/scala/Main.scala. Using presentation compiler with project's scala-library version: 3.3.6[0m
2025.12.06 14:37:07 INFO  no build target found for /home/lucas/projects/advent-of-code-25/src/main/scala/Main.scala. Using presentation compiler with project's scala-library version: 3.3.6[0m
2025.12.06 14:37:07 INFO  no build target found for /home/lucas/projects/advent-of-code-25/src/main/scala/Main.scala. Using presentation compiler with project's scala-library version: 3.3.6[0m
2025.12.06 14:37:10 INFO  no build target found for /home/lucas/projects/advent-of-code-25/src/main/scala/Main.scala. Using presentation compiler with project's scala-library version: 3.3.6[0m
2025.12.06 14:37:10 INFO  no build target found for /home/lucas/projects/advent-of-code-25/src/main/scala/Main.scala. Using presentation compiler with project's scala-library version: 3.3.6[0m
2025.12.06 14:37:10 INFO  no build target found for /home/lucas/projects/advent-of-code-25/src/main/scala/Main.scala. Using presentation compiler with project's scala-library version: 3.3.6[0m
2025.12.06 14:37:10 INFO  no build target found for /home/lucas/projects/advent-of-code-25/src/main/scala/Main.scala. Using presentation compiler with project's scala-library version: 3.3.6[0m
2025.12.06 14:37:10 INFO  no build target found for /home/lucas/projects/advent-of-code-25/src/main/scala/Main.scala. Using presentation compiler with project's scala-library version: 3.3.6[0m
2025.12.06 14:37:11 INFO  no build target found for /home/lucas/projects/advent-of-code-25/src/main/scala/Main.scala. Using presentation compiler with project's scala-library version: 3.3.6[0m
2025.12.06 14:37:11 INFO  no build target found for /home/lucas/projects/advent-of-code-25/src/main/scala/Main.scala. Using presentation compiler with project's scala-library version: 3.3.6[0m
2025.12.06 14:37:12 INFO  no build target found for /home/lucas/projects/advent-of-code-25/src/main/scala/Main.scala. Using presentation compiler with project's scala-library version: 3.3.6[0m
2025.12.06 14:37:12 INFO  no build target found for /home/lucas/projects/advent-of-code-25/src/main/scala/Main.scala. Using presentation compiler with project's scala-library version: 3.3.6[0m
2025.12.06 14:37:12 INFO  no build target found for /home/lucas/projects/advent-of-code-25/src/main/scala/Main.scala. Using presentation compiler with project's scala-library version: 3.3.6[0m
2025.12.06 14:37:12 INFO  no build target found for /home/lucas/projects/advent-of-code-25/src/main/scala/Main.scala. Using presentation compiler with project's scala-library version: 3.3.6[0m
2025.12.06 14:37:12 INFO  no build target found for /home/lucas/projects/advent-of-code-25/src/main/scala/Main.scala. Using presentation compiler with project's scala-library version: 3.3.6[0m
2025.12.06 14:37:14 INFO  no build target found for /home/lucas/projects/advent-of-code-25/src/main/scala/Main.scala. Using presentation compiler with project's scala-library version: 3.3.6[0m
2025.12.06 14:37:14 INFO  no build target found for /home/lucas/projects/advent-of-code-25/src/main/scala/Main.scala. Using presentation compiler with project's scala-library version: 3.3.6[0m
2025.12.06 14:37:14 INFO  no build target found for /home/lucas/projects/advent-of-code-25/src/main/scala/Main.scala. Using presentation compiler with project's scala-library version: 3.3.6[0m
2025.12.06 14:37:15 INFO  no build target found for /home/lucas/projects/advent-of-code-25/src/main/scala/Main.scala. Using presentation compiler with project's scala-library version: 3.3.6[0m
2025.12.06 14:37:15 INFO  no build target found for /home/lucas/projects/advent-of-code-25/src/main/scala/Main.scala. Using presentation compiler with project's scala-library version: 3.3.6[0m
2025.12.06 14:37:15 INFO  no build target found for /home/lucas/projects/advent-of-code-25/src/main/scala/Main.scala. Using presentation compiler with project's scala-library version: 3.3.6[0m
2025.12.06 14:37:15 INFO  no build target found for /home/lucas/projects/advent-of-code-25/src/main/scala/Main.scala. Using presentation compiler with project's scala-library version: 3.3.6[0m
2025.12.06 14:37:16 INFO  no build target found for /home/lucas/projects/advent-of-code-25/src/main/scala/Main.scala. Using presentation compiler with project's scala-library version: 3.3.6[0m
2025.12.06 14:37:16 INFO  no build target found for /home/lucas/projects/advent-of-code-25/src/main/scala/Main.scala. Using presentation compiler with project's scala-library version: 3.3.6[0m
2025.12.06 14:37:16 INFO  no build target found for /home/lucas/projects/advent-of-code-25/src/main/scala/Main.scala. Using presentation compiler with project's scala-library version: 3.3.6[0m
2025.12.06 14:37:16 INFO  no build target found for /home/lucas/projects/advent-of-code-25/src/main/scala/Main.scala. Using presentation compiler with project's scala-library version: 3.3.6[0m
2025.12.06 14:37:17 INFO  no build target found for /home/lucas/projects/advent-of-code-25/src/main/scala/Main.scala. Using presentation compiler with project's scala-library version: 3.3.6[0m
2025.12.06 14:37:29 INFO  no build target found for /home/lucas/projects/advent-of-code-25/src/main/scala/Main.scala. Using presentation compiler with project's scala-library version: 3.3.6[0m
2025.12.06 14:37:30 WARN  no build target for: /home/lucas/projects/advent-of-code-25/src/main/scala/Main.scala[0m
2025.12.06 14:37:30 INFO  no build target found for /home/lucas/projects/advent-of-code-25/src/main/scala/Main.scala. Using presentation compiler with project's scala-library version: 3.3.6[0m
2025.12.06 14:37:31 INFO  no build target found for /home/lucas/projects/advent-of-code-25/src/main/scala/Main.scala. Using presentation compiler with project's scala-library version: 3.3.6[0m
2025.12.06 14:48:29 INFO  no build target found for /home/lucas/projects/advent-of-code-25/src/main/scala/Main.scala. Using presentation compiler with project's scala-library version: 3.3.6[0m
2025.12.06 14:48:29 INFO  no build target found for /home/lucas/projects/advent-of-code-25/src/main/scala/Main.scala. Using presentation compiler with project's scala-library version: 3.3.6[0m
2025.12.06 14:48:30 INFO  no build target found for /home/lucas/projects/advent-of-code-25/src/main/scala/Main.scala. Using presentation compiler with project's scala-library version: 3.3.6[0m
2025.12.06 14:48:30 INFO  no build target found for /home/lucas/projects/advent-of-code-25/src/main/scala/Main.scala. Using presentation compiler with project's scala-library version: 3.3.6[0m
2025.12.06 14:48:30 INFO  no build target found for /home/lucas/projects/advent-of-code-25/src/main/scala/Main.scala. Using presentation compiler with project's scala-library version: 3.3.6[0m
2025.12.06 14:48:32 INFO  no build target found for /home/lucas/projects/advent-of-code-25/src/main/scala/Main.scala. Using presentation compiler with project's scala-library version: 3.3.6[0m
2025.12.06 14:48:33 INFO  no build target found for /home/lucas/projects/advent-of-code-25/src/main/scala/Main.scala. Using presentation compiler with project's scala-library version: 3.3.6[0m
2025.12.06 14:48:33 INFO  no build target found for /home/lucas/projects/advent-of-code-25/src/main/scala/Main.scala. Using presentation compiler with project's scala-library version: 3.3.6[0m
2025.12.06 14:48:34 INFO  no build target found for /home/lucas/projects/advent-of-code-25/src/main/scala/Main.scala. Using presentation compiler with project's scala-library version: 3.3.6[0m
2025.12.06 14:48:34 INFO  no build target found for /home/lucas/projects/advent-of-code-25/src/main/scala/Main.scala. Using presentation compiler with project's scala-library version: 3.3.6[0m
2025.12.06 14:48:34 INFO  no build target found for /home/lucas/projects/advent-of-code-25/src/main/scala/Main.scala. Using presentation compiler with project's scala-library version: 3.3.6[0m
2025.12.06 14:48:34 INFO  no build target found for /home/lucas/projects/advent-of-code-25/src/main/scala/Main.scala. Using presentation compiler with project's scala-library version: 3.3.6[0m
2025.12.06 14:48:37 INFO  no build target found for /home/lucas/projects/advent-of-code-25/src/main/scala/Main.scala. Using presentation compiler with project's scala-library version: 3.3.6[0m
2025.12.06 14:48:37 INFO  no build target found for /home/lucas/projects/advent-of-code-25/src/main/scala/Main.scala. Using presentation compiler with project's scala-library version: 3.3.6[0m
2025.12.06 14:48:38 INFO  no build target found for /home/lucas/projects/advent-of-code-25/src/main/scala/Main.scala. Using presentation compiler with project's scala-library version: 3.3.6[0m
2025.12.06 14:48:40 INFO  no build target found for /home/lucas/projects/advent-of-code-25/src/main/scala/Main.scala. Using presentation compiler with project's scala-library version: 3.3.6[0m
2025.12.06 14:48:40 INFO  no build target found for /home/lucas/projects/advent-of-code-25/src/main/scala/Main.scala. Using presentation compiler with project's scala-library version: 3.3.6[0m
2025.12.06 14:48:40 INFO  no build target found for /home/lucas/projects/advent-of-code-25/src/main/scala/Main.scala. Using presentation compiler with project's scala-library version: 3.3.6[0m
2025.12.06 14:48:43 INFO  no build target found for /home/lucas/projects/advent-of-code-25/src/main/scala/Main.scala. Using presentation compiler with project's scala-library version: 3.3.6[0m
2025.12.06 14:48:43 INFO  no build target found for /home/lucas/projects/advent-of-code-25/src/main/scala/Main.scala. Using presentation compiler with project's scala-library version: 3.3.6[0m
2025.12.06 14:48:44 INFO  no build target found for /home/lucas/projects/advent-of-code-25/src/main/scala/Main.scala. Using presentation compiler with project's scala-library version: 3.3.6[0m
2025.12.06 14:48:44 INFO  no build target found for /home/lucas/projects/advent-of-code-25/src/main/scala/Main.scala. Using presentation compiler with project's scala-library version: 3.3.6[0m
2025.12.06 14:48:45 INFO  no build target found for /home/lucas/projects/advent-of-code-25/src/main/scala/Main.scala. Using presentation compiler with project's scala-library version: 3.3.6[0m
2025.12.06 14:48:45 INFO  no build target found for /home/lucas/projects/advent-of-code-25/src/main/scala/Main.scala. Using presentation compiler with project's scala-library version: 3.3.6[0m
2025.12.06 14:48:46 INFO  no build target found for /home/lucas/projects/advent-of-code-25/src/main/scala/Main.scala. Using presentation compiler with project's scala-library version: 3.3.6[0m
2025.12.06 14:48:46 INFO  no build target found for /home/lucas/projects/advent-of-code-25/src/main/scala/Main.scala. Using presentation compiler with project's scala-library version: 3.3.6[0m
2025.12.06 14:48:49 INFO  no build target found for /home/lucas/projects/advent-of-code-25/src/main/scala/Main.scala. Using presentation compiler with project's scala-library version: 3.3.6[0m
2025.12.06 14:48:52 INFO  no build target found for /home/lucas/projects/advent-of-code-25/src/main/scala/Main.scala. Using presentation compiler with project's scala-library version: 3.3.6[0m
2025.12.06 14:48:58 INFO  no build target found for /home/lucas/projects/advent-of-code-25/src/main/scala/Main.scala. Using presentation compiler with project's scala-library version: 3.3.6[0m
2025.12.06 14:49:11 INFO  no build target found for /home/lucas/projects/advent-of-code-25/src/main/scala/Main.scala. Using presentation compiler with project's scala-library version: 3.3.6[0m
2025.12.06 14:49:11 WARN  no build target for: /home/lucas/projects/advent-of-code-25/src/main/scala/Main.scala[0m
2025.12.06 14:49:11 INFO  no build target found for /home/lucas/projects/advent-of-code-25/src/main/scala/Main.scala. Using presentation compiler with project's scala-library version: 3.3.6[0m
2025.12.06 14:49:11 INFO  no build target found for /home/lucas/projects/advent-of-code-25/src/main/scala/Main.scala. Using presentation compiler with project's scala-library version: 3.3.6[0m
Dec 06, 2025 2:49:11 PM org.eclipse.lsp4j.jsonrpc.RemoteEndpoint handleCancellation
WARNING: Unmatched cancel notification for request id 2802
2025.12.06 14:49:12 INFO  no build target found for /home/lucas/projects/advent-of-code-25/src/main/scala/Main.scala. Using presentation compiler with project's scala-library version: 3.3.6[0m
2025.12.06 14:49:12 INFO  no build target found for /home/lucas/projects/advent-of-code-25/src/main/scala/Main.scala. Using presentation compiler with project's scala-library version: 3.3.6[0m
2025.12.06 14:49:13 INFO  no build target found for /home/lucas/projects/advent-of-code-25/src/main/scala/Main.scala. Using presentation compiler with project's scala-library version: 3.3.6[0m
2025.12.06 14:49:13 INFO  no build target found for /home/lucas/projects/advent-of-code-25/src/main/scala/Main.scala. Using presentation compiler with project's scala-library version: 3.3.6[0m
2025.12.06 14:49:12 INFO  no build target found for /home/lucas/projects/advent-of-code-25/src/main/scala/Main.scala. Using presentation compiler with project's scala-library version: 3.3.6[0m
Dec 06, 2025 2:49:13 PM org.eclipse.lsp4j.jsonrpc.RemoteEndpoint handleCancellation
WARNING: Unmatched cancel notification for request id 2816
2025.12.06 14:49:14 INFO  no build target found for /home/lucas/projects/advent-of-code-25/src/main/scala/Main.scala. Using presentation compiler with project's scala-library version: 3.3.6[0m
2025.12.06 14:49:14 INFO  no build target found for /home/lucas/projects/advent-of-code-25/src/main/scala/Main.scala. Using presentation compiler with project's scala-library version: 3.3.6[0m
2025.12.06 14:49:15 INFO  no build target found for /home/lucas/projects/advent-of-code-25/src/main/scala/Main.scala. Using presentation compiler with project's scala-library version: 3.3.6[0m
2025.12.06 14:49:15 INFO  no build target found for /home/lucas/projects/advent-of-code-25/src/main/scala/Main.scala. Using presentation compiler with project's scala-library version: 3.3.6[0m
2025.12.06 14:49:16 INFO  no build target found for /home/lucas/projects/advent-of-code-25/src/main/scala/Main.scala. Using presentation compiler with project's scala-library version: 3.3.6[0m
2025.12.06 14:49:16 INFO  no build target found for /home/lucas/projects/advent-of-code-25/src/main/scala/Main.scala. Using presentation compiler with project's scala-library version: 3.3.6[0m
2025.12.06 14:49:15 INFO  no build target found for /home/lucas/projects/advent-of-code-25/src/main/scala/Main.scala. Using presentation compiler with project's scala-library version: 3.3.6[0m
2025.12.06 14:49:15 INFO  no build target found for /home/lucas/projects/advent-of-code-25/src/main/scala/Main.scala. Using presentation compiler with project's scala-library version: 3.3.6[0m
2025.12.06 14:49:16 INFO  no build target found for /home/lucas/projects/advent-of-code-25/src/main/scala/Main.scala. Using presentation compiler with project's scala-library version: 3.3.6[0m
2025.12.06 14:49:15 INFO  no build target found for /home/lucas/projects/advent-of-code-25/src/main/scala/Main.scala. Using presentation compiler with project's scala-library version: 3.3.6[0m
2025.12.06 14:49:16 INFO  no build target found for /home/lucas/projects/advent-of-code-25/src/main/scala/Main.scala. Using presentation compiler with project's scala-library version: 3.3.6[0m
2025.12.06 14:49:16 INFO  no build target found for /home/lucas/projects/advent-of-code-25/src/main/scala/Main.scala. Using presentation compiler with project's scala-library version: 3.3.6[0m
2025.12.06 14:49:17 INFO  no build target found for /home/lucas/projects/advent-of-code-25/src/main/scala/Main.scala. Using presentation compiler with project's scala-library version: 3.3.6[0m
2025.12.06 14:49:17 INFO  no build target found for /home/lucas/projects/advent-of-code-25/src/main/scala/Main.scala. Using presentation compiler with project's scala-library version: 3.3.6[0m
2025.12.06 14:49:17 INFO  no build target found for /home/lucas/projects/advent-of-code-25/src/main/scala/Main.scala. Using presentation compiler with project's scala-library version: 3.3.6[0m
2025.12.06 14:49:17 INFO  no build target found for /home/lucas/projects/advent-of-code-25/src/main/scala/Main.scala. Using presentation compiler with project's scala-library version: 3.3.6[0m
2025.12.06 14:49:17 INFO  no build target found for /home/lucas/projects/advent-of-code-25/src/main/scala/Main.scala. Using presentation compiler with project's scala-library version: 3.3.6[0m
2025.12.06 14:49:18 INFO  no build target found for /home/lucas/projects/advent-of-code-25/src/main/scala/Main.scala. Using presentation compiler with project's scala-library version: 3.3.6[0m
2025.12.06 14:49:17 INFO  no build target found for /home/lucas/projects/advent-of-code-25/src/main/scala/Main.scala. Using presentation compiler with project's scala-library version: 3.3.6[0m
2025.12.06 14:49:18 INFO  no build target found for /home/lucas/projects/advent-of-code-25/src/main/scala/Main.scala. Using presentation compiler with project's scala-library version: 3.3.6[0m
2025.12.06 14:49:18 INFO  no build target found for /home/lucas/projects/advent-of-code-25/src/main/scala/Main.scala. Using presentation compiler with project's scala-library version: 3.3.6[0m
2025.12.06 14:49:19 INFO  no build target found for /home/lucas/projects/advent-of-code-25/src/main/scala/Main.scala. Using presentation compiler with project's scala-library version: 3.3.6[0m
2025.12.06 14:49:19 INFO  no build target found for /home/lucas/projects/advent-of-code-25/src/main/scala/Main.scala. Using presentation compiler with project's scala-library version: 3.3.6[0m
2025.12.06 14:49:19 INFO  no build target found for /home/lucas/projects/advent-of-code-25/src/main/scala/Main.scala. Using presentation compiler with project's scala-library version: 3.3.6[0m
2025.12.06 14:49:19 INFO  no build target found for /home/lucas/projects/advent-of-code-25/src/main/scala/Main.scala. Using presentation compiler with project's scala-library version: 3.3.6[0m
2025.12.06 14:49:20 INFO  no build target found for /home/lucas/projects/advent-of-code-25/src/main/scala/Main.scala. Using presentation compiler with project's scala-library version: 3.3.6[0m
2025.12.06 14:49:20 INFO  no build target found for /home/lucas/projects/advent-of-code-25/src/main/scala/Main.scala. Using presentation compiler with project's scala-library version: 3.3.6[0m
2025.12.06 14:49:21 INFO  no build target found for /home/lucas/projects/advent-of-code-25/src/main/scala/Main.scala. Using presentation compiler with project's scala-library version: 3.3.6[0m
2025.12.06 14:49:21 INFO  no build target found for /home/lucas/projects/advent-of-code-25/src/main/scala/Main.scala. Using presentation compiler with project's scala-library version: 3.3.6[0m
2025.12.06 14:49:21 INFO  no build target found for /home/lucas/projects/advent-of-code-25/src/main/scala/Main.scala. Using presentation compiler with project's scala-library version: 3.3.6[0m
2025.12.06 14:49:21 INFO  no build target found for /home/lucas/projects/advent-of-code-25/src/main/scala/Main.scala. Using presentation compiler with project's scala-library version: 3.3.6[0m
2025.12.06 14:49:22 WARN  no build target for: /home/lucas/projects/advent-of-code-25/src/main/scala/Main.scala[0m
2025.12.06 14:49:22 INFO  no build target found for /home/lucas/projects/advent-of-code-25/src/main/scala/Main.scala. Using presentation compiler with project's scala-library version: 3.3.6[0m
2025.12.06 14:49:40 INFO  no build target found for /home/lucas/projects/advent-of-code-25/src/main/scala/Main.scala. Using presentation compiler with project's scala-library version: 3.3.6[0m
2025.12.06 14:49:40 INFO  no build target found for /home/lucas/projects/advent-of-code-25/src/main/scala/Main.scala. Using presentation compiler with project's scala-library version: 3.3.6[0m
2025.12.06 14:49:40 INFO  no build target found for /home/lucas/projects/advent-of-code-25/src/main/scala/Main.scala. Using presentation compiler with project's scala-library version: 3.3.6[0m
2025.12.06 14:49:40 INFO  no build target found for /home/lucas/projects/advent-of-code-25/src/main/scala/Main.scala. Using presentation compiler with project's scala-library version: 3.3.6[0m
2025.12.06 14:49:40 INFO  no build target found for /home/lucas/projects/advent-of-code-25/src/main/scala/Main.scala. Using presentation compiler with project's scala-library version: 3.3.6[0m
2025.12.06 14:49:41 INFO  no build target found for /home/lucas/projects/advent-of-code-25/src/main/scala/Main.scala. Using presentation compiler with project's scala-library version: 3.3.6[0m
2025.12.06 14:49:41 INFO  no build target found for /home/lucas/projects/advent-of-code-25/src/main/scala/Main.scala. Using presentation compiler with project's scala-library version: 3.3.6[0m
2025.12.06 14:49:42 INFO  no build target found for /home/lucas/projects/advent-of-code-25/src/main/scala/Main.scala. Using presentation compiler with project's scala-library version: 3.3.6[0m
2025.12.06 14:49:45 INFO  no build target found for /home/lucas/projects/advent-of-code-25/src/main/scala/Main.scala. Using presentation compiler with project's scala-library version: 3.3.6[0m
2025.12.06 14:49:45 INFO  no build target found for /home/lucas/projects/advent-of-code-25/src/main/scala/Main.scala. Using presentation compiler with project's scala-library version: 3.3.6[0m
2025.12.06 14:49:46 INFO  no build target found for /home/lucas/projects/advent-of-code-25/src/main/scala/Main.scala. Using presentation compiler with project's scala-library version: 3.3.6[0m
2025.12.06 14:49:46 INFO  no build target found for /home/lucas/projects/advent-of-code-25/src/main/scala/Main.scala. Using presentation compiler with project's scala-library version: 3.3.6[0m
2025.12.06 14:49:46 INFO  no build target found for /home/lucas/projects/advent-of-code-25/src/main/scala/Main.scala. Using presentation compiler with project's scala-library version: 3.3.6[0m
2025.12.06 14:49:46 INFO  no build target found for /home/lucas/projects/advent-of-code-25/src/main/scala/Main.scala. Using presentation compiler with project's scala-library version: 3.3.6[0m
2025.12.06 14:49:46 INFO  no build target found for /home/lucas/projects/advent-of-code-25/src/main/scala/Main.scala. Using presentation compiler with project's scala-library version: 3.3.6[0m
2025.12.06 14:49:48 INFO  no build target found for /home/lucas/projects/advent-of-code-25/src/main/scala/Main.scala. Using presentation compiler with project's scala-library version: 3.3.6[0m
2025.12.06 14:49:48 INFO  no build target found for /home/lucas/projects/advent-of-code-25/src/main/scala/Main.scala. Using presentation compiler with project's scala-library version: 3.3.6[0m
2025.12.06 14:49:48 INFO  no build target found for /home/lucas/projects/advent-of-code-25/src/main/scala/Main.scala. Using presentation compiler with project's scala-library version: 3.3.6[0m
2025.12.06 14:49:48 INFO  no build target found for /home/lucas/projects/advent-of-code-25/src/main/scala/Main.scala. Using presentation compiler with project's scala-library version: 3.3.6[0m
2025.12.06 14:49:49 INFO  no build target found for /home/lucas/projects/advent-of-code-25/src/main/scala/Main.scala. Using presentation compiler with project's scala-library version: 3.3.6[0m
2025.12.06 14:49:49 INFO  no build target found for /home/lucas/projects/advent-of-code-25/src/main/scala/Main.scala. Using presentation compiler with project's scala-library version: 3.3.6[0m
2025.12.06 14:49:49 INFO  no build target found for /home/lucas/projects/advent-of-code-25/src/main/scala/Main.scala. Using presentation compiler with project's scala-library version: 3.3.6[0m
2025.12.06 14:49:49 INFO  no build target found for /home/lucas/projects/advent-of-code-25/src/main/scala/Main.scala. Using presentation compiler with project's scala-library version: 3.3.6[0m
2025.12.06 14:49:49 INFO  no build target found for /home/lucas/projects/advent-of-code-25/src/main/scala/Main.scala. Using presentation compiler with project's scala-library version: 3.3.6[0m
2025.12.06 14:49:50 INFO  no build target found for /home/lucas/projects/advent-of-code-25/src/main/scala/Main.scala. Using presentation compiler with project's scala-library version: 3.3.6[0m
2025.12.06 14:49:50 INFO  no build target found for /home/lucas/projects/advent-of-code-25/src/main/scala/Main.scala. Using presentation compiler with project's scala-library version: 3.3.6[0m
2025.12.06 14:49:50 INFO  no build target found for /home/lucas/projects/advent-of-code-25/src/main/scala/Main.scala. Using presentation compiler with project's scala-library version: 3.3.6[0m
2025.12.06 14:49:51 INFO  no build target found for /home/lucas/projects/advent-of-code-25/src/main/scala/Main.scala. Using presentation compiler with project's scala-library version: 3.3.6[0m
2025.12.06 14:49:51 INFO  no build target found for /home/lucas/projects/advent-of-code-25/src/main/scala/Main.scala. Using presentation compiler with project's scala-library version: 3.3.6[0m
2025.12.06 14:49:51 INFO  no build target found for /home/lucas/projects/advent-of-code-25/src/main/scala/Main.scala. Using presentation compiler with project's scala-library version: 3.3.6[0m
2025.12.06 14:49:51 INFO  no build target found for /home/lucas/projects/advent-of-code-25/src/main/scala/Main.scala. Using presentation compiler with project's scala-library version: 3.3.6[0m
2025.12.06 14:49:51 INFO  no build target found for /home/lucas/projects/advent-of-code-25/src/main/scala/Main.scala. Using presentation compiler with project's scala-library version: 3.3.6[0m
2025.12.06 14:49:51 INFO  no build target found for /home/lucas/projects/advent-of-code-25/src/main/scala/Main.scala. Using presentation compiler with project's scala-library version: 3.3.6[0m
2025.12.06 14:49:52 INFO  no build target found for /home/lucas/projects/advent-of-code-25/src/main/scala/Main.scala. Using presentation compiler with project's scala-library version: 3.3.6[0m
2025.12.06 14:49:52 INFO  no build target found for /home/lucas/projects/advent-of-code-25/src/main/scala/Main.scala. Using presentation compiler with project's scala-library version: 3.3.6[0m
2025.12.06 14:49:51 INFO  no build target found for /home/lucas/projects/advent-of-code-25/src/main/scala/Main.scala. Using presentation compiler with project's scala-library version: 3.3.6[0m
2025.12.06 14:49:53 INFO  no build target found for /home/lucas/projects/advent-of-code-25/src/main/scala/Main.scala. Using presentation compiler with project's scala-library version: 3.3.6[0m
2025.12.06 14:49:53 INFO  no build target found for /home/lucas/projects/advent-of-code-25/src/main/scala/Main.scala. Using presentation compiler with project's scala-library version: 3.3.6[0m
2025.12.06 14:49:53 INFO  no build target found for /home/lucas/projects/advent-of-code-25/src/main/scala/Main.scala. Using presentation compiler with project's scala-library version: 3.3.6[0m
2025.12.06 14:49:53 INFO  no build target found for /home/lucas/projects/advent-of-code-25/src/main/scala/Main.scala. Using presentation compiler with project's scala-library version: 3.3.6[0m
2025.12.06 14:49:53 INFO  no build target found for /home/lucas/projects/advent-of-code-25/src/main/scala/Main.scala. Using presentation compiler with project's scala-library version: 3.3.6[0m
2025.12.06 14:49:53 INFO  no build target found for /home/lucas/projects/advent-of-code-25/src/main/scala/Main.scala. Using presentation compiler with project's scala-library version: 3.3.6[0m
2025.12.06 14:49:54 INFO  no build target found for /home/lucas/projects/advent-of-code-25/src/main/scala/Main.scala. Using presentation compiler with project's scala-library version: 3.3.6[0m
2025.12.06 14:49:54 INFO  no build target found for /home/lucas/projects/advent-of-code-25/src/main/scala/Main.scala. Using presentation compiler with project's scala-library version: 3.3.6[0m
2025.12.06 14:49:54 INFO  no build target found for /home/lucas/projects/advent-of-code-25/src/main/scala/Main.scala. Using presentation compiler with project's scala-library version: 3.3.6[0m
2025.12.06 14:49:56 INFO  no build target found for /home/lucas/projects/advent-of-code-25/src/main/scala/Main.scala. Using presentation compiler with project's scala-library version: 3.3.6[0m
2025.12.06 14:49:56 INFO  no build target found for /home/lucas/projects/advent-of-code-25/src/main/scala/Main.scala. Using presentation compiler with project's scala-library version: 3.3.6[0m
2025.12.06 14:49:56 INFO  no build target found for /home/lucas/projects/advent-of-code-25/src/main/scala/Main.scala. Using presentation compiler with project's scala-library version: 3.3.6[0m
2025.12.06 14:49:56 INFO  no build target found for /home/lucas/projects/advent-of-code-25/src/main/scala/Main.scala. Using presentation compiler with project's scala-library version: 3.3.6[0m
2025.12.06 14:49:57 INFO  no build target found for /home/lucas/projects/advent-of-code-25/src/main/scala/Main.scala. Using presentation compiler with project's scala-library version: 3.3.6[0m
2025.12.06 14:49:57 INFO  no build target found for /home/lucas/projects/advent-of-code-25/src/main/scala/Main.scala. Using presentation compiler with project's scala-library version: 3.3.6[0m
2025.12.06 14:50:00 INFO  no build target found for /home/lucas/projects/advent-of-code-25/src/main/scala/Main.scala. Using presentation compiler with project's scala-library version: 3.3.6[0m
2025.12.06 14:50:02 INFO  no build target found for /home/lucas/projects/advent-of-code-25/src/main/scala/Main.scala. Using presentation compiler with project's scala-library version: 3.3.6[0m
2025.12.06 14:50:02 INFO  no build target found for /home/lucas/projects/advent-of-code-25/src/main/scala/Main.scala. Using presentation compiler with project's scala-library version: 3.3.6[0m
2025.12.06 14:50:03 INFO  no build target found for /home/lucas/projects/advent-of-code-25/src/main/scala/Main.scala. Using presentation compiler with project's scala-library version: 3.3.6[0m
2025.12.06 14:50:03 INFO  no build target found for /home/lucas/projects/advent-of-code-25/src/main/scala/Main.scala. Using presentation compiler with project's scala-library version: 3.3.6[0m
2025.12.06 14:50:05 INFO  no build target found for /home/lucas/projects/advent-of-code-25/src/main/scala/Main.scala. Using presentation compiler with project's scala-library version: 3.3.6[0m
2025.12.06 14:50:05 INFO  no build target found for /home/lucas/projects/advent-of-code-25/src/main/scala/Main.scala. Using presentation compiler with project's scala-library version: 3.3.6[0m
2025.12.06 14:50:05 INFO  no build target found for /home/lucas/projects/advent-of-code-25/src/main/scala/Main.scala. Using presentation compiler with project's scala-library version: 3.3.6[0m
2025.12.06 14:50:05 INFO  no build target found for /home/lucas/projects/advent-of-code-25/src/main/scala/Main.scala. Using presentation compiler with project's scala-library version: 3.3.6[0m
2025.12.06 14:50:06 INFO  no build target found for /home/lucas/projects/advent-of-code-25/src/main/scala/Main.scala. Using presentation compiler with project's scala-library version: 3.3.6[0m
2025.12.06 14:50:05 INFO  no build target found for /home/lucas/projects/advent-of-code-25/src/main/scala/Main.scala. Using presentation compiler with project's scala-library version: 3.3.6[0m
2025.12.06 14:50:06 INFO  no build target found for /home/lucas/projects/advent-of-code-25/src/main/scala/Main.scala. Using presentation compiler with project's scala-library version: 3.3.6[0m
2025.12.06 14:50:07 INFO  no build target found for /home/lucas/projects/advent-of-code-25/src/main/scala/Main.scala. Using presentation compiler with project's scala-library version: 3.3.6[0m
2025.12.06 14:50:07 INFO  no build target found for /home/lucas/projects/advent-of-code-25/src/main/scala/Main.scala. Using presentation compiler with project's scala-library version: 3.3.6[0m
2025.12.06 14:50:07 INFO  no build target found for /home/lucas/projects/advent-of-code-25/src/main/scala/Main.scala. Using presentation compiler with project's scala-library version: 3.3.6[0m
2025.12.06 14:50:07 INFO  no build target found for /home/lucas/projects/advent-of-code-25/src/main/scala/Main.scala. Using presentation compiler with project's scala-library version: 3.3.6[0m
2025.12.06 14:50:07 INFO  no build target found for /home/lucas/projects/advent-of-code-25/src/main/scala/Main.scala. Using presentation compiler with project's scala-library version: 3.3.6[0m
2025.12.06 14:50:07 INFO  no build target found for /home/lucas/projects/advent-of-code-25/src/main/scala/Main.scala. Using presentation compiler with project's scala-library version: 3.3.6[0m
2025.12.06 14:50:08 INFO  no build target found for /home/lucas/projects/advent-of-code-25/src/main/scala/Main.scala. Using presentation compiler with project's scala-library version: 3.3.6[0m
2025.12.06 14:50:09 INFO  no build target found for /home/lucas/projects/advent-of-code-25/src/main/scala/Main.scala. Using presentation compiler with project's scala-library version: 3.3.6[0m
2025.12.06 14:50:09 INFO  no build target found for /home/lucas/projects/advent-of-code-25/src/main/scala/Main.scala. Using presentation compiler with project's scala-library version: 3.3.6[0m
2025.12.06 14:50:08 INFO  no build target found for /home/lucas/projects/advent-of-code-25/src/main/scala/Main.scala. Using presentation compiler with project's scala-library version: 3.3.6[0m
2025.12.06 14:50:09 WARN  no build target for: /home/lucas/projects/advent-of-code-25/src/main/scala/Main.scala[0m
2025.12.06 14:50:09 INFO  no build target found for /home/lucas/projects/advent-of-code-25/src/main/scala/Main.scala. Using presentation compiler with project's scala-library version: 3.3.6[0m
2025.12.06 14:50:14 INFO  no build target found for /home/lucas/projects/advent-of-code-25/src/main/scala/Main.scala. Using presentation compiler with project's scala-library version: 3.3.6[0m
2025.12.06 14:50:14 INFO  no build target found for /home/lucas/projects/advent-of-code-25/src/main/scala/Main.scala. Using presentation compiler with project's scala-library version: 3.3.6[0m
2025.12.06 14:50:14 INFO  no build target found for /home/lucas/projects/advent-of-code-25/src/main/scala/Main.scala. Using presentation compiler with project's scala-library version: 3.3.6[0m
2025.12.06 14:50:26 INFO  no build target found for /home/lucas/projects/advent-of-code-25/src/main/scala/Main.scala. Using presentation compiler with project's scala-library version: 3.3.6[0m
2025.12.06 14:50:26 INFO  no build target found for /home/lucas/projects/advent-of-code-25/src/main/scala/Main.scala. Using presentation compiler with project's scala-library version: 3.3.6[0m
2025.12.06 14:50:26 INFO  no build target found for /home/lucas/projects/advent-of-code-25/src/main/scala/Main.scala. Using presentation compiler with project's scala-library version: 3.3.6[0m
2025.12.06 14:50:26 INFO  no build target found for /home/lucas/projects/advent-of-code-25/src/main/scala/Main.scala. Using presentation compiler with project's scala-library version: 3.3.6[0m
2025.12.06 14:50:27 INFO  no build target found for /home/lucas/projects/advent-of-code-25/src/main/scala/Main.scala. Using presentation compiler with project's scala-library version: 3.3.6[0m
2025.12.06 14:50:27 INFO  no build target found for /home/lucas/projects/advent-of-code-25/src/main/scala/Main.scala. Using presentation compiler with project's scala-library version: 3.3.6[0m
2025.12.06 14:50:27 INFO  no build target found for /home/lucas/projects/advent-of-code-25/src/main/scala/Main.scala. Using presentation compiler with project's scala-library version: 3.3.6[0m
2025.12.06 14:50:27 INFO  no build target found for /home/lucas/projects/advent-of-code-25/src/main/scala/Main.scala. Using presentation compiler with project's scala-library version: 3.3.6[0m
2025.12.06 14:50:27 INFO  no build target found for /home/lucas/projects/advent-of-code-25/src/main/scala/Main.scala. Using presentation compiler with project's scala-library version: 3.3.6[0m
2025.12.06 14:50:29 INFO  no build target found for /home/lucas/projects/advent-of-code-25/src/main/scala/Main.scala. Using presentation compiler with project's scala-library version: 3.3.6[0m
2025.12.06 14:50:29 INFO  no build target found for /home/lucas/projects/advent-of-code-25/src/main/scala/Main.scala. Using presentation compiler with project's scala-library version: 3.3.6[0m
2025.12.06 14:50:29 INFO  no build target found for /home/lucas/projects/advent-of-code-25/src/main/scala/Main.scala. Using presentation compiler with project's scala-library version: 3.3.6[0m
2025.12.06 14:50:30 INFO  no build target found for /home/lucas/projects/advent-of-code-25/src/main/scala/Main.scala. Using presentation compiler with project's scala-library version: 3.3.6[0m
2025.12.06 14:50:30 INFO  no build target found for /home/lucas/projects/advent-of-code-25/src/main/scala/Main.scala. Using presentation compiler with project's scala-library version: 3.3.6[0m
2025.12.06 14:50:30 INFO  no build target found for /home/lucas/projects/advent-of-code-25/src/main/scala/Main.scala. Using presentation compiler with project's scala-library version: 3.3.6[0m
2025.12.06 14:50:30 INFO  no build target found for /home/lucas/projects/advent-of-code-25/src/main/scala/Main.scala. Using presentation compiler with project's scala-library version: 3.3.6[0m
2025.12.06 14:50:30 INFO  no build target found for /home/lucas/projects/advent-of-code-25/src/main/scala/Main.scala. Using presentation compiler with project's scala-library version: 3.3.6[0m
2025.12.06 14:50:31 INFO  no build target found for /home/lucas/projects/advent-of-code-25/src/main/scala/Main.scala. Using presentation compiler with project's scala-library version: 3.3.6[0m
2025.12.06 14:50:32 INFO  no build target found for /home/lucas/projects/advent-of-code-25/src/main/scala/Main.scala. Using presentation compiler with project's scala-library version: 3.3.6[0m
2025.12.06 14:50:32 INFO  no build target found for /home/lucas/projects/advent-of-code-25/src/main/scala/Main.scala. Using presentation compiler with project's scala-library version: 3.3.6[0m
2025.12.06 14:50:31 INFO  no build target found for /home/lucas/projects/advent-of-code-25/src/main/scala/Main.scala. Using presentation compiler with project's scala-library version: 3.3.6[0m
2025.12.06 14:50:32 INFO  no build target found for /home/lucas/projects/advent-of-code-25/src/main/scala/Main.scala. Using presentation compiler with project's scala-library version: 3.3.6[0m
2025.12.06 14:50:32 INFO  no build target found for /home/lucas/projects/advent-of-code-25/src/main/scala/Main.scala. Using presentation compiler with project's scala-library version: 3.3.6[0m
2025.12.06 14:50:32 INFO  no build target found for /home/lucas/projects/advent-of-code-25/src/main/scala/Main.scala. Using presentation compiler with project's scala-library version: 3.3.6[0m
2025.12.06 14:50:32 INFO  no build target found for /home/lucas/projects/advent-of-code-25/src/main/scala/Main.scala. Using presentation compiler with project's scala-library version: 3.3.6[0m
2025.12.06 14:50:32 INFO  no build target found for /home/lucas/projects/advent-of-code-25/src/main/scala/Main.scala. Using presentation compiler with project's scala-library version: 3.3.6[0m
2025.12.06 14:50:32 INFO  no build target found for /home/lucas/projects/advent-of-code-25/src/main/scala/Main.scala. Using presentation compiler with project's scala-library version: 3.3.6[0m
2025.12.06 14:50:41 INFO  no build target found for /home/lucas/projects/advent-of-code-25/src/main/scala/Main.scala. Using presentation compiler with project's scala-library version: 3.3.6[0m
2025.12.06 14:50:41 INFO  no build target found for /home/lucas/projects/advent-of-code-25/src/main/scala/Main.scala. Using presentation compiler with project's scala-library version: 3.3.6[0m
2025.12.06 14:50:41 INFO  no build target found for /home/lucas/projects/advent-of-code-25/src/main/scala/Main.scala. Using presentation compiler with project's scala-library version: 3.3.6[0m
2025.12.06 14:50:41 INFO  no build target found for /home/lucas/projects/advent-of-code-25/src/main/scala/Main.scala. Using presentation compiler with project's scala-library version: 3.3.6[0m
2025.12.06 14:50:41 INFO  no build target found for /home/lucas/projects/advent-of-code-25/src/main/scala/Main.scala. Using presentation compiler with project's scala-library version: 3.3.6[0m
2025.12.06 14:50:42 INFO  no build target found for /home/lucas/projects/advent-of-code-25/src/main/scala/Main.scala. Using presentation compiler with project's scala-library version: 3.3.6[0m
2025.12.06 14:50:42 INFO  no build target found for /home/lucas/projects/advent-of-code-25/src/main/scala/Main.scala. Using presentation compiler with project's scala-library version: 3.3.6[0m
2025.12.06 14:50:42 INFO  no build target found for /home/lucas/projects/advent-of-code-25/src/main/scala/Main.scala. Using presentation compiler with project's scala-library version: 3.3.6[0m
2025.12.06 14:50:42 INFO  no build target found for /home/lucas/projects/advent-of-code-25/src/main/scala/Main.scala. Using presentation compiler with project's scala-library version: 3.3.6[0m
2025.12.06 14:50:42 WARN  no build target for: /home/lucas/projects/advent-of-code-25/src/main/scala/Main.scala[0m
2025.12.06 14:50:42 INFO  no build target found for /home/lucas/projects/advent-of-code-25/src/main/scala/Main.scala. Using presentation compiler with project's scala-library version: 3.3.6[0m
2025.12.06 14:50:42 INFO  no build target found for /home/lucas/projects/advent-of-code-25/src/main/scala/Main.scala. Using presentation compiler with project's scala-library version: 3.3.6[0m
2025.12.06 14:50:57 INFO  no build target found for /home/lucas/projects/advent-of-code-25/src/main/scala/Main.scala. Using presentation compiler with project's scala-library version: 3.3.6[0m
2025.12.06 14:50:57 INFO  no build target found for /home/lucas/projects/advent-of-code-25/src/main/scala/Main.scala. Using presentation compiler with project's scala-library version: 3.3.6[0m
2025.12.06 14:50:57 INFO  no build target found for /home/lucas/projects/advent-of-code-25/src/main/scala/Main.scala. Using presentation compiler with project's scala-library version: 3.3.6[0m
2025.12.06 14:50:57 INFO  no build target found for /home/lucas/projects/advent-of-code-25/src/main/scala/Main.scala. Using presentation compiler with project's scala-library version: 3.3.6[0m
2025.12.06 14:50:58 INFO  no build target found for /home/lucas/projects/advent-of-code-25/src/main/scala/Main.scala. Using presentation compiler with project's scala-library version: 3.3.6[0m
2025.12.06 14:50:58 INFO  no build target found for /home/lucas/projects/advent-of-code-25/src/main/scala/Main.scala. Using presentation compiler with project's scala-library version: 3.3.6[0m
2025.12.06 14:50:58 INFO  no build target found for /home/lucas/projects/advent-of-code-25/src/main/scala/Main.scala. Using presentation compiler with project's scala-library version: 3.3.6[0m
2025.12.06 14:50:58 INFO  no build target found for /home/lucas/projects/advent-of-code-25/src/main/scala/Main.scala. Using presentation compiler with project's scala-library version: 3.3.6[0m
2025.12.06 14:50:58 INFO  no build target found for /home/lucas/projects/advent-of-code-25/src/main/scala/Main.scala. Using presentation compiler with project's scala-library version: 3.3.6[0m
2025.12.06 14:50:59 INFO  no build target found for /home/lucas/projects/advent-of-code-25/src/main/scala/Main.scala. Using presentation compiler with project's scala-library version: 3.3.6[0m
2025.12.06 14:50:59 INFO  no build target found for /home/lucas/projects/advent-of-code-25/src/main/scala/Main.scala. Using presentation compiler with project's scala-library version: 3.3.6[0m
2025.12.06 14:50:59 INFO  no build target found for /home/lucas/projects/advent-of-code-25/src/main/scala/Main.scala. Using presentation compiler with project's scala-library version: 3.3.6[0m
2025.12.06 14:50:59 INFO  no build target found for /home/lucas/projects/advent-of-code-25/src/main/scala/Main.scala. Using presentation compiler with project's scala-library version: 3.3.6[0m
2025.12.06 14:51:00 INFO  no build target found for /home/lucas/projects/advent-of-code-25/src/main/scala/Main.scala. Using presentation compiler with project's scala-library version: 3.3.6[0m
2025.12.06 14:51:00 INFO  no build target found for /home/lucas/projects/advent-of-code-25/src/main/scala/Main.scala. Using presentation compiler with project's scala-library version: 3.3.6[0m
2025.12.06 14:51:00 INFO  no build target found for /home/lucas/projects/advent-of-code-25/src/main/scala/Main.scala. Using presentation compiler with project's scala-library version: 3.3.6[0m
2025.12.06 14:51:39 INFO  no build target found for /home/lucas/projects/advent-of-code-25/src/main/scala/Main.scala. Using presentation compiler with project's scala-library version: 3.3.6[0m
2025.12.06 14:51:39 INFO  no build target found for /home/lucas/projects/advent-of-code-25/src/main/scala/Main.scala. Using presentation compiler with project's scala-library version: 3.3.6[0m
2025.12.06 14:51:39 WARN  no build target for: /home/lucas/projects/advent-of-code-25/src/main/scala/Main.scala[0m
2025.12.06 14:51:39 INFO  no build target found for /home/lucas/projects/advent-of-code-25/src/main/scala/Main.scala. Using presentation compiler with project's scala-library version: 3.3.6[0m
2025.12.06 14:51:39 INFO  no build target found for /home/lucas/projects/advent-of-code-25/src/main/scala/Main.scala. Using presentation compiler with project's scala-library version: 3.3.6[0m
2025.12.06 14:51:44 INFO  no build target found for /home/lucas/projects/advent-of-code-25/src/main/scala/Main.scala. Using presentation compiler with project's scala-library version: 3.3.6[0m
2025.12.06 14:51:44 INFO  no build target found for /home/lucas/projects/advent-of-code-25/src/main/scala/Main.scala. Using presentation compiler with project's scala-library version: 3.3.6[0m
2025.12.06 14:51:44 WARN  no build target for: /home/lucas/projects/advent-of-code-25/src/main/scala/Main.scala[0m
2025.12.06 14:51:44 INFO  no build target found for /home/lucas/projects/advent-of-code-25/src/main/scala/Main.scala. Using presentation compiler with project's scala-library version: 3.3.6[0m
2025.12.06 14:51:44 INFO  no build target found for /home/lucas/projects/advent-of-code-25/src/main/scala/Main.scala. Using presentation compiler with project's scala-library version: 3.3.6[0m
2025.12.06 14:51:48 INFO  no build target found for /home/lucas/projects/advent-of-code-25/src/main/scala/Main.scala. Using presentation compiler with project's scala-library version: 3.3.6[0m
2025.12.06 14:51:48 WARN  no build target for: /home/lucas/projects/advent-of-code-25/src/main/scala/Main.scala[0m
2025.12.06 14:51:48 INFO  no build target found for /home/lucas/projects/advent-of-code-25/src/main/scala/Main.scala. Using presentation compiler with project's scala-library version: 3.3.6[0m
2025.12.06 14:52:10 INFO  no build target found for /home/lucas/projects/advent-of-code-25/src/main/scala/Main.scala. Using presentation compiler with project's scala-library version: 3.3.6[0m
2025.12.06 14:52:10 INFO  no build target found for /home/lucas/projects/advent-of-code-25/src/main/scala/Main.scala. Using presentation compiler with project's scala-library version: 3.3.6[0m
2025.12.06 14:52:10 INFO  no build target found for /home/lucas/projects/advent-of-code-25/src/main/scala/Main.scala. Using presentation compiler with project's scala-library version: 3.3.6[0m
2025.12.06 14:52:11 INFO  no build target found for /home/lucas/projects/advent-of-code-25/src/main/scala/Main.scala. Using presentation compiler with project's scala-library version: 3.3.6[0m
2025.12.06 14:52:15 INFO  no build target found for /home/lucas/projects/advent-of-code-25/src/main/scala/Main.scala. Using presentation compiler with project's scala-library version: 3.3.6[0m
2025.12.06 14:52:15 INFO  no build target found for /home/lucas/projects/advent-of-code-25/src/main/scala/Main.scala. Using presentation compiler with project's scala-library version: 3.3.6[0m
2025.12.06 14:52:15 INFO  no build target found for /home/lucas/projects/advent-of-code-25/src/main/scala/Main.scala. Using presentation compiler with project's scala-library version: 3.3.6[0m
2025.12.06 14:52:15 INFO  no build target found for /home/lucas/projects/advent-of-code-25/src/main/scala/Main.scala. Using presentation compiler with project's scala-library version: 3.3.6[0m
2025.12.06 14:52:15 INFO  no build target found for /home/lucas/projects/advent-of-code-25/src/main/scala/Main.scala. Using presentation compiler with project's scala-library version: 3.3.6[0m
2025.12.06 14:52:16 INFO  no build target found for /home/lucas/projects/advent-of-code-25/src/main/scala/Main.scala. Using presentation compiler with project's scala-library version: 3.3.6[0m
2025.12.06 14:52:16 INFO  no build target found for /home/lucas/projects/advent-of-code-25/src/main/scala/Main.scala. Using presentation compiler with project's scala-library version: 3.3.6[0m
2025.12.06 14:52:16 INFO  no build target found for /home/lucas/projects/advent-of-code-25/src/main/scala/Main.scala. Using presentation compiler with project's scala-library version: 3.3.6[0m
2025.12.06 14:52:16 INFO  no build target found for /home/lucas/projects/advent-of-code-25/src/main/scala/Main.scala. Using presentation compiler with project's scala-library version: 3.3.6[0m
2025.12.06 14:52:16 INFO  no build target found for /home/lucas/projects/advent-of-code-25/src/main/scala/Main.scala. Using presentation compiler with project's scala-library version: 3.3.6[0m
2025.12.06 14:52:16 INFO  no build target found for /home/lucas/projects/advent-of-code-25/src/main/scala/Main.scala. Using presentation compiler with project's scala-library version: 3.3.6[0m
2025.12.06 14:52:17 INFO  no build target found for /home/lucas/projects/advent-of-code-25/src/main/scala/Main.scala. Using presentation compiler with project's scala-library version: 3.3.6[0m
2025.12.06 14:52:17 INFO  no build target found for /home/lucas/projects/advent-of-code-25/src/main/scala/Main.scala. Using presentation compiler with project's scala-library version: 3.3.6[0m
2025.12.06 14:52:17 INFO  no build target found for /home/lucas/projects/advent-of-code-25/src/main/scala/Main.scala. Using presentation compiler with project's scala-library version: 3.3.6[0m
2025.12.06 14:52:17 INFO  no build target found for /home/lucas/projects/advent-of-code-25/src/main/scala/Main.scala. Using presentation compiler with project's scala-library version: 3.3.6[0m
2025.12.06 14:52:17 INFO  no build target found for /home/lucas/projects/advent-of-code-25/src/main/scala/Main.scala. Using presentation compiler with project's scala-library version: 3.3.6[0m
2025.12.06 14:52:17 INFO  no build target found for /home/lucas/projects/advent-of-code-25/src/main/scala/Main.scala. Using presentation compiler with project's scala-library version: 3.3.6[0m
2025.12.06 14:52:20 INFO  no build target found for /home/lucas/projects/advent-of-code-25/src/main/scala/Main.scala. Using presentation compiler with project's scala-library version: 3.3.6[0m
2025.12.06 14:52:20 INFO  no build target found for /home/lucas/projects/advent-of-code-25/src/main/scala/Main.scala. Using presentation compiler with project's scala-library version: 3.3.6[0m
2025.12.06 14:52:20 INFO  no build target found for /home/lucas/projects/advent-of-code-25/src/main/scala/Main.scala. Using presentation compiler with project's scala-library version: 3.3.6[0m
2025.12.06 14:52:20 INFO  no build target found for /home/lucas/projects/advent-of-code-25/src/main/scala/Main.scala. Using presentation compiler with project's scala-library version: 3.3.6[0m
2025.12.06 14:52:20 INFO  no build target found for /home/lucas/projects/advent-of-code-25/src/main/scala/Main.scala. Using presentation compiler with project's scala-library version: 3.3.6[0m
2025.12.06 14:52:20 INFO  no build target found for /home/lucas/projects/advent-of-code-25/src/main/scala/Main.scala. Using presentation compiler with project's scala-library version: 3.3.6[0m
2025.12.06 14:52:20 INFO  no build target found for /home/lucas/projects/advent-of-code-25/src/main/scala/Main.scala. Using presentation compiler with project's scala-library version: 3.3.6[0m
2025.12.06 14:52:20 INFO  no build target found for /home/lucas/projects/advent-of-code-25/src/main/scala/Main.scala. Using presentation compiler with project's scala-library version: 3.3.6[0m
2025.12.06 14:52:20 INFO  no build target found for /home/lucas/projects/advent-of-code-25/src/main/scala/Main.scala. Using presentation compiler with project's scala-library version: 3.3.6[0m
2025.12.06 14:52:20 INFO  no build target found for /home/lucas/projects/advent-of-code-25/src/main/scala/Main.scala. Using presentation compiler with project's scala-library version: 3.3.6[0m
2025.12.06 14:52:20 INFO  no build target found for /home/lucas/projects/advent-of-code-25/src/main/scala/Main.scala. Using presentation compiler with project's scala-library version: 3.3.6[0m
2025.12.06 14:52:22 INFO  no build target found for /home/lucas/projects/advent-of-code-25/src/main/scala/Main.scala. Using presentation compiler with project's scala-library version: 3.3.6[0m
2025.12.06 14:52:22 INFO  no build target found for /home/lucas/projects/advent-of-code-25/src/main/scala/Main.scala. Using presentation compiler with project's scala-library version: 3.3.6[0m
2025.12.06 14:52:22 INFO  no build target found for /home/lucas/projects/advent-of-code-25/src/main/scala/Main.scala. Using presentation compiler with project's scala-library version: 3.3.6[0m
2025.12.06 14:52:22 INFO  no build target found for /home/lucas/projects/advent-of-code-25/src/main/scala/Main.scala. Using presentation compiler with project's scala-library version: 3.3.6[0m
2025.12.06 14:52:25 INFO  no build target found for /home/lucas/projects/advent-of-code-25/src/main/scala/Main.scala. Using presentation compiler with project's scala-library version: 3.3.6[0m
2025.12.06 14:52:25 INFO  no build target found for /home/lucas/projects/advent-of-code-25/src/main/scala/Main.scala. Using presentation compiler with project's scala-library version: 3.3.6[0m
2025.12.06 14:52:25 INFO  no build target found for /home/lucas/projects/advent-of-code-25/src/main/scala/Main.scala. Using presentation compiler with project's scala-library version: 3.3.6[0m
2025.12.06 14:52:26 INFO  no build target found for /home/lucas/projects/advent-of-code-25/src/main/scala/Main.scala. Using presentation compiler with project's scala-library version: 3.3.6[0m
2025.12.06 14:52:26 INFO  no build target found for /home/lucas/projects/advent-of-code-25/src/main/scala/Main.scala. Using presentation compiler with project's scala-library version: 3.3.6[0m
2025.12.06 14:52:26 INFO  no build target found for /home/lucas/projects/advent-of-code-25/src/main/scala/Main.scala. Using presentation compiler with project's scala-library version: 3.3.6[0m
2025.12.06 14:52:26 INFO  no build target found for /home/lucas/projects/advent-of-code-25/src/main/scala/Main.scala. Using presentation compiler with project's scala-library version: 3.3.6[0m
2025.12.06 14:52:26 INFO  no build target found for /home/lucas/projects/advent-of-code-25/src/main/scala/Main.scala. Using presentation compiler with project's scala-library version: 3.3.6[0m
2025.12.06 14:52:26 INFO  no build target found for /home/lucas/projects/advent-of-code-25/src/main/scala/Main.scala. Using presentation compiler with project's scala-library version: 3.3.6[0m
2025.12.06 14:52:26 INFO  no build target found for /home/lucas/projects/advent-of-code-25/src/main/scala/Main.scala. Using presentation compiler with project's scala-library version: 3.3.6[0m
2025.12.06 14:52:26 INFO  no build target found for /home/lucas/projects/advent-of-code-25/src/main/scala/Main.scala. Using presentation compiler with project's scala-library version: 3.3.6[0m
2025.12.06 14:52:26 INFO  no build target found for /home/lucas/projects/advent-of-code-25/src/main/scala/Main.scala. Using presentation compiler with project's scala-library version: 3.3.6[0m
2025.12.06 14:52:27 INFO  no build target found for /home/lucas/projects/advent-of-code-25/src/main/scala/Main.scala. Using presentation compiler with project's scala-library version: 3.3.6[0m
2025.12.06 14:52:27 INFO  no build target found for /home/lucas/projects/advent-of-code-25/src/main/scala/Main.scala. Using presentation compiler with project's scala-library version: 3.3.6[0m
2025.12.06 14:52:33 INFO  no build target found for /home/lucas/projects/advent-of-code-25/src/main/scala/Main.scala. Using presentation compiler with project's scala-library version: 3.3.6[0m
2025.12.06 14:52:33 INFO  no build target found for /home/lucas/projects/advent-of-code-25/src/main/scala/Main.scala. Using presentation compiler with project's scala-library version: 3.3.6[0m
2025.12.06 14:52:33 INFO  no build target found for /home/lucas/projects/advent-of-code-25/src/main/scala/Main.scala. Using presentation compiler with project's scala-library version: 3.3.6[0m
2025.12.06 14:52:33 INFO  no build target found for /home/lucas/projects/advent-of-code-25/src/main/scala/Main.scala. Using presentation compiler with project's scala-library version: 3.3.6[0m
2025.12.06 14:52:33 INFO  no build target found for /home/lucas/projects/advent-of-code-25/src/main/scala/Main.scala. Using presentation compiler with project's scala-library version: 3.3.6[0m
2025.12.06 14:52:34 INFO  no build target found for /home/lucas/projects/advent-of-code-25/src/main/scala/Main.scala. Using presentation compiler with project's scala-library version: 3.3.6[0m
2025.12.06 14:52:33 INFO  no build target found for /home/lucas/projects/advent-of-code-25/src/main/scala/Main.scala. Using presentation compiler with project's scala-library version: 3.3.6[0m
2025.12.06 14:52:34 INFO  no build target found for /home/lucas/projects/advent-of-code-25/src/main/scala/Main.scala. Using presentation compiler with project's scala-library version: 3.3.6[0m
2025.12.06 14:52:33 INFO  no build target found for /home/lucas/projects/advent-of-code-25/src/main/scala/Main.scala. Using presentation compiler with project's scala-library version: 3.3.6[0m
2025.12.06 14:52:34 INFO  no build target found for /home/lucas/projects/advent-of-code-25/src/main/scala/Main.scala. Using presentation compiler with project's scala-library version: 3.3.6[0m
2025.12.06 14:52:34 INFO  no build target found for /home/lucas/projects/advent-of-code-25/src/main/scala/Main.scala. Using presentation compiler with project's scala-library version: 3.3.6[0m
2025.12.06 14:52:34 INFO  no build target found for /home/lucas/projects/advent-of-code-25/src/main/scala/Main.scala. Using presentation compiler with project's scala-library version: 3.3.6[0m
2025.12.06 14:52:34 INFO  no build target found for /home/lucas/projects/advent-of-code-25/src/main/scala/Main.scala. Using presentation compiler with project's scala-library version: 3.3.6[0m
2025.12.06 14:52:34 INFO  no build target found for /home/lucas/projects/advent-of-code-25/src/main/scala/Main.scala. Using presentation compiler with project's scala-library version: 3.3.6[0m
2025.12.06 14:52:35 INFO  no build target found for /home/lucas/projects/advent-of-code-25/src/main/scala/Main.scala. Using presentation compiler with project's scala-library version: 3.3.6[0m
2025.12.06 14:52:34 INFO  no build target found for /home/lucas/projects/advent-of-code-25/src/main/scala/Main.scala. Using presentation compiler with project's scala-library version: 3.3.6[0m
2025.12.06 14:52:34 INFO  no build target found for /home/lucas/projects/advent-of-code-25/src/main/scala/Main.scala. Using presentation compiler with project's scala-library version: 3.3.6[0m
2025.12.06 14:52:35 INFO  no build target found for /home/lucas/projects/advent-of-code-25/src/main/scala/Main.scala. Using presentation compiler with project's scala-library version: 3.3.6[0m
2025.12.06 14:52:35 INFO  no build target found for /home/lucas/projects/advent-of-code-25/src/main/scala/Main.scala. Using presentation compiler with project's scala-library version: 3.3.6[0m
2025.12.06 14:52:36 INFO  no build target found for /home/lucas/projects/advent-of-code-25/src/main/scala/Main.scala. Using presentation compiler with project's scala-library version: 3.3.6[0m
2025.12.06 14:52:36 INFO  no build target found for /home/lucas/projects/advent-of-code-25/src/main/scala/Main.scala. Using presentation compiler with project's scala-library version: 3.3.6[0m
2025.12.06 14:52:36 INFO  no build target found for /home/lucas/projects/advent-of-code-25/src/main/scala/Main.scala. Using presentation compiler with project's scala-library version: 3.3.6[0m
2025.12.06 14:52:36 INFO  no build target found for /home/lucas/projects/advent-of-code-25/src/main/scala/Main.scala. Using presentation compiler with project's scala-library version: 3.3.6[0m
2025.12.06 14:52:36 INFO  no build target found for /home/lucas/projects/advent-of-code-25/src/main/scala/Main.scala. Using presentation compiler with project's scala-library version: 3.3.6[0m
2025.12.06 14:52:38 INFO  no build target found for /home/lucas/projects/advent-of-code-25/src/main/scala/Main.scala. Using presentation compiler with project's scala-library version: 3.3.6[0m
2025.12.06 14:52:38 INFO  no build target found for /home/lucas/projects/advent-of-code-25/src/main/scala/Main.scala. Using presentation compiler with project's scala-library version: 3.3.6[0m
2025.12.06 14:52:38 INFO  no build target found for /home/lucas/projects/advent-of-code-25/src/main/scala/Main.scala. Using presentation compiler with project's scala-library version: 3.3.6[0m
2025.12.06 14:52:38 INFO  no build target found for /home/lucas/projects/advent-of-code-25/src/main/scala/Main.scala. Using presentation compiler with project's scala-library version: 3.3.6[0m
2025.12.06 14:52:38 INFO  no build target found for /home/lucas/projects/advent-of-code-25/src/main/scala/Main.scala. Using presentation compiler with project's scala-library version: 3.3.6[0m
2025.12.06 14:52:38 INFO  no build target found for /home/lucas/projects/advent-of-code-25/src/main/scala/Main.scala. Using presentation compiler with project's scala-library version: 3.3.6[0m
2025.12.06 14:52:39 INFO  no build target found for /home/lucas/projects/advent-of-code-25/src/main/scala/Main.scala. Using presentation compiler with project's scala-library version: 3.3.6[0m
2025.12.06 14:52:39 INFO  no build target found for /home/lucas/projects/advent-of-code-25/src/main/scala/Main.scala. Using presentation compiler with project's scala-library version: 3.3.6[0m
2025.12.06 14:52:39 INFO  no build target found for /home/lucas/projects/advent-of-code-25/src/main/scala/Main.scala. Using presentation compiler with project's scala-library version: 3.3.6[0m
2025.12.06 14:52:43 INFO  no build target found for /home/lucas/projects/advent-of-code-25/src/main/scala/Main.scala. Using presentation compiler with project's scala-library version: 3.3.6[0m
2025.12.06 14:52:43 INFO  no build target found for /home/lucas/projects/advent-of-code-25/src/main/scala/Main.scala. Using presentation compiler with project's scala-library version: 3.3.6[0m
2025.12.06 14:52:43 INFO  no build target found for /home/lucas/projects/advent-of-code-25/src/main/scala/Main.scala. Using presentation compiler with project's scala-library version: 3.3.6[0m
2025.12.06 14:52:43 INFO  no build target found for /home/lucas/projects/advent-of-code-25/src/main/scala/Main.scala. Using presentation compiler with project's scala-library version: 3.3.6[0m
2025.12.06 14:52:43 INFO  no build target found for /home/lucas/projects/advent-of-code-25/src/main/scala/Main.scala. Using presentation compiler with project's scala-library version: 3.3.6[0m
2025.12.06 14:52:43 INFO  no build target found for /home/lucas/projects/advent-of-code-25/src/main/scala/Main.scala. Using presentation compiler with project's scala-library version: 3.3.6[0m
2025.12.06 14:52:43 INFO  no build target found for /home/lucas/projects/advent-of-code-25/src/main/scala/Main.scala. Using presentation compiler with project's scala-library version: 3.3.6[0m
2025.12.06 14:52:43 INFO  no build target found for /home/lucas/projects/advent-of-code-25/src/main/scala/Main.scala. Using presentation compiler with project's scala-library version: 3.3.6[0m
2025.12.06 14:52:43 INFO  no build target found for /home/lucas/projects/advent-of-code-25/src/main/scala/Main.scala. Using presentation compiler with project's scala-library version: 3.3.6[0m
2025.12.06 14:52:44 INFO  no build target found for /home/lucas/projects/advent-of-code-25/src/main/scala/Main.scala. Using presentation compiler with project's scala-library version: 3.3.6[0m
2025.12.06 14:52:44 INFO  no build target found for /home/lucas/projects/advent-of-code-25/src/main/scala/Main.scala. Using presentation compiler with project's scala-library version: 3.3.6[0m
2025.12.06 14:52:44 INFO  no build target found for /home/lucas/projects/advent-of-code-25/src/main/scala/Main.scala. Using presentation compiler with project's scala-library version: 3.3.6[0m
2025.12.06 14:52:44 INFO  no build target found for /home/lucas/projects/advent-of-code-25/src/main/scala/Main.scala. Using presentation compiler with project's scala-library version: 3.3.6[0m
2025.12.06 14:52:44 INFO  no build target found for /home/lucas/projects/advent-of-code-25/src/main/scala/Main.scala. Using presentation compiler with project's scala-library version: 3.3.6[0m
2025.12.06 14:52:44 INFO  no build target found for /home/lucas/projects/advent-of-code-25/src/main/scala/Main.scala. Using presentation compiler with project's scala-library version: 3.3.6[0m
2025.12.06 14:52:44 INFO  no build target found for /home/lucas/projects/advent-of-code-25/src/main/scala/Main.scala. Using presentation compiler with project's scala-library version: 3.3.6[0m
2025.12.06 14:52:44 INFO  no build target found for /home/lucas/projects/advent-of-code-25/src/main/scala/Main.scala. Using presentation compiler with project's scala-library version: 3.3.6[0m
2025.12.06 14:52:46 INFO  no build target found for /home/lucas/projects/advent-of-code-25/src/main/scala/Main.scala. Using presentation compiler with project's scala-library version: 3.3.6[0m
2025.12.06 14:52:46 INFO  no build target found for /home/lucas/projects/advent-of-code-25/src/main/scala/Main.scala. Using presentation compiler with project's scala-library version: 3.3.6[0m
2025.12.06 14:52:46 INFO  no build target found for /home/lucas/projects/advent-of-code-25/src/main/scala/Main.scala. Using presentation compiler with project's scala-library version: 3.3.6[0m
2025.12.06 14:52:46 INFO  no build target found for /home/lucas/projects/advent-of-code-25/src/main/scala/Main.scala. Using presentation compiler with project's scala-library version: 3.3.6[0m
2025.12.06 14:52:47 INFO  no build target found for /home/lucas/projects/advent-of-code-25/src/main/scala/Main.scala. Using presentation compiler with project's scala-library version: 3.3.6[0m
2025.12.06 14:52:46 INFO  no build target found for /home/lucas/projects/advent-of-code-25/src/main/scala/Main.scala. Using presentation compiler with project's scala-library version: 3.3.6[0m
2025.12.06 14:52:46 INFO  no build target found for /home/lucas/projects/advent-of-code-25/src/main/scala/Main.scala. Using presentation compiler with project's scala-library version: 3.3.6[0m
2025.12.06 14:52:46 INFO  no build target found for /home/lucas/projects/advent-of-code-25/src/main/scala/Main.scala. Using presentation compiler with project's scala-library version: 3.3.6[0m
2025.12.06 14:52:46 INFO  no build target found for /home/lucas/projects/advent-of-code-25/src/main/scala/Main.scala. Using presentation compiler with project's scala-library version: 3.3.6[0m
2025.12.06 14:52:47 INFO  no build target found for /home/lucas/projects/advent-of-code-25/src/main/scala/Main.scala. Using presentation compiler with project's scala-library version: 3.3.6[0m
2025.12.06 14:52:47 INFO  no build target found for /home/lucas/projects/advent-of-code-25/src/main/scala/Main.scala. Using presentation compiler with project's scala-library version: 3.3.6[0m
2025.12.06 14:52:47 INFO  no build target found for /home/lucas/projects/advent-of-code-25/src/main/scala/Main.scala. Using presentation compiler with project's scala-library version: 3.3.6[0m
2025.12.06 14:52:50 INFO  no build target found for /home/lucas/projects/advent-of-code-25/src/main/scala/Main.scala. Using presentation compiler with project's scala-library version: 3.3.6[0m
2025.12.06 14:52:50 INFO  no build target found for /home/lucas/projects/advent-of-code-25/src/main/scala/Main.scala. Using presentation compiler with project's scala-library version: 3.3.6[0m
2025.12.06 14:52:50 INFO  no build target found for /home/lucas/projects/advent-of-code-25/src/main/scala/Main.scala. Using presentation compiler with project's scala-library version: 3.3.6[0m
2025.12.06 14:52:50 INFO  no build target found for /home/lucas/projects/advent-of-code-25/src/main/scala/Main.scala. Using presentation compiler with project's scala-library version: 3.3.6[0m
2025.12.06 14:52:51 INFO  no build target found for /home/lucas/projects/advent-of-code-25/src/main/scala/Main.scala. Using presentation compiler with project's scala-library version: 3.3.6[0m
2025.12.06 14:52:51 INFO  no build target found for /home/lucas/projects/advent-of-code-25/src/main/scala/Main.scala. Using presentation compiler with project's scala-library version: 3.3.6[0m
2025.12.06 14:52:51 INFO  no build target found for /home/lucas/projects/advent-of-code-25/src/main/scala/Main.scala. Using presentation compiler with project's scala-library version: 3.3.6[0m
2025.12.06 14:52:53 INFO  no build target found for /home/lucas/projects/advent-of-code-25/src/main/scala/Main.scala. Using presentation compiler with project's scala-library version: 3.3.6[0m
2025.12.06 14:52:54 INFO  no build target found for /home/lucas/projects/advent-of-code-25/src/main/scala/Main.scala. Using presentation compiler with project's scala-library version: 3.3.6[0m
2025.12.06 14:52:54 INFO  no build target found for /home/lucas/projects/advent-of-code-25/src/main/scala/Main.scala. Using presentation compiler with project's scala-library version: 3.3.6[0m
2025.12.06 14:52:55 INFO  no build target found for /home/lucas/projects/advent-of-code-25/src/main/scala/Main.scala. Using presentation compiler with project's scala-library version: 3.3.6[0m
2025.12.06 14:52:55 INFO  no build target found for /home/lucas/projects/advent-of-code-25/src/main/scala/Main.scala. Using presentation compiler with project's scala-library version: 3.3.6[0m
2025.12.06 14:52:55 INFO  no build target found for /home/lucas/projects/advent-of-code-25/src/main/scala/Main.scala. Using presentation compiler with project's scala-library version: 3.3.6[0m
2025.12.06 14:52:55 INFO  no build target found for /home/lucas/projects/advent-of-code-25/src/main/scala/Main.scala. Using presentation compiler with project's scala-library version: 3.3.6[0m
2025.12.06 14:52:55 INFO  no build target found for /home/lucas/projects/advent-of-code-25/src/main/scala/Main.scala. Using presentation compiler with project's scala-library version: 3.3.6[0m
2025.12.06 14:52:56 INFO  no build target found for /home/lucas/projects/advent-of-code-25/src/main/scala/Main.scala. Using presentation compiler with project's scala-library version: 3.3.6[0m
2025.12.06 14:52:56 INFO  no build target found for /home/lucas/projects/advent-of-code-25/src/main/scala/Main.scala. Using presentation compiler with project's scala-library version: 3.3.6[0m
2025.12.06 14:52:56 INFO  no build target found for /home/lucas/projects/advent-of-code-25/src/main/scala/Main.scala. Using presentation compiler with project's scala-library version: 3.3.6[0m
2025.12.06 14:52:56 INFO  no build target found for /home/lucas/projects/advent-of-code-25/src/main/scala/Main.scala. Using presentation compiler with project's scala-library version: 3.3.6[0m
2025.12.06 14:52:57 INFO  no build target found for /home/lucas/projects/advent-of-code-25/src/main/scala/Main.scala. Using presentation compiler with project's scala-library version: 3.3.6[0m
2025.12.06 14:52:56 INFO  no build target found for /home/lucas/projects/advent-of-code-25/src/main/scala/Main.scala. Using presentation compiler with project's scala-library version: 3.3.6[0m
2025.12.06 14:52:57 INFO  no build target found for /home/lucas/projects/advent-of-code-25/src/main/scala/Main.scala. Using presentation compiler with project's scala-library version: 3.3.6[0m
2025.12.06 14:52:57 INFO  no build target found for /home/lucas/projects/advent-of-code-25/src/main/scala/Main.scala. Using presentation compiler with project's scala-library version: 3.3.6[0m
2025.12.06 14:52:57 INFO  no build target found for /home/lucas/projects/advent-of-code-25/src/main/scala/Main.scala. Using presentation compiler with project's scala-library version: 3.3.6[0m
2025.12.06 14:52:57 INFO  no build target found for /home/lucas/projects/advent-of-code-25/src/main/scala/Main.scala. Using presentation compiler with project's scala-library version: 3.3.6[0m
2025.12.06 14:52:57 INFO  no build target found for /home/lucas/projects/advent-of-code-25/src/main/scala/Main.scala. Using presentation compiler with project's scala-library version: 3.3.6[0m
2025.12.06 14:52:57 INFO  no build target found for /home/lucas/projects/advent-of-code-25/src/main/scala/Main.scala. Using presentation compiler with project's scala-library version: 3.3.6[0m
2025.12.06 14:52:57 INFO  no build target found for /home/lucas/projects/advent-of-code-25/src/main/scala/Main.scala. Using presentation compiler with project's scala-library version: 3.3.6[0m
2025.12.06 14:52:58 INFO  no build target found for /home/lucas/projects/advent-of-code-25/src/main/scala/Main.scala. Using presentation compiler with project's scala-library version: 3.3.6[0m
2025.12.06 14:52:58 INFO  no build target found for /home/lucas/projects/advent-of-code-25/src/main/scala/Main.scala. Using presentation compiler with project's scala-library version: 3.3.6[0m
2025.12.06 14:52:58 INFO  no build target found for /home/lucas/projects/advent-of-code-25/src/main/scala/Main.scala. Using presentation compiler with project's scala-library version: 3.3.6[0m
2025.12.06 14:53:00 INFO  no build target found for /home/lucas/projects/advent-of-code-25/src/main/scala/Main.scala. Using presentation compiler with project's scala-library version: 3.3.6[0m
2025.12.06 14:53:00 INFO  no build target found for /home/lucas/projects/advent-of-code-25/src/main/scala/Main.scala. Using presentation compiler with project's scala-library version: 3.3.6[0m
2025.12.06 14:53:00 INFO  no build target found for /home/lucas/projects/advent-of-code-25/src/main/scala/Main.scala. Using presentation compiler with project's scala-library version: 3.3.6[0m
2025.12.06 14:53:01 INFO  no build target found for /home/lucas/projects/advent-of-code-25/src/main/scala/Main.scala. Using presentation compiler with project's scala-library version: 3.3.6[0m
2025.12.06 14:53:00 INFO  no build target found for /home/lucas/projects/advent-of-code-25/src/main/scala/Main.scala. Using presentation compiler with project's scala-library version: 3.3.6[0m
2025.12.06 14:53:00 INFO  no build target found for /home/lucas/projects/advent-of-code-25/src/main/scala/Main.scala. Using presentation compiler with project's scala-library version: 3.3.6[0m
2025.12.06 14:53:01 INFO  no build target found for /home/lucas/projects/advent-of-code-25/src/main/scala/Main.scala. Using presentation compiler with project's scala-library version: 3.3.6[0m
2025.12.06 14:53:01 INFO  no build target found for /home/lucas/projects/advent-of-code-25/src/main/scala/Main.scala. Using presentation compiler with project's scala-library version: 3.3.6[0m
2025.12.06 14:53:01 INFO  no build target found for /home/lucas/projects/advent-of-code-25/src/main/scala/Main.scala. Using presentation compiler with project's scala-library version: 3.3.6[0m
2025.12.06 14:53:06 INFO  no build target found for /home/lucas/projects/advent-of-code-25/src/main/scala/Main.scala. Using presentation compiler with project's scala-library version: 3.3.6[0m
2025.12.06 14:53:06 INFO  no build target found for /home/lucas/projects/advent-of-code-25/src/main/scala/Main.scala. Using presentation compiler with project's scala-library version: 3.3.6[0m
2025.12.06 14:53:06 INFO  no build target found for /home/lucas/projects/advent-of-code-25/src/main/scala/Main.scala. Using presentation compiler with project's scala-library version: 3.3.6[0m
2025.12.06 14:53:06 INFO  no build target found for /home/lucas/projects/advent-of-code-25/src/main/scala/Main.scala. Using presentation compiler with project's scala-library version: 3.3.6[0m
2025.12.06 14:53:06 INFO  no build target found for /home/lucas/projects/advent-of-code-25/src/main/scala/Main.scala. Using presentation compiler with project's scala-library version: 3.3.6[0m
2025.12.06 14:53:06 INFO  no build target found for /home/lucas/projects/advent-of-code-25/src/main/scala/Main.scala. Using presentation compiler with project's scala-library version: 3.3.6[0m
2025.12.06 14:53:07 INFO  no build target found for /home/lucas/projects/advent-of-code-25/src/main/scala/Main.scala. Using presentation compiler with project's scala-library version: 3.3.6[0m
2025.12.06 14:53:07 INFO  no build target found for /home/lucas/projects/advent-of-code-25/src/main/scala/Main.scala. Using presentation compiler with project's scala-library version: 3.3.6[0m
2025.12.06 14:53:07 INFO  no build target found for /home/lucas/projects/advent-of-code-25/src/main/scala/Main.scala. Using presentation compiler with project's scala-library version: 3.3.6[0m
2025.12.06 14:53:07 INFO  no build target found for /home/lucas/projects/advent-of-code-25/src/main/scala/Main.scala. Using presentation compiler with project's scala-library version: 3.3.6[0m
2025.12.06 14:53:08 INFO  no build target found for /home/lucas/projects/advent-of-code-25/src/main/scala/Main.scala. Using presentation compiler with project's scala-library version: 3.3.6[0m
2025.12.06 14:53:08 INFO  no build target found for /home/lucas/projects/advent-of-code-25/src/main/scala/Main.scala. Using presentation compiler with project's scala-library version: 3.3.6[0m
2025.12.06 14:53:09 INFO  no build target found for /home/lucas/projects/advent-of-code-25/src/main/scala/Main.scala. Using presentation compiler with project's scala-library version: 3.3.6[0m
2025.12.06 14:53:09 INFO  no build target found for /home/lucas/projects/advent-of-code-25/src/main/scala/Main.scala. Using presentation compiler with project's scala-library version: 3.3.6[0m
2025.12.06 14:53:09 INFO  no build target found for /home/lucas/projects/advent-of-code-25/src/main/scala/Main.scala. Using presentation compiler with project's scala-library version: 3.3.6[0m
2025.12.06 14:53:09 INFO  no build target found for /home/lucas/projects/advent-of-code-25/src/main/scala/Main.scala. Using presentation compiler with project's scala-library version: 3.3.6[0m
2025.12.06 14:53:10 INFO  no build target found for /home/lucas/projects/advent-of-code-25/src/main/scala/Main.scala. Using presentation compiler with project's scala-library version: 3.3.6[0m
2025.12.06 14:53:10 INFO  no build target found for /home/lucas/projects/advent-of-code-25/src/main/scala/Main.scala. Using presentation compiler with project's scala-library version: 3.3.6[0m
2025.12.06 14:53:10 INFO  no build target found for /home/lucas/projects/advent-of-code-25/src/main/scala/Main.scala. Using presentation compiler with project's scala-library version: 3.3.6[0m
2025.12.06 14:53:10 INFO  no build target found for /home/lucas/projects/advent-of-code-25/src/main/scala/Main.scala. Using presentation compiler with project's scala-library version: 3.3.6[0m
2025.12.06 14:53:11 INFO  no build target found for /home/lucas/projects/advent-of-code-25/src/main/scala/Main.scala. Using presentation compiler with project's scala-library version: 3.3.6[0m
2025.12.06 14:53:15 INFO  no build target found for /home/lucas/projects/advent-of-code-25/src/main/scala/Main.scala. Using presentation compiler with project's scala-library version: 3.3.6[0m
2025.12.06 14:53:15 INFO  no build target found for /home/lucas/projects/advent-of-code-25/src/main/scala/Main.scala. Using presentation compiler with project's scala-library version: 3.3.6[0m
2025.12.06 14:53:19 INFO  no build target found for /home/lucas/projects/advent-of-code-25/src/main/scala/Main.scala. Using presentation compiler with project's scala-library version: 3.3.6[0m
2025.12.06 14:53:19 INFO  no build target found for /home/lucas/projects/advent-of-code-25/src/main/scala/Main.scala. Using presentation compiler with project's scala-library version: 3.3.6[0m
2025.12.06 14:53:19 INFO  no build target found for /home/lucas/projects/advent-of-code-25/src/main/scala/Main.scala. Using presentation compiler with project's scala-library version: 3.3.6[0m
2025.12.06 14:53:19 INFO  no build target found for /home/lucas/projects/advent-of-code-25/src/main/scala/Main.scala. Using presentation compiler with project's scala-library version: 3.3.6[0m
2025.12.06 14:53:19 INFO  no build target found for /home/lucas/projects/advent-of-code-25/src/main/scala/Main.scala. Using presentation compiler with project's scala-library version: 3.3.6[0m
2025.12.06 14:53:19 INFO  no build target found for /home/lucas/projects/advent-of-code-25/src/main/scala/Main.scala. Using presentation compiler with project's scala-library version: 3.3.6[0m
2025.12.06 14:53:19 INFO  no build target found for /home/lucas/projects/advent-of-code-25/src/main/scala/Main.scala. Using presentation compiler with project's scala-library version: 3.3.6[0m
2025.12.06 14:53:19 INFO  no build target found for /home/lucas/projects/advent-of-code-25/src/main/scala/Main.scala. Using presentation compiler with project's scala-library version: 3.3.6[0m
2025.12.06 14:53:21 INFO  no build target found for /home/lucas/projects/advent-of-code-25/src/main/scala/Main.scala. Using presentation compiler with project's scala-library version: 3.3.6[0m
2025.12.06 14:53:21 INFO  no build target found for /home/lucas/projects/advent-of-code-25/src/main/scala/Main.scala. Using presentation compiler with project's scala-library version: 3.3.6[0m
2025.12.06 14:53:21 INFO  no build target found for /home/lucas/projects/advent-of-code-25/src/main/scala/Main.scala. Using presentation compiler with project's scala-library version: 3.3.6[0m
2025.12.06 14:53:21 INFO  no build target found for /home/lucas/projects/advent-of-code-25/src/main/scala/Main.scala. Using presentation compiler with project's scala-library version: 3.3.6[0m
2025.12.06 14:53:21 INFO  no build target found for /home/lucas/projects/advent-of-code-25/src/main/scala/Main.scala. Using presentation compiler with project's scala-library version: 3.3.6[0m
2025.12.06 14:53:22 INFO  no build target found for /home/lucas/projects/advent-of-code-25/src/main/scala/Main.scala. Using presentation compiler with project's scala-library version: 3.3.6[0m
2025.12.06 14:53:22 INFO  no build target found for /home/lucas/projects/advent-of-code-25/src/main/scala/Main.scala. Using presentation compiler with project's scala-library version: 3.3.6[0m
2025.12.06 14:53:22 INFO  no build target found for /home/lucas/projects/advent-of-code-25/src/main/scala/Main.scala. Using presentation compiler with project's scala-library version: 3.3.6[0m
2025.12.06 14:53:22 INFO  no build target found for /home/lucas/projects/advent-of-code-25/src/main/scala/Main.scala. Using presentation compiler with project's scala-library version: 3.3.6[0m
2025.12.06 14:53:31 INFO  no build target found for /home/lucas/projects/advent-of-code-25/src/main/scala/Main.scala. Using presentation compiler with project's scala-library version: 3.3.6[0m
2025.12.06 14:55:08 INFO  no build target found for /home/lucas/projects/advent-of-code-25/src/main/scala/Main.scala. Using presentation compiler with project's scala-library version: 3.3.6[0m
2025.12.06 14:55:09 INFO  no build target found for /home/lucas/projects/advent-of-code-25/src/main/scala/Main.scala. Using presentation compiler with project's scala-library version: 3.3.6[0m
2025.12.06 14:55:11 INFO  no build target found for /home/lucas/projects/advent-of-code-25/src/main/scala/Main.scala. Using presentation compiler with project's scala-library version: 3.3.6[0m
2025.12.06 14:55:11 INFO  no build target found for /home/lucas/projects/advent-of-code-25/src/main/scala/Main.scala. Using presentation compiler with project's scala-library version: 3.3.6[0m
2025.12.06 14:55:16 INFO  no build target found for /home/lucas/projects/advent-of-code-25/src/main/scala/Main.scala. Using presentation compiler with project's scala-library version: 3.3.6[0m
2025.12.06 14:55:16 INFO  no build target found for /home/lucas/projects/advent-of-code-25/src/main/scala/Main.scala. Using presentation compiler with project's scala-library version: 3.3.6[0m
2025.12.06 14:55:16 INFO  no build target found for /home/lucas/projects/advent-of-code-25/src/main/scala/Main.scala. Using presentation compiler with project's scala-library version: 3.3.6[0m
2025.12.06 14:55:18 INFO  no build target found for /home/lucas/projects/advent-of-code-25/src/main/scala/Main.scala. Using presentation compiler with project's scala-library version: 3.3.6[0m
2025.12.06 14:55:19 INFO  no build target found for /home/lucas/projects/advent-of-code-25/src/main/scala/Main.scala. Using presentation compiler with project's scala-library version: 3.3.6[0m
2025.12.06 14:55:19 INFO  no build target found for /home/lucas/projects/advent-of-code-25/src/main/scala/Main.scala. Using presentation compiler with project's scala-library version: 3.3.6[0m
2025.12.06 14:55:19 INFO  no build target found for /home/lucas/projects/advent-of-code-25/src/main/scala/Main.scala. Using presentation compiler with project's scala-library version: 3.3.6[0m
2025.12.06 14:55:19 INFO  no build target found for /home/lucas/projects/advent-of-code-25/src/main/scala/Main.scala. Using presentation compiler with project's scala-library version: 3.3.6[0m
2025.12.06 14:55:19 INFO  no build target found for /home/lucas/projects/advent-of-code-25/src/main/scala/Main.scala. Using presentation compiler with project's scala-library version: 3.3.6[0m
2025.12.06 14:55:19 INFO  no build target found for /home/lucas/projects/advent-of-code-25/src/main/scala/Main.scala. Using presentation compiler with project's scala-library version: 3.3.6[0m
2025.12.06 14:55:21 INFO  no build target found for /home/lucas/projects/advent-of-code-25/src/main/scala/Main.scala. Using presentation compiler with project's scala-library version: 3.3.6[0m
2025.12.06 14:55:21 INFO  no build target found for /home/lucas/projects/advent-of-code-25/src/main/scala/Main.scala. Using presentation compiler with project's scala-library version: 3.3.6[0m
2025.12.06 14:55:25 INFO  no build target found for /home/lucas/projects/advent-of-code-25/src/main/scala/Main.scala. Using presentation compiler with project's scala-library version: 3.3.6[0m
2025.12.06 14:55:25 INFO  no build target found for /home/lucas/projects/advent-of-code-25/src/main/scala/Main.scala. Using presentation compiler with project's scala-library version: 3.3.6[0m
2025.12.06 14:55:25 INFO  no build target found for /home/lucas/projects/advent-of-code-25/src/main/scala/Main.scala. Using presentation compiler with project's scala-library version: 3.3.6[0m
2025.12.06 14:55:32 INFO  no build target found for /home/lucas/projects/advent-of-code-25/src/main/scala/Main.scala. Using presentation compiler with project's scala-library version: 3.3.6[0m
2025.12.06 14:55:32 INFO  no build target found for /home/lucas/projects/advent-of-code-25/src/main/scala/Main.scala. Using presentation compiler with project's scala-library version: 3.3.6[0m
2025.12.06 14:55:32 INFO  no build target found for /home/lucas/projects/advent-of-code-25/src/main/scala/Main.scala. Using presentation compiler with project's scala-library version: 3.3.6[0m
2025.12.06 14:55:32 INFO  no build target found for /home/lucas/projects/advent-of-code-25/src/main/scala/Main.scala. Using presentation compiler with project's scala-library version: 3.3.6[0m
2025.12.06 14:55:32 INFO  no build target found for /home/lucas/projects/advent-of-code-25/src/main/scala/Main.scala. Using presentation compiler with project's scala-library version: 3.3.6[0m
2025.12.06 14:55:32 INFO  no build target found for /home/lucas/projects/advent-of-code-25/src/main/scala/Main.scala. Using presentation compiler with project's scala-library version: 3.3.6[0m
2025.12.06 14:55:32 INFO  no build target found for /home/lucas/projects/advent-of-code-25/src/main/scala/Main.scala. Using presentation compiler with project's scala-library version: 3.3.6[0m
2025.12.06 14:55:32 INFO  no build target found for /home/lucas/projects/advent-of-code-25/src/main/scala/Main.scala. Using presentation compiler with project's scala-library version: 3.3.6[0m
2025.12.06 14:55:34 INFO  no build target found for /home/lucas/projects/advent-of-code-25/src/main/scala/Main.scala. Using presentation compiler with project's scala-library version: 3.3.6[0m
2025.12.06 14:55:34 INFO  no build target found for /home/lucas/projects/advent-of-code-25/src/main/scala/Main.scala. Using presentation compiler with project's scala-library version: 3.3.6[0m
2025.12.06 14:55:34 INFO  no build target found for /home/lucas/projects/advent-of-code-25/src/main/scala/Main.scala. Using presentation compiler with project's scala-library version: 3.3.6[0m
2025.12.06 14:55:36 INFO  no build target found for /home/lucas/projects/advent-of-code-25/src/main/scala/Main.scala. Using presentation compiler with project's scala-library version: 3.3.6[0m
2025.12.06 14:55:36 INFO  no build target found for /home/lucas/projects/advent-of-code-25/src/main/scala/Main.scala. Using presentation compiler with project's scala-library version: 3.3.6[0m
2025.12.06 14:55:36 INFO  no build target found for /home/lucas/projects/advent-of-code-25/src/main/scala/Main.scala. Using presentation compiler with project's scala-library version: 3.3.6[0m
2025.12.06 14:55:37 INFO  no build target found for /home/lucas/projects/advent-of-code-25/src/main/scala/Main.scala. Using presentation compiler with project's scala-library version: 3.3.6[0m
2025.12.06 14:55:37 INFO  no build target found for /home/lucas/projects/advent-of-code-25/src/main/scala/Main.scala. Using presentation compiler with project's scala-library version: 3.3.6[0m
2025.12.06 14:55:37 INFO  no build target found for /home/lucas/projects/advent-of-code-25/src/main/scala/Main.scala. Using presentation compiler with project's scala-library version: 3.3.6[0m
2025.12.06 14:55:37 INFO  no build target found for /home/lucas/projects/advent-of-code-25/src/main/scala/Main.scala. Using presentation compiler with project's scala-library version: 3.3.6[0m
2025.12.06 14:55:37 INFO  no build target found for /home/lucas/projects/advent-of-code-25/src/main/scala/Main.scala. Using presentation compiler with project's scala-library version: 3.3.6[0m
2025.12.06 14:55:37 INFO  no build target found for /home/lucas/projects/advent-of-code-25/src/main/scala/Main.scala. Using presentation compiler with project's scala-library version: 3.3.6[0m
2025.12.06 14:55:37 INFO  no build target found for /home/lucas/projects/advent-of-code-25/src/main/scala/Main.scala. Using presentation compiler with project's scala-library version: 3.3.6[0m
2025.12.06 14:55:37 INFO  no build target found for /home/lucas/projects/advent-of-code-25/src/main/scala/Main.scala. Using presentation compiler with project's scala-library version: 3.3.6[0m
2025.12.06 14:55:37 INFO  no build target found for /home/lucas/projects/advent-of-code-25/src/main/scala/Main.scala. Using presentation compiler with project's scala-library version: 3.3.6[0m
2025.12.06 14:55:38 INFO  no build target found for /home/lucas/projects/advent-of-code-25/src/main/scala/Main.scala. Using presentation compiler with project's scala-library version: 3.3.6[0m
2025.12.06 14:55:38 INFO  no build target found for /home/lucas/projects/advent-of-code-25/src/main/scala/Main.scala. Using presentation compiler with project's scala-library version: 3.3.6[0m
2025.12.06 14:55:39 INFO  no build target found for /home/lucas/projects/advent-of-code-25/src/main/scala/Main.scala. Using presentation compiler with project's scala-library version: 3.3.6[0m
2025.12.06 14:55:39 INFO  no build target found for /home/lucas/projects/advent-of-code-25/src/main/scala/Main.scala. Using presentation compiler with project's scala-library version: 3.3.6[0m
2025.12.06 14:55:40 INFO  no build target found for /home/lucas/projects/advent-of-code-25/src/main/scala/Main.scala. Using presentation compiler with project's scala-library version: 3.3.6[0m
2025.12.06 14:55:40 INFO  no build target found for /home/lucas/projects/advent-of-code-25/src/main/scala/Main.scala. Using presentation compiler with project's scala-library version: 3.3.6[0m
2025.12.06 14:55:39 INFO  no build target found for /home/lucas/projects/advent-of-code-25/src/main/scala/Main.scala. Using presentation compiler with project's scala-library version: 3.3.6[0m
2025.12.06 14:55:41 INFO  no build target found for /home/lucas/projects/advent-of-code-25/src/main/scala/Main.scala. Using presentation compiler with project's scala-library version: 3.3.6[0m
2025.12.06 14:55:41 INFO  no build target found for /home/lucas/projects/advent-of-code-25/src/main/scala/Main.scala. Using presentation compiler with project's scala-library version: 3.3.6[0m
2025.12.06 14:55:41 INFO  no build target found for /home/lucas/projects/advent-of-code-25/src/main/scala/Main.scala. Using presentation compiler with project's scala-library version: 3.3.6[0m
2025.12.06 14:55:42 INFO  no build target found for /home/lucas/projects/advent-of-code-25/src/main/scala/Main.scala. Using presentation compiler with project's scala-library version: 3.3.6[0m
2025.12.06 14:55:42 INFO  no build target found for /home/lucas/projects/advent-of-code-25/src/main/scala/Main.scala. Using presentation compiler with project's scala-library version: 3.3.6[0m
2025.12.06 14:55:42 INFO  no build target found for /home/lucas/projects/advent-of-code-25/src/main/scala/Main.scala. Using presentation compiler with project's scala-library version: 3.3.6[0m
2025.12.06 14:55:42 INFO  no build target found for /home/lucas/projects/advent-of-code-25/src/main/scala/Main.scala. Using presentation compiler with project's scala-library version: 3.3.6[0m
2025.12.06 14:55:42 INFO  no build target found for /home/lucas/projects/advent-of-code-25/src/main/scala/Main.scala. Using presentation compiler with project's scala-library version: 3.3.6[0m
2025.12.06 14:55:42 INFO  no build target found for /home/lucas/projects/advent-of-code-25/src/main/scala/Main.scala. Using presentation compiler with project's scala-library version: 3.3.6[0m
2025.12.06 14:55:42 INFO  no build target found for /home/lucas/projects/advent-of-code-25/src/main/scala/Main.scala. Using presentation compiler with project's scala-library version: 3.3.6[0m
2025.12.06 14:55:42 INFO  no build target found for /home/lucas/projects/advent-of-code-25/src/main/scala/Main.scala. Using presentation compiler with project's scala-library version: 3.3.6[0m
2025.12.06 14:55:42 INFO  no build target found for /home/lucas/projects/advent-of-code-25/src/main/scala/Main.scala. Using presentation compiler with project's scala-library version: 3.3.6[0m
2025.12.06 14:55:42 INFO  no build target found for /home/lucas/projects/advent-of-code-25/src/main/scala/Main.scala. Using presentation compiler with project's scala-library version: 3.3.6[0m
2025.12.06 14:55:44 INFO  no build target found for /home/lucas/projects/advent-of-code-25/src/main/scala/Main.scala. Using presentation compiler with project's scala-library version: 3.3.6[0m
2025.12.06 14:55:44 INFO  no build target found for /home/lucas/projects/advent-of-code-25/src/main/scala/Main.scala. Using presentation compiler with project's scala-library version: 3.3.6[0m
2025.12.06 14:55:44 INFO  no build target found for /home/lucas/projects/advent-of-code-25/src/main/scala/Main.scala. Using presentation compiler with project's scala-library version: 3.3.6[0m
2025.12.06 14:55:45 INFO  no build target found for /home/lucas/projects/advent-of-code-25/src/main/scala/Main.scala. Using presentation compiler with project's scala-library version: 3.3.6[0m
2025.12.06 14:55:45 INFO  no build target found for /home/lucas/projects/advent-of-code-25/src/main/scala/Main.scala. Using presentation compiler with project's scala-library version: 3.3.6[0m
2025.12.06 14:55:45 INFO  no build target found for /home/lucas/projects/advent-of-code-25/src/main/scala/Main.scala. Using presentation compiler with project's scala-library version: 3.3.6[0m
2025.12.06 14:55:45 INFO  no build target found for /home/lucas/projects/advent-of-code-25/src/main/scala/Main.scala. Using presentation compiler with project's scala-library version: 3.3.6[0m
2025.12.06 14:55:45 INFO  no build target found for /home/lucas/projects/advent-of-code-25/src/main/scala/Main.scala. Using presentation compiler with project's scala-library version: 3.3.6[0m
2025.12.06 14:55:45 INFO  no build target found for /home/lucas/projects/advent-of-code-25/src/main/scala/Main.scala. Using presentation compiler with project's scala-library version: 3.3.6[0m
2025.12.06 14:55:45 INFO  no build target found for /home/lucas/projects/advent-of-code-25/src/main/scala/Main.scala. Using presentation compiler with project's scala-library version: 3.3.6[0m
2025.12.06 14:55:45 INFO  no build target found for /home/lucas/projects/advent-of-code-25/src/main/scala/Main.scala. Using presentation compiler with project's scala-library version: 3.3.6[0m
2025.12.06 14:55:45 INFO  no build target found for /home/lucas/projects/advent-of-code-25/src/main/scala/Main.scala. Using presentation compiler with project's scala-library version: 3.3.6[0m
2025.12.06 14:55:46 INFO  no build target found for /home/lucas/projects/advent-of-code-25/src/main/scala/Main.scala. Using presentation compiler with project's scala-library version: 3.3.6[0m
2025.12.06 14:55:47 INFO  no build target found for /home/lucas/projects/advent-of-code-25/src/main/scala/Main.scala. Using presentation compiler with project's scala-library version: 3.3.6[0m
2025.12.06 14:55:46 INFO  no build target found for /home/lucas/projects/advent-of-code-25/src/main/scala/Main.scala. Using presentation compiler with project's scala-library version: 3.3.6[0m
2025.12.06 14:55:47 INFO  no build target found for /home/lucas/projects/advent-of-code-25/src/main/scala/Main.scala. Using presentation compiler with project's scala-library version: 3.3.6[0m
2025.12.06 14:55:48 INFO  no build target found for /home/lucas/projects/advent-of-code-25/src/main/scala/Main.scala. Using presentation compiler with project's scala-library version: 3.3.6[0m
2025.12.06 14:55:48 INFO  no build target found for /home/lucas/projects/advent-of-code-25/src/main/scala/Main.scala. Using presentation compiler with project's scala-library version: 3.3.6[0m
2025.12.06 14:55:48 INFO  no build target found for /home/lucas/projects/advent-of-code-25/src/main/scala/Main.scala. Using presentation compiler with project's scala-library version: 3.3.6[0m
2025.12.06 14:55:48 INFO  no build target found for /home/lucas/projects/advent-of-code-25/src/main/scala/Main.scala. Using presentation compiler with project's scala-library version: 3.3.6[0m
2025.12.06 14:55:48 INFO  no build target found for /home/lucas/projects/advent-of-code-25/src/main/scala/Main.scala. Using presentation compiler with project's scala-library version: 3.3.6[0m
2025.12.06 14:55:48 INFO  no build target found for /home/lucas/projects/advent-of-code-25/src/main/scala/Main.scala. Using presentation compiler with project's scala-library version: 3.3.6[0m
2025.12.06 14:55:49 INFO  no build target found for /home/lucas/projects/advent-of-code-25/src/main/scala/Main.scala. Using presentation compiler with project's scala-library version: 3.3.6[0m
2025.12.06 14:55:50 INFO  no build target found for /home/lucas/projects/advent-of-code-25/src/main/scala/Main.scala. Using presentation compiler with project's scala-library version: 3.3.6[0m
2025.12.06 14:55:49 INFO  no build target found for /home/lucas/projects/advent-of-code-25/src/main/scala/Main.scala. Using presentation compiler with project's scala-library version: 3.3.6[0m
2025.12.06 14:55:50 INFO  no build target found for /home/lucas/projects/advent-of-code-25/src/main/scala/Main.scala. Using presentation compiler with project's scala-library version: 3.3.6[0m
2025.12.06 14:55:49 INFO  no build target found for /home/lucas/projects/advent-of-code-25/src/main/scala/Main.scala. Using presentation compiler with project's scala-library version: 3.3.6[0m
2025.12.06 14:55:50 INFO  no build target found for /home/lucas/projects/advent-of-code-25/src/main/scala/Main.scala. Using presentation compiler with project's scala-library version: 3.3.6[0m
2025.12.06 14:55:50 INFO  no build target found for /home/lucas/projects/advent-of-code-25/src/main/scala/Main.scala. Using presentation compiler with project's scala-library version: 3.3.6[0m
2025.12.06 14:55:52 INFO  no build target found for /home/lucas/projects/advent-of-code-25/src/main/scala/Main.scala. Using presentation compiler with project's scala-library version: 3.3.6[0m
2025.12.06 14:55:52 INFO  no build target found for /home/lucas/projects/advent-of-code-25/src/main/scala/Main.scala. Using presentation compiler with project's scala-library version: 3.3.6[0m
2025.12.06 14:55:52 INFO  no build target found for /home/lucas/projects/advent-of-code-25/src/main/scala/Main.scala. Using presentation compiler with project's scala-library version: 3.3.6[0m
2025.12.06 14:55:52 INFO  no build target found for /home/lucas/projects/advent-of-code-25/src/main/scala/Main.scala. Using presentation compiler with project's scala-library version: 3.3.6[0m
2025.12.06 14:55:52 INFO  no build target found for /home/lucas/projects/advent-of-code-25/src/main/scala/Main.scala. Using presentation compiler with project's scala-library version: 3.3.6[0m
2025.12.06 14:55:52 INFO  no build target found for /home/lucas/projects/advent-of-code-25/src/main/scala/Main.scala. Using presentation compiler with project's scala-library version: 3.3.6[0m
2025.12.06 14:55:52 INFO  no build target found for /home/lucas/projects/advent-of-code-25/src/main/scala/Main.scala. Using presentation compiler with project's scala-library version: 3.3.6[0m
2025.12.06 14:55:52 INFO  no build target found for /home/lucas/projects/advent-of-code-25/src/main/scala/Main.scala. Using presentation compiler with project's scala-library version: 3.3.6[0m
2025.12.06 14:55:52 INFO  no build target found for /home/lucas/projects/advent-of-code-25/src/main/scala/Main.scala. Using presentation compiler with project's scala-library version: 3.3.6[0m
2025.12.06 14:55:56 INFO  no build target found for /home/lucas/projects/advent-of-code-25/src/main/scala/Main.scala. Using presentation compiler with project's scala-library version: 3.3.6[0m
2025.12.06 14:55:56 INFO  no build target found for /home/lucas/projects/advent-of-code-25/src/main/scala/Main.scala. Using presentation compiler with project's scala-library version: 3.3.6[0m
2025.12.06 14:55:56 INFO  no build target found for /home/lucas/projects/advent-of-code-25/src/main/scala/Main.scala. Using presentation compiler with project's scala-library version: 3.3.6[0m
2025.12.06 14:55:56 INFO  no build target found for /home/lucas/projects/advent-of-code-25/src/main/scala/Main.scala. Using presentation compiler with project's scala-library version: 3.3.6[0m
2025.12.06 14:55:57 INFO  no build target found for /home/lucas/projects/advent-of-code-25/src/main/scala/Main.scala. Using presentation compiler with project's scala-library version: 3.3.6[0m
2025.12.06 14:55:56 INFO  no build target found for /home/lucas/projects/advent-of-code-25/src/main/scala/Main.scala. Using presentation compiler with project's scala-library version: 3.3.6[0m
2025.12.06 14:55:56 INFO  no build target found for /home/lucas/projects/advent-of-code-25/src/main/scala/Main.scala. Using presentation compiler with project's scala-library version: 3.3.6[0m
2025.12.06 14:55:56 INFO  no build target found for /home/lucas/projects/advent-of-code-25/src/main/scala/Main.scala. Using presentation compiler with project's scala-library version: 3.3.6[0m
2025.12.06 14:55:56 INFO  no build target found for /home/lucas/projects/advent-of-code-25/src/main/scala/Main.scala. Using presentation compiler with project's scala-library version: 3.3.6[0m
2025.12.06 14:55:57 INFO  no build target found for /home/lucas/projects/advent-of-code-25/src/main/scala/Main.scala. Using presentation compiler with project's scala-library version: 3.3.6[0m
2025.12.06 14:55:57 INFO  no build target found for /home/lucas/projects/advent-of-code-25/src/main/scala/Main.scala. Using presentation compiler with project's scala-library version: 3.3.6[0m
2025.12.06 14:55:56 INFO  no build target found for /home/lucas/projects/advent-of-code-25/src/main/scala/Main.scala. Using presentation compiler with project's scala-library version: 3.3.6[0m
2025.12.06 14:55:58 INFO  no build target found for /home/lucas/projects/advent-of-code-25/src/main/scala/Main.scala. Using presentation compiler with project's scala-library version: 3.3.6[0m
2025.12.06 14:55:58 INFO  no build target found for /home/lucas/projects/advent-of-code-25/src/main/scala/Main.scala. Using presentation compiler with project's scala-library version: 3.3.6[0m
2025.12.06 14:55:58 INFO  no build target found for /home/lucas/projects/advent-of-code-25/src/main/scala/Main.scala. Using presentation compiler with project's scala-library version: 3.3.6[0m
2025.12.06 14:55:58 INFO  no build target found for /home/lucas/projects/advent-of-code-25/src/main/scala/Main.scala. Using presentation compiler with project's scala-library version: 3.3.6[0m
2025.12.06 14:55:58 INFO  no build target found for /home/lucas/projects/advent-of-code-25/src/main/scala/Main.scala. Using presentation compiler with project's scala-library version: 3.3.6[0m
2025.12.06 14:55:59 INFO  no build target found for /home/lucas/projects/advent-of-code-25/src/main/scala/Main.scala. Using presentation compiler with project's scala-library version: 3.3.6[0m
2025.12.06 14:55:59 INFO  no build target found for /home/lucas/projects/advent-of-code-25/src/main/scala/Main.scala. Using presentation compiler with project's scala-library version: 3.3.6[0m
2025.12.06 14:55:59 INFO  no build target found for /home/lucas/projects/advent-of-code-25/src/main/scala/Main.scala. Using presentation compiler with project's scala-library version: 3.3.6[0m
2025.12.06 14:55:59 WARN  no build target for: /home/lucas/projects/advent-of-code-25/src/main/scala/Main.scala[0m
2025.12.06 14:55:59 INFO  no build target found for /home/lucas/projects/advent-of-code-25/src/main/scala/Main.scala. Using presentation compiler with project's scala-library version: 3.3.6[0m
2025.12.06 14:56:00 INFO  no build target found for /home/lucas/projects/advent-of-code-25/src/main/scala/Main.scala. Using presentation compiler with project's scala-library version: 3.3.6[0m
2025.12.06 14:56:00 INFO  no build target found for /home/lucas/projects/advent-of-code-25/src/main/scala/Main.scala. Using presentation compiler with project's scala-library version: 3.3.6[0m
2025.12.06 14:56:01 INFO  no build target found for /home/lucas/projects/advent-of-code-25/src/main/scala/Main.scala. Using presentation compiler with project's scala-library version: 3.3.6[0m
2025.12.06 14:56:01 INFO  no build target found for /home/lucas/projects/advent-of-code-25/src/main/scala/Main.scala. Using presentation compiler with project's scala-library version: 3.3.6[0m
2025.12.06 14:56:01 INFO  no build target found for /home/lucas/projects/advent-of-code-25/src/main/scala/Main.scala. Using presentation compiler with project's scala-library version: 3.3.6[0m
2025.12.06 14:56:02 INFO  no build target found for /home/lucas/projects/advent-of-code-25/src/main/scala/Main.scala. Using presentation compiler with project's scala-library version: 3.3.6[0m
2025.12.06 14:56:02 INFO  no build target found for /home/lucas/projects/advent-of-code-25/src/main/scala/Main.scala. Using presentation compiler with project's scala-library version: 3.3.6[0m
2025.12.06 14:56:02 INFO  no build target found for /home/lucas/projects/advent-of-code-25/src/main/scala/Main.scala. Using presentation compiler with project's scala-library version: 3.3.6[0m
2025.12.06 14:56:04 INFO  no build target found for /home/lucas/projects/advent-of-code-25/src/main/scala/Main.scala. Using presentation compiler with project's scala-library version: 3.3.6[0m
2025.12.06 14:56:04 INFO  no build target found for /home/lucas/projects/advent-of-code-25/src/main/scala/Main.scala. Using presentation compiler with project's scala-library version: 3.3.6[0m
2025.12.06 14:56:04 INFO  no build target found for /home/lucas/projects/advent-of-code-25/src/main/scala/Main.scala. Using presentation compiler with project's scala-library version: 3.3.6[0m
2025.12.06 14:56:04 INFO  no build target found for /home/lucas/projects/advent-of-code-25/src/main/scala/Main.scala. Using presentation compiler with project's scala-library version: 3.3.6[0m
2025.12.06 14:56:04 INFO  no build target found for /home/lucas/projects/advent-of-code-25/src/main/scala/Main.scala. Using presentation compiler with project's scala-library version: 3.3.6[0m
2025.12.06 14:56:04 INFO  no build target found for /home/lucas/projects/advent-of-code-25/src/main/scala/Main.scala. Using presentation compiler with project's scala-library version: 3.3.6[0m
2025.12.06 14:56:04 INFO  no build target found for /home/lucas/projects/advent-of-code-25/src/main/scala/Main.scala. Using presentation compiler with project's scala-library version: 3.3.6[0m
2025.12.06 14:56:04 INFO  no build target found for /home/lucas/projects/advent-of-code-25/src/main/scala/Main.scala. Using presentation compiler with project's scala-library version: 3.3.6[0m
2025.12.06 14:56:04 INFO  no build target found for /home/lucas/projects/advent-of-code-25/src/main/scala/Main.scala. Using presentation compiler with project's scala-library version: 3.3.6[0m
2025.12.06 14:56:05 INFO  no build target found for /home/lucas/projects/advent-of-code-25/src/main/scala/Main.scala. Using presentation compiler with project's scala-library version: 3.3.6[0m
2025.12.06 14:56:05 INFO  no build target found for /home/lucas/projects/advent-of-code-25/src/main/scala/Main.scala. Using presentation compiler with project's scala-library version: 3.3.6[0m
2025.12.06 14:56:05 INFO  no build target found for /home/lucas/projects/advent-of-code-25/src/main/scala/Main.scala. Using presentation compiler with project's scala-library version: 3.3.6[0m
2025.12.06 14:56:05 INFO  no build target found for /home/lucas/projects/advent-of-code-25/src/main/scala/Main.scala. Using presentation compiler with project's scala-library version: 3.3.6[0m
2025.12.06 14:56:06 INFO  no build target found for /home/lucas/projects/advent-of-code-25/src/main/scala/Main.scala. Using presentation compiler with project's scala-library version: 3.3.6[0m
2025.12.06 14:56:06 INFO  no build target found for /home/lucas/projects/advent-of-code-25/src/main/scala/Main.scala. Using presentation compiler with project's scala-library version: 3.3.6[0m
2025.12.06 14:56:06 INFO  no build target found for /home/lucas/projects/advent-of-code-25/src/main/scala/Main.scala. Using presentation compiler with project's scala-library version: 3.3.6[0m
2025.12.06 14:56:07 INFO  no build target found for /home/lucas/projects/advent-of-code-25/src/main/scala/Main.scala. Using presentation compiler with project's scala-library version: 3.3.6[0m
2025.12.06 14:56:07 INFO  no build target found for /home/lucas/projects/advent-of-code-25/src/main/scala/Main.scala. Using presentation compiler with project's scala-library version: 3.3.6[0m
2025.12.06 14:56:07 INFO  no build target found for /home/lucas/projects/advent-of-code-25/src/main/scala/Main.scala. Using presentation compiler with project's scala-library version: 3.3.6[0m
2025.12.06 14:56:08 INFO  no build target found for /home/lucas/projects/advent-of-code-25/src/main/scala/Main.scala. Using presentation compiler with project's scala-library version: 3.3.6[0m
2025.12.06 14:56:10 INFO  no build target found for /home/lucas/projects/advent-of-code-25/src/main/scala/Main.scala. Using presentation compiler with project's scala-library version: 3.3.6[0m
2025.12.06 14:56:10 INFO  no build target found for /home/lucas/projects/advent-of-code-25/src/main/scala/Main.scala. Using presentation compiler with project's scala-library version: 3.3.6[0m
2025.12.06 14:56:12 INFO  no build target found for /home/lucas/projects/advent-of-code-25/src/main/scala/Main.scala. Using presentation compiler with project's scala-library version: 3.3.6[0m
2025.12.06 14:56:21 INFO  no build target found for /home/lucas/projects/advent-of-code-25/src/main/scala/Main.scala. Using presentation compiler with project's scala-library version: 3.3.6[0m
2025.12.06 14:56:22 INFO  no build target found for /home/lucas/projects/advent-of-code-25/src/main/scala/Main.scala. Using presentation compiler with project's scala-library version: 3.3.6[0m
2025.12.06 14:56:22 INFO  no build target found for /home/lucas/projects/advent-of-code-25/src/main/scala/Main.scala. Using presentation compiler with project's scala-library version: 3.3.6[0m
2025.12.06 14:56:22 INFO  no build target found for /home/lucas/projects/advent-of-code-25/src/main/scala/Main.scala. Using presentation compiler with project's scala-library version: 3.3.6[0m
2025.12.06 14:56:22 INFO  no build target found for /home/lucas/projects/advent-of-code-25/src/main/scala/Main.scala. Using presentation compiler with project's scala-library version: 3.3.6[0m
2025.12.06 14:56:22 INFO  no build target found for /home/lucas/projects/advent-of-code-25/src/main/scala/Main.scala. Using presentation compiler with project's scala-library version: 3.3.6[0m
2025.12.06 14:56:23 INFO  no build target found for /home/lucas/projects/advent-of-code-25/src/main/scala/Main.scala. Using presentation compiler with project's scala-library version: 3.3.6[0m
2025.12.06 14:56:23 INFO  no build target found for /home/lucas/projects/advent-of-code-25/src/main/scala/Main.scala. Using presentation compiler with project's scala-library version: 3.3.6[0m
2025.12.06 14:56:23 INFO  no build target found for /home/lucas/projects/advent-of-code-25/src/main/scala/Main.scala. Using presentation compiler with project's scala-library version: 3.3.6[0m
2025.12.06 14:56:23 INFO  no build target found for /home/lucas/projects/advent-of-code-25/src/main/scala/Main.scala. Using presentation compiler with project's scala-library version: 3.3.6[0m
2025.12.06 14:56:23 INFO  no build target found for /home/lucas/projects/advent-of-code-25/src/main/scala/Main.scala. Using presentation compiler with project's scala-library version: 3.3.6[0m
2025.12.06 14:56:23 INFO  no build target found for /home/lucas/projects/advent-of-code-25/src/main/scala/Main.scala. Using presentation compiler with project's scala-library version: 3.3.6[0m
2025.12.06 14:56:24 INFO  no build target found for /home/lucas/projects/advent-of-code-25/src/main/scala/Main.scala. Using presentation compiler with project's scala-library version: 3.3.6[0m
2025.12.06 14:56:23 INFO  no build target found for /home/lucas/projects/advent-of-code-25/src/main/scala/Main.scala. Using presentation compiler with project's scala-library version: 3.3.6[0m
2025.12.06 14:56:24 INFO  no build target found for /home/lucas/projects/advent-of-code-25/src/main/scala/Main.scala. Using presentation compiler with project's scala-library version: 3.3.6[0m
2025.12.06 14:56:24 INFO  no build target found for /home/lucas/projects/advent-of-code-25/src/main/scala/Main.scala. Using presentation compiler with project's scala-library version: 3.3.6[0m
2025.12.06 14:56:24 INFO  no build target found for /home/lucas/projects/advent-of-code-25/src/main/scala/Main.scala. Using presentation compiler with project's scala-library version: 3.3.6[0m
2025.12.06 14:56:24 INFO  no build target found for /home/lucas/projects/advent-of-code-25/src/main/scala/Main.scala. Using presentation compiler with project's scala-library version: 3.3.6[0m
2025.12.06 14:56:25 INFO  no build target found for /home/lucas/projects/advent-of-code-25/src/main/scala/Main.scala. Using presentation compiler with project's scala-library version: 3.3.6[0m
2025.12.06 14:56:25 INFO  no build target found for /home/lucas/projects/advent-of-code-25/src/main/scala/Main.scala. Using presentation compiler with project's scala-library version: 3.3.6[0m
2025.12.06 14:56:25 INFO  no build target found for /home/lucas/projects/advent-of-code-25/src/main/scala/Main.scala. Using presentation compiler with project's scala-library version: 3.3.6[0m
2025.12.06 14:56:25 INFO  no build target found for /home/lucas/projects/advent-of-code-25/src/main/scala/Main.scala. Using presentation compiler with project's scala-library version: 3.3.6[0m
2025.12.06 14:56:26 INFO  no build target found for /home/lucas/projects/advent-of-code-25/src/main/scala/Main.scala. Using presentation compiler with project's scala-library version: 3.3.6[0m
2025.12.06 14:56:26 INFO  no build target found for /home/lucas/projects/advent-of-code-25/src/main/scala/Main.scala. Using presentation compiler with project's scala-library version: 3.3.6[0m
2025.12.06 14:56:26 INFO  no build target found for /home/lucas/projects/advent-of-code-25/src/main/scala/Main.scala. Using presentation compiler with project's scala-library version: 3.3.6[0m
2025.12.06 14:56:28 INFO  no build target found for /home/lucas/projects/advent-of-code-25/src/main/scala/Main.scala. Using presentation compiler with project's scala-library version: 3.3.6[0m
2025.12.06 14:56:28 INFO  no build target found for /home/lucas/projects/advent-of-code-25/src/main/scala/Main.scala. Using presentation compiler with project's scala-library version: 3.3.6[0m
2025.12.06 14:56:28 INFO  no build target found for /home/lucas/projects/advent-of-code-25/src/main/scala/Main.scala. Using presentation compiler with project's scala-library version: 3.3.6[0m
2025.12.06 14:56:28 INFO  no build target found for /home/lucas/projects/advent-of-code-25/src/main/scala/Main.scala. Using presentation compiler with project's scala-library version: 3.3.6[0m
2025.12.06 14:56:28 INFO  no build target found for /home/lucas/projects/advent-of-code-25/src/main/scala/Main.scala. Using presentation compiler with project's scala-library version: 3.3.6[0m
2025.12.06 14:56:29 INFO  no build target found for /home/lucas/projects/advent-of-code-25/src/main/scala/Main.scala. Using presentation compiler with project's scala-library version: 3.3.6[0m
2025.12.06 14:56:29 INFO  no build target found for /home/lucas/projects/advent-of-code-25/src/main/scala/Main.scala. Using presentation compiler with project's scala-library version: 3.3.6[0m
2025.12.06 14:56:30 INFO  no build target found for /home/lucas/projects/advent-of-code-25/src/main/scala/Main.scala. Using presentation compiler with project's scala-library version: 3.3.6[0m
2025.12.06 14:56:30 INFO  no build target found for /home/lucas/projects/advent-of-code-25/src/main/scala/Main.scala. Using presentation compiler with project's scala-library version: 3.3.6[0m
2025.12.06 14:56:30 INFO  no build target found for /home/lucas/projects/advent-of-code-25/src/main/scala/Main.scala. Using presentation compiler with project's scala-library version: 3.3.6[0m
2025.12.06 14:56:31 INFO  no build target found for /home/lucas/projects/advent-of-code-25/src/main/scala/Main.scala. Using presentation compiler with project's scala-library version: 3.3.6[0m
2025.12.06 14:56:31 INFO  no build target found for /home/lucas/projects/advent-of-code-25/src/main/scala/Main.scala. Using presentation compiler with project's scala-library version: 3.3.6[0m
2025.12.06 14:56:36 INFO  no build target found for /home/lucas/projects/advent-of-code-25/src/main/scala/Main.scala. Using presentation compiler with project's scala-library version: 3.3.6[0m
2025.12.06 14:56:36 INFO  no build target found for /home/lucas/projects/advent-of-code-25/src/main/scala/Main.scala. Using presentation compiler with project's scala-library version: 3.3.6[0m
2025.12.06 14:56:36 INFO  no build target found for /home/lucas/projects/advent-of-code-25/src/main/scala/Main.scala. Using presentation compiler with project's scala-library version: 3.3.6[0m
2025.12.06 14:56:36 INFO  no build target found for /home/lucas/projects/advent-of-code-25/src/main/scala/Main.scala. Using presentation compiler with project's scala-library version: 3.3.6[0m
2025.12.06 14:56:36 INFO  no build target found for /home/lucas/projects/advent-of-code-25/src/main/scala/Main.scala. Using presentation compiler with project's scala-library version: 3.3.6[0m
2025.12.06 14:56:36 INFO  no build target found for /home/lucas/projects/advent-of-code-25/src/main/scala/Main.scala. Using presentation compiler with project's scala-library version: 3.3.6[0m
2025.12.06 14:56:36 INFO  no build target found for /home/lucas/projects/advent-of-code-25/src/main/scala/Main.scala. Using presentation compiler with project's scala-library version: 3.3.6[0m
2025.12.06 14:56:36 INFO  no build target found for /home/lucas/projects/advent-of-code-25/src/main/scala/Main.scala. Using presentation compiler with project's scala-library version: 3.3.6[0m
2025.12.06 14:56:36 INFO  no build target found for /home/lucas/projects/advent-of-code-25/src/main/scala/Main.scala. Using presentation compiler with project's scala-library version: 3.3.6[0m
2025.12.06 14:56:36 INFO  no build target found for /home/lucas/projects/advent-of-code-25/src/main/scala/Main.scala. Using presentation compiler with project's scala-library version: 3.3.6[0m
2025.12.06 14:56:36 INFO  no build target found for /home/lucas/projects/advent-of-code-25/src/main/scala/Main.scala. Using presentation compiler with project's scala-library version: 3.3.6[0m
2025.12.06 14:56:36 INFO  no build target found for /home/lucas/projects/advent-of-code-25/src/main/scala/Main.scala. Using presentation compiler with project's scala-library version: 3.3.6[0m
2025.12.06 14:56:36 INFO  no build target found for /home/lucas/projects/advent-of-code-25/src/main/scala/Main.scala. Using presentation compiler with project's scala-library version: 3.3.6[0m
2025.12.06 14:56:36 INFO  no build target found for /home/lucas/projects/advent-of-code-25/src/main/scala/Main.scala. Using presentation compiler with project's scala-library version: 3.3.6[0m
2025.12.06 14:56:37 INFO  no build target found for /home/lucas/projects/advent-of-code-25/src/main/scala/Main.scala. Using presentation compiler with project's scala-library version: 3.3.6[0m
2025.12.06 14:56:37 INFO  no build target found for /home/lucas/projects/advent-of-code-25/src/main/scala/Main.scala. Using presentation compiler with project's scala-library version: 3.3.6[0m
2025.12.06 14:56:37 INFO  no build target found for /home/lucas/projects/advent-of-code-25/src/main/scala/Main.scala. Using presentation compiler with project's scala-library version: 3.3.6[0m
2025.12.06 14:56:41 INFO  no build target found for /home/lucas/projects/advent-of-code-25/src/main/scala/Main.scala. Using presentation compiler with project's scala-library version: 3.3.6[0m
2025.12.06 14:56:41 INFO  no build target found for /home/lucas/projects/advent-of-code-25/src/main/scala/Main.scala. Using presentation compiler with project's scala-library version: 3.3.6[0m
2025.12.06 14:56:41 INFO  no build target found for /home/lucas/projects/advent-of-code-25/src/main/scala/Main.scala. Using presentation compiler with project's scala-library version: 3.3.6[0m
2025.12.06 14:56:41 INFO  no build target found for /home/lucas/projects/advent-of-code-25/src/main/scala/Main.scala. Using presentation compiler with project's scala-library version: 3.3.6[0m
2025.12.06 14:56:41 INFO  no build target found for /home/lucas/projects/advent-of-code-25/src/main/scala/Main.scala. Using presentation compiler with project's scala-library version: 3.3.6[0m
2025.12.06 14:56:41 INFO  no build target found for /home/lucas/projects/advent-of-code-25/src/main/scala/Main.scala. Using presentation compiler with project's scala-library version: 3.3.6[0m
2025.12.06 14:56:41 INFO  no build target found for /home/lucas/projects/advent-of-code-25/src/main/scala/Main.scala. Using presentation compiler with project's scala-library version: 3.3.6[0m
2025.12.06 14:56:43 INFO  no build target found for /home/lucas/projects/advent-of-code-25/src/main/scala/Main.scala. Using presentation compiler with project's scala-library version: 3.3.6[0m
2025.12.06 14:56:43 INFO  no build target found for /home/lucas/projects/advent-of-code-25/src/main/scala/Main.scala. Using presentation compiler with project's scala-library version: 3.3.6[0m
2025.12.06 14:56:43 INFO  no build target found for /home/lucas/projects/advent-of-code-25/src/main/scala/Main.scala. Using presentation compiler with project's scala-library version: 3.3.6[0m
2025.12.06 14:56:43 INFO  no build target found for /home/lucas/projects/advent-of-code-25/src/main/scala/Main.scala. Using presentation compiler with project's scala-library version: 3.3.6[0m
2025.12.06 14:56:45 INFO  no build target found for /home/lucas/projects/advent-of-code-25/src/main/scala/Main.scala. Using presentation compiler with project's scala-library version: 3.3.6[0m
2025.12.06 14:56:45 INFO  no build target found for /home/lucas/projects/advent-of-code-25/src/main/scala/Main.scala. Using presentation compiler with project's scala-library version: 3.3.6[0m
2025.12.06 14:56:45 INFO  no build target found for /home/lucas/projects/advent-of-code-25/src/main/scala/Main.scala. Using presentation compiler with project's scala-library version: 3.3.6[0m
2025.12.06 14:56:45 INFO  no build target found for /home/lucas/projects/advent-of-code-25/src/main/scala/Main.scala. Using presentation compiler with project's scala-library version: 3.3.6[0m
2025.12.06 14:56:45 INFO  no build target found for /home/lucas/projects/advent-of-code-25/src/main/scala/Main.scala. Using presentation compiler with project's scala-library version: 3.3.6[0m
2025.12.06 14:56:45 INFO  no build target found for /home/lucas/projects/advent-of-code-25/src/main/scala/Main.scala. Using presentation compiler with project's scala-library version: 3.3.6[0m
2025.12.06 14:56:45 INFO  no build target found for /home/lucas/projects/advent-of-code-25/src/main/scala/Main.scala. Using presentation compiler with project's scala-library version: 3.3.6[0m
2025.12.06 14:56:46 INFO  no build target found for /home/lucas/projects/advent-of-code-25/src/main/scala/Main.scala. Using presentation compiler with project's scala-library version: 3.3.6[0m
2025.12.06 14:56:46 INFO  no build target found for /home/lucas/projects/advent-of-code-25/src/main/scala/Main.scala. Using presentation compiler with project's scala-library version: 3.3.6[0m
2025.12.06 14:56:46 INFO  no build target found for /home/lucas/projects/advent-of-code-25/src/main/scala/Main.scala. Using presentation compiler with project's scala-library version: 3.3.6[0m
2025.12.06 14:56:46 INFO  no build target found for /home/lucas/projects/advent-of-code-25/src/main/scala/Main.scala. Using presentation compiler with project's scala-library version: 3.3.6[0m
2025.12.06 14:56:46 INFO  no build target found for /home/lucas/projects/advent-of-code-25/src/main/scala/Main.scala. Using presentation compiler with project's scala-library version: 3.3.6[0m
2025.12.06 14:56:46 INFO  no build target found for /home/lucas/projects/advent-of-code-25/src/main/scala/Main.scala. Using presentation compiler with project's scala-library version: 3.3.6[0m
2025.12.06 14:56:46 INFO  Created report: Optional[file:///home/lucas/projects/advent-of-code-25/src/main/scala/Main.scala][0m
2025.12.06 14:56:46 INFO  empty definition using pc, found symbol in pc: `<none>`. (full report at: "/home/lucas/projects/advent-of-code-25/.metals/.reports/metals-full/2025-12-06/r_empty-definition_14-56-46-756.md")[0m
2025.12.06 14:56:46 INFO  no build target found for /home/lucas/projects/advent-of-code-25/src/main/scala/Main.scala. Using presentation compiler with project's scala-library version: 3.3.6[0m
2025.12.06 14:56:46 INFO  no build target found for /home/lucas/projects/advent-of-code-25/src/main/scala/Main.scala. Using presentation compiler with project's scala-library version: 3.3.6[0m
2025.12.06 14:56:46 INFO  no build target found for /home/lucas/projects/advent-of-code-25/src/main/scala/Main.scala. Using presentation compiler with project's scala-library version: 3.3.6[0m
2025.12.06 14:56:46 INFO  no build target found for /home/lucas/projects/advent-of-code-25/src/main/scala/Main.scala. Using presentation compiler with project's scala-library version: 3.3.6[0m
2025.12.06 14:56:47 INFO  no build target found for /home/lucas/projects/advent-of-code-25/src/main/scala/Main.scala. Using presentation compiler with project's scala-library version: 3.3.6[0m
2025.12.06 14:56:47 INFO  no build target found for /home/lucas/projects/advent-of-code-25/src/main/scala/Main.scala. Using presentation compiler with project's scala-library version: 3.3.6[0m
2025.12.06 14:56:47 INFO  no build target found for /home/lucas/projects/advent-of-code-25/src/main/scala/Main.scala. Using presentation compiler with project's scala-library version: 3.3.6[0m
2025.12.06 14:56:47 INFO  no build target found for /home/lucas/projects/advent-of-code-25/src/main/scala/Main.scala. Using presentation compiler with project's scala-library version: 3.3.6[0m
2025.12.06 14:56:47 INFO  no build target found for /home/lucas/projects/advent-of-code-25/src/main/scala/Main.scala. Using presentation compiler with project's scala-library version: 3.3.6[0m
2025.12.06 14:56:47 INFO  no build target found for /home/lucas/projects/advent-of-code-25/src/main/scala/Main.scala. Using presentation compiler with project's scala-library version: 3.3.6[0m
2025.12.06 14:56:47 INFO  no build target found for /home/lucas/projects/advent-of-code-25/src/main/scala/Main.scala. Using presentation compiler with project's scala-library version: 3.3.6[0m
2025.12.06 14:56:48 INFO  no build target found for /home/lucas/projects/advent-of-code-25/src/main/scala/Main.scala. Using presentation compiler with project's scala-library version: 3.3.6[0m
2025.12.06 14:56:48 INFO  no build target found for /home/lucas/projects/advent-of-code-25/src/main/scala/Main.scala. Using presentation compiler with project's scala-library version: 3.3.6[0m
2025.12.06 14:56:48 INFO  no build target found for /home/lucas/projects/advent-of-code-25/src/main/scala/Main.scala. Using presentation compiler with project's scala-library version: 3.3.6[0m
2025.12.06 14:56:48 INFO  no build target found for /home/lucas/projects/advent-of-code-25/src/main/scala/Main.scala. Using presentation compiler with project's scala-library version: 3.3.6[0m
2025.12.06 14:56:48 INFO  no build target found for /home/lucas/projects/advent-of-code-25/src/main/scala/Main.scala. Using presentation compiler with project's scala-library version: 3.3.6[0m
2025.12.06 14:56:48 INFO  no build target found for /home/lucas/projects/advent-of-code-25/src/main/scala/Main.scala. Using presentation compiler with project's scala-library version: 3.3.6[0m
2025.12.06 14:56:48 INFO  no build target found for /home/lucas/projects/advent-of-code-25/src/main/scala/Main.scala. Using presentation compiler with project's scala-library version: 3.3.6[0m
2025.12.06 14:56:48 INFO  no build target found for /home/lucas/projects/advent-of-code-25/src/main/scala/Main.scala. Using presentation compiler with project's scala-library version: 3.3.6[0m
Dec 06, 2025 2:56:49 PM org.eclipse.lsp4j.jsonrpc.RemoteEndpoint handleCancellation
WARNING: Unmatched cancel notification for request id 3827
2025.12.06 14:56:48 INFO  no build target found for /home/lucas/projects/advent-of-code-25/src/main/scala/Main.scala. Using presentation compiler with project's scala-library version: 3.3.6[0m
2025.12.06 14:56:49 INFO  no build target found for /home/lucas/projects/advent-of-code-25/src/main/scala/Main.scala. Using presentation compiler with project's scala-library version: 3.3.6[0m
2025.12.06 14:56:49 INFO  no build target found for /home/lucas/projects/advent-of-code-25/src/main/scala/Main.scala. Using presentation compiler with project's scala-library version: 3.3.6[0m
2025.12.06 14:56:49 INFO  no build target found for /home/lucas/projects/advent-of-code-25/src/main/scala/Main.scala. Using presentation compiler with project's scala-library version: 3.3.6[0m
2025.12.06 14:56:49 INFO  no build target found for /home/lucas/projects/advent-of-code-25/src/main/scala/Main.scala. Using presentation compiler with project's scala-library version: 3.3.6[0m
2025.12.06 14:56:49 INFO  no build target found for /home/lucas/projects/advent-of-code-25/src/main/scala/Main.scala. Using presentation compiler with project's scala-library version: 3.3.6[0m
2025.12.06 14:56:49 INFO  no build target found for /home/lucas/projects/advent-of-code-25/src/main/scala/Main.scala. Using presentation compiler with project's scala-library version: 3.3.6[0m
2025.12.06 14:56:49 INFO  no build target found for /home/lucas/projects/advent-of-code-25/src/main/scala/Main.scala. Using presentation compiler with project's scala-library version: 3.3.6[0m
2025.12.06 14:56:50 INFO  no build target found for /home/lucas/projects/advent-of-code-25/src/main/scala/Main.scala. Using presentation compiler with project's scala-library version: 3.3.6[0m
2025.12.06 14:56:49 INFO  no build target found for /home/lucas/projects/advent-of-code-25/src/main/scala/Main.scala. Using presentation compiler with project's scala-library version: 3.3.6[0m
2025.12.06 14:56:49 INFO  no build target found for /home/lucas/projects/advent-of-code-25/src/main/scala/Main.scala. Using presentation compiler with project's scala-library version: 3.3.6[0m
2025.12.06 14:56:49 INFO  no build target found for /home/lucas/projects/advent-of-code-25/src/main/scala/Main.scala. Using presentation compiler with project's scala-library version: 3.3.6[0m
2025.12.06 14:56:50 INFO  no build target found for /home/lucas/projects/advent-of-code-25/src/main/scala/Main.scala. Using presentation compiler with project's scala-library version: 3.3.6[0m
2025.12.06 14:56:50 INFO  no build target found for /home/lucas/projects/advent-of-code-25/src/main/scala/Main.scala. Using presentation compiler with project's scala-library version: 3.3.6[0m
2025.12.06 14:56:51 INFO  no build target found for /home/lucas/projects/advent-of-code-25/src/main/scala/Main.scala. Using presentation compiler with project's scala-library version: 3.3.6[0m
2025.12.06 14:56:51 INFO  no build target found for /home/lucas/projects/advent-of-code-25/src/main/scala/Main.scala. Using presentation compiler with project's scala-library version: 3.3.6[0m
2025.12.06 14:56:51 INFO  no build target found for /home/lucas/projects/advent-of-code-25/src/main/scala/Main.scala. Using presentation compiler with project's scala-library version: 3.3.6[0m
2025.12.06 14:56:51 INFO  no build target found for /home/lucas/projects/advent-of-code-25/src/main/scala/Main.scala. Using presentation compiler with project's scala-library version: 3.3.6[0m
2025.12.06 14:56:51 INFO  no build target found for /home/lucas/projects/advent-of-code-25/src/main/scala/Main.scala. Using presentation compiler with project's scala-library version: 3.3.6[0m
2025.12.06 14:56:52 INFO  no build target found for /home/lucas/projects/advent-of-code-25/src/main/scala/Main.scala. Using presentation compiler with project's scala-library version: 3.3.6[0m
2025.12.06 14:56:52 INFO  no build target found for /home/lucas/projects/advent-of-code-25/src/main/scala/Main.scala. Using presentation compiler with project's scala-library version: 3.3.6[0m
2025.12.06 14:56:52 INFO  no build target found for /home/lucas/projects/advent-of-code-25/src/main/scala/Main.scala. Using presentation compiler with project's scala-library version: 3.3.6[0m
2025.12.06 14:56:52 INFO  no build target found for /home/lucas/projects/advent-of-code-25/src/main/scala/Main.scala. Using presentation compiler with project's scala-library version: 3.3.6[0m
2025.12.06 14:56:53 INFO  no build target found for /home/lucas/projects/advent-of-code-25/src/main/scala/Main.scala. Using presentation compiler with project's scala-library version: 3.3.6[0m
2025.12.06 14:56:53 INFO  no build target found for /home/lucas/projects/advent-of-code-25/src/main/scala/Main.scala. Using presentation compiler with project's scala-library version: 3.3.6[0m
2025.12.06 14:56:53 INFO  no build target found for /home/lucas/projects/advent-of-code-25/src/main/scala/Main.scala. Using presentation compiler with project's scala-library version: 3.3.6[0m
2025.12.06 14:56:53 INFO  no build target found for /home/lucas/projects/advent-of-code-25/src/main/scala/Main.scala. Using presentation compiler with project's scala-library version: 3.3.6[0m
2025.12.06 14:56:59 INFO  no build target found for /home/lucas/projects/advent-of-code-25/src/main/scala/Main.scala. Using presentation compiler with project's scala-library version: 3.3.6[0m
2025.12.06 14:56:59 INFO  no build target found for /home/lucas/projects/advent-of-code-25/src/main/scala/Main.scala. Using presentation compiler with project's scala-library version: 3.3.6[0m
2025.12.06 14:57:01 INFO  no build target found for /home/lucas/projects/advent-of-code-25/src/main/scala/Main.scala. Using presentation compiler with project's scala-library version: 3.3.6[0m
2025.12.06 14:57:01 INFO  no build target found for /home/lucas/projects/advent-of-code-25/src/main/scala/Main.scala. Using presentation compiler with project's scala-library version: 3.3.6[0m
2025.12.06 14:57:02 INFO  no build target found for /home/lucas/projects/advent-of-code-25/src/main/scala/Main.scala. Using presentation compiler with project's scala-library version: 3.3.6[0m
2025.12.06 14:57:02 INFO  no build target found for /home/lucas/projects/advent-of-code-25/src/main/scala/Main.scala. Using presentation compiler with project's scala-library version: 3.3.6[0m
2025.12.06 14:57:04 INFO  no build target found for /home/lucas/projects/advent-of-code-25/src/main/scala/Main.scala. Using presentation compiler with project's scala-library version: 3.3.6[0m
2025.12.06 14:57:04 INFO  no build target found for /home/lucas/projects/advent-of-code-25/src/main/scala/Main.scala. Using presentation compiler with project's scala-library version: 3.3.6[0m
2025.12.06 14:57:04 INFO  no build target found for /home/lucas/projects/advent-of-code-25/src/main/scala/Main.scala. Using presentation compiler with project's scala-library version: 3.3.6[0m
2025.12.06 14:57:04 INFO  no build target found for /home/lucas/projects/advent-of-code-25/src/main/scala/Main.scala. Using presentation compiler with project's scala-library version: 3.3.6[0m
2025.12.06 14:57:06 INFO  no build target found for /home/lucas/projects/advent-of-code-25/src/main/scala/Main.scala. Using presentation compiler with project's scala-library version: 3.3.6[0m
2025.12.06 14:57:06 INFO  no build target found for /home/lucas/projects/advent-of-code-25/src/main/scala/Main.scala. Using presentation compiler with project's scala-library version: 3.3.6[0m
2025.12.06 14:57:06 INFO  no build target found for /home/lucas/projects/advent-of-code-25/src/main/scala/Main.scala. Using presentation compiler with project's scala-library version: 3.3.6[0m
2025.12.06 14:57:06 INFO  no build target found for /home/lucas/projects/advent-of-code-25/src/main/scala/Main.scala. Using presentation compiler with project's scala-library version: 3.3.6[0m
2025.12.06 14:57:06 INFO  no build target found for /home/lucas/projects/advent-of-code-25/src/main/scala/Main.scala. Using presentation compiler with project's scala-library version: 3.3.6[0m
2025.12.06 14:57:06 INFO  no build target found for /home/lucas/projects/advent-of-code-25/src/main/scala/Main.scala. Using presentation compiler with project's scala-library version: 3.3.6[0m
2025.12.06 14:57:06 INFO  no build target found for /home/lucas/projects/advent-of-code-25/src/main/scala/Main.scala. Using presentation compiler with project's scala-library version: 3.3.6[0m
2025.12.06 14:57:06 INFO  no build target found for /home/lucas/projects/advent-of-code-25/src/main/scala/Main.scala. Using presentation compiler with project's scala-library version: 3.3.6[0m
2025.12.06 14:57:06 INFO  no build target found for /home/lucas/projects/advent-of-code-25/src/main/scala/Main.scala. Using presentation compiler with project's scala-library version: 3.3.6[0m
2025.12.06 14:57:06 INFO  no build target found for /home/lucas/projects/advent-of-code-25/src/main/scala/Main.scala. Using presentation compiler with project's scala-library version: 3.3.6[0m
2025.12.06 14:57:06 INFO  no build target found for /home/lucas/projects/advent-of-code-25/src/main/scala/Main.scala. Using presentation compiler with project's scala-library version: 3.3.6[0m
2025.12.06 14:57:06 INFO  no build target found for /home/lucas/projects/advent-of-code-25/src/main/scala/Main.scala. Using presentation compiler with project's scala-library version: 3.3.6[0m
2025.12.06 14:57:07 INFO  no build target found for /home/lucas/projects/advent-of-code-25/src/main/scala/Main.scala. Using presentation compiler with project's scala-library version: 3.3.6[0m
2025.12.06 14:57:06 INFO  no build target found for /home/lucas/projects/advent-of-code-25/src/main/scala/Main.scala. Using presentation compiler with project's scala-library version: 3.3.6[0m
2025.12.06 14:57:06 INFO  no build target found for /home/lucas/projects/advent-of-code-25/src/main/scala/Main.scala. Using presentation compiler with project's scala-library version: 3.3.6[0m
2025.12.06 14:57:07 INFO  no build target found for /home/lucas/projects/advent-of-code-25/src/main/scala/Main.scala. Using presentation compiler with project's scala-library version: 3.3.6[0m
2025.12.06 14:57:08 INFO  no build target found for /home/lucas/projects/advent-of-code-25/src/main/scala/Main.scala. Using presentation compiler with project's scala-library version: 3.3.6[0m
2025.12.06 14:57:08 INFO  no build target found for /home/lucas/projects/advent-of-code-25/src/main/scala/Main.scala. Using presentation compiler with project's scala-library version: 3.3.6[0m
2025.12.06 14:57:08 INFO  no build target found for /home/lucas/projects/advent-of-code-25/src/main/scala/Main.scala. Using presentation compiler with project's scala-library version: 3.3.6[0m
2025.12.06 14:57:08 INFO  no build target found for /home/lucas/projects/advent-of-code-25/src/main/scala/Main.scala. Using presentation compiler with project's scala-library version: 3.3.6[0m
2025.12.06 14:57:08 INFO  no build target found for /home/lucas/projects/advent-of-code-25/src/main/scala/Main.scala. Using presentation compiler with project's scala-library version: 3.3.6[0m
2025.12.06 14:57:08 INFO  no build target found for /home/lucas/projects/advent-of-code-25/src/main/scala/Main.scala. Using presentation compiler with project's scala-library version: 3.3.6[0m
2025.12.06 14:57:08 INFO  no build target found for /home/lucas/projects/advent-of-code-25/src/main/scala/Main.scala. Using presentation compiler with project's scala-library version: 3.3.6[0m
2025.12.06 14:57:09 INFO  no build target found for /home/lucas/projects/advent-of-code-25/src/main/scala/Main.scala. Using presentation compiler with project's scala-library version: 3.3.6[0m
2025.12.06 14:57:08 WARN  no build target for: /home/lucas/projects/advent-of-code-25/src/main/scala/Main.scala[0m
2025.12.06 14:57:08 INFO  no build target found for /home/lucas/projects/advent-of-code-25/src/main/scala/Main.scala. Using presentation compiler with project's scala-library version: 3.3.6[0m
2025.12.06 14:57:26 INFO  no build target found for /home/lucas/projects/advent-of-code-25/src/main/scala/Main.scala. Using presentation compiler with project's scala-library version: 3.3.6[0m
2025.12.06 14:57:26 INFO  no build target found for /home/lucas/projects/advent-of-code-25/src/main/scala/Main.scala. Using presentation compiler with project's scala-library version: 3.3.6[0m
2025.12.06 14:57:26 INFO  no build target found for /home/lucas/projects/advent-of-code-25/src/main/scala/Main.scala. Using presentation compiler with project's scala-library version: 3.3.6[0m
2025.12.06 14:57:26 INFO  no build target found for /home/lucas/projects/advent-of-code-25/src/main/scala/Main.scala. Using presentation compiler with project's scala-library version: 3.3.6[0m
2025.12.06 14:57:26 INFO  no build target found for /home/lucas/projects/advent-of-code-25/src/main/scala/Main.scala. Using presentation compiler with project's scala-library version: 3.3.6[0m
2025.12.06 14:57:28 INFO  no build target found for /home/lucas/projects/advent-of-code-25/src/main/scala/Main.scala. Using presentation compiler with project's scala-library version: 3.3.6[0m
2025.12.06 14:57:28 INFO  no build target found for /home/lucas/projects/advent-of-code-25/src/main/scala/Main.scala. Using presentation compiler with project's scala-library version: 3.3.6[0m
2025.12.06 14:57:28 INFO  no build target found for /home/lucas/projects/advent-of-code-25/src/main/scala/Main.scala. Using presentation compiler with project's scala-library version: 3.3.6[0m
2025.12.06 14:57:28 INFO  no build target found for /home/lucas/projects/advent-of-code-25/src/main/scala/Main.scala. Using presentation compiler with project's scala-library version: 3.3.6[0m
2025.12.06 14:57:28 INFO  no build target found for /home/lucas/projects/advent-of-code-25/src/main/scala/Main.scala. Using presentation compiler with project's scala-library version: 3.3.6[0m
2025.12.06 14:57:28 INFO  no build target found for /home/lucas/projects/advent-of-code-25/src/main/scala/Main.scala. Using presentation compiler with project's scala-library version: 3.3.6[0m
2025.12.06 14:57:28 INFO  no build target found for /home/lucas/projects/advent-of-code-25/src/main/scala/Main.scala. Using presentation compiler with project's scala-library version: 3.3.6[0m
2025.12.06 14:57:30 INFO  no build target found for /home/lucas/projects/advent-of-code-25/src/main/scala/Main.scala. Using presentation compiler with project's scala-library version: 3.3.6[0m
2025.12.06 14:57:30 INFO  no build target found for /home/lucas/projects/advent-of-code-25/src/main/scala/Main.scala. Using presentation compiler with project's scala-library version: 3.3.6[0m
2025.12.06 14:57:30 INFO  no build target found for /home/lucas/projects/advent-of-code-25/src/main/scala/Main.scala. Using presentation compiler with project's scala-library version: 3.3.6[0m
2025.12.06 14:57:30 INFO  no build target found for /home/lucas/projects/advent-of-code-25/src/main/scala/Main.scala. Using presentation compiler with project's scala-library version: 3.3.6[0m
2025.12.06 14:57:31 INFO  no build target found for /home/lucas/projects/advent-of-code-25/src/main/scala/Main.scala. Using presentation compiler with project's scala-library version: 3.3.6[0m
2025.12.06 14:57:31 INFO  no build target found for /home/lucas/projects/advent-of-code-25/src/main/scala/Main.scala. Using presentation compiler with project's scala-library version: 3.3.6[0m
2025.12.06 14:57:30 INFO  no build target found for /home/lucas/projects/advent-of-code-25/src/main/scala/Main.scala. Using presentation compiler with project's scala-library version: 3.3.6[0m
2025.12.06 14:57:31 INFO  no build target found for /home/lucas/projects/advent-of-code-25/src/main/scala/Main.scala. Using presentation compiler with project's scala-library version: 3.3.6[0m
2025.12.06 14:57:31 INFO  no build target found for /home/lucas/projects/advent-of-code-25/src/main/scala/Main.scala. Using presentation compiler with project's scala-library version: 3.3.6[0m
2025.12.06 14:57:31 INFO  no build target found for /home/lucas/projects/advent-of-code-25/src/main/scala/Main.scala. Using presentation compiler with project's scala-library version: 3.3.6[0m
2025.12.06 14:57:31 INFO  no build target found for /home/lucas/projects/advent-of-code-25/src/main/scala/Main.scala. Using presentation compiler with project's scala-library version: 3.3.6[0m
2025.12.06 14:57:31 INFO  no build target found for /home/lucas/projects/advent-of-code-25/src/main/scala/Main.scala. Using presentation compiler with project's scala-library version: 3.3.6[0m
2025.12.06 14:57:32 INFO  no build target found for /home/lucas/projects/advent-of-code-25/src/main/scala/Main.scala. Using presentation compiler with project's scala-library version: 3.3.6[0m
2025.12.06 14:57:31 INFO  no build target found for /home/lucas/projects/advent-of-code-25/src/main/scala/Main.scala. Using presentation compiler with project's scala-library version: 3.3.6[0m
2025.12.06 14:57:32 INFO  no build target found for /home/lucas/projects/advent-of-code-25/src/main/scala/Main.scala. Using presentation compiler with project's scala-library version: 3.3.6[0m
2025.12.06 14:57:33 INFO  no build target found for /home/lucas/projects/advent-of-code-25/src/main/scala/Main.scala. Using presentation compiler with project's scala-library version: 3.3.6[0m
2025.12.06 14:57:33 INFO  no build target found for /home/lucas/projects/advent-of-code-25/src/main/scala/Main.scala. Using presentation compiler with project's scala-library version: 3.3.6[0m
2025.12.06 14:57:33 INFO  no build target found for /home/lucas/projects/advent-of-code-25/src/main/scala/Main.scala. Using presentation compiler with project's scala-library version: 3.3.6[0m
2025.12.06 14:57:33 INFO  no build target found for /home/lucas/projects/advent-of-code-25/src/main/scala/Main.scala. Using presentation compiler with project's scala-library version: 3.3.6[0m
2025.12.06 14:57:33 INFO  no build target found for /home/lucas/projects/advent-of-code-25/src/main/scala/Main.scala. Using presentation compiler with project's scala-library version: 3.3.6[0m
2025.12.06 14:57:33 INFO  no build target found for /home/lucas/projects/advent-of-code-25/src/main/scala/Main.scala. Using presentation compiler with project's scala-library version: 3.3.6[0m
2025.12.06 14:57:35 INFO  no build target found for /home/lucas/projects/advent-of-code-25/src/main/scala/Main.scala. Using presentation compiler with project's scala-library version: 3.3.6[0m
2025.12.06 14:57:35 INFO  no build target found for /home/lucas/projects/advent-of-code-25/src/main/scala/Main.scala. Using presentation compiler with project's scala-library version: 3.3.6[0m
2025.12.06 14:57:37 INFO  no build target found for /home/lucas/projects/advent-of-code-25/src/main/scala/Main.scala. Using presentation compiler with project's scala-library version: 3.3.6[0m
2025.12.06 14:57:37 INFO  no build target found for /home/lucas/projects/advent-of-code-25/src/main/scala/Main.scala. Using presentation compiler with project's scala-library version: 3.3.6[0m
2025.12.06 14:57:37 INFO  no build target found for /home/lucas/projects/advent-of-code-25/src/main/scala/Main.scala. Using presentation compiler with project's scala-library version: 3.3.6[0m
2025.12.06 14:57:48 INFO  no build target found for /home/lucas/projects/advent-of-code-25/src/main/scala/Main.scala. Using presentation compiler with project's scala-library version: 3.3.6[0m
2025.12.06 14:57:48 INFO  no build target found for /home/lucas/projects/advent-of-code-25/src/main/scala/Main.scala. Using presentation compiler with project's scala-library version: 3.3.6[0m
2025.12.06 14:57:48 INFO  no build target found for /home/lucas/projects/advent-of-code-25/src/main/scala/Main.scala. Using presentation compiler with project's scala-library version: 3.3.6[0m
2025.12.06 14:57:48 INFO  no build target found for /home/lucas/projects/advent-of-code-25/src/main/scala/Main.scala. Using presentation compiler with project's scala-library version: 3.3.6[0m
2025.12.06 14:57:48 INFO  no build target found for /home/lucas/projects/advent-of-code-25/src/main/scala/Main.scala. Using presentation compiler with project's scala-library version: 3.3.6[0m
2025.12.06 14:57:48 INFO  no build target found for /home/lucas/projects/advent-of-code-25/src/main/scala/Main.scala. Using presentation compiler with project's scala-library version: 3.3.6[0m
2025.12.06 14:57:49 INFO  no build target found for /home/lucas/projects/advent-of-code-25/src/main/scala/Main.scala. Using presentation compiler with project's scala-library version: 3.3.6[0m
2025.12.06 14:57:49 INFO  no build target found for /home/lucas/projects/advent-of-code-25/src/main/scala/Main.scala. Using presentation compiler with project's scala-library version: 3.3.6[0m
2025.12.06 14:57:49 INFO  no build target found for /home/lucas/projects/advent-of-code-25/src/main/scala/Main.scala. Using presentation compiler with project's scala-library version: 3.3.6[0m
2025.12.06 14:57:49 INFO  no build target found for /home/lucas/projects/advent-of-code-25/src/main/scala/Main.scala. Using presentation compiler with project's scala-library version: 3.3.6[0m
2025.12.06 14:57:51 INFO  no build target found for /home/lucas/projects/advent-of-code-25/src/main/scala/Main.scala. Using presentation compiler with project's scala-library version: 3.3.6[0m
2025.12.06 14:57:51 INFO  no build target found for /home/lucas/projects/advent-of-code-25/src/main/scala/Main.scala. Using presentation compiler with project's scala-library version: 3.3.6[0m
2025.12.06 14:57:51 INFO  no build target found for /home/lucas/projects/advent-of-code-25/src/main/scala/Main.scala. Using presentation compiler with project's scala-library version: 3.3.6[0m
2025.12.06 14:57:51 INFO  no build target found for /home/lucas/projects/advent-of-code-25/src/main/scala/Main.scala. Using presentation compiler with project's scala-library version: 3.3.6[0m
2025.12.06 14:57:51 INFO  no build target found for /home/lucas/projects/advent-of-code-25/src/main/scala/Main.scala. Using presentation compiler with project's scala-library version: 3.3.6[0m
2025.12.06 14:57:51 INFO  no build target found for /home/lucas/projects/advent-of-code-25/src/main/scala/Main.scala. Using presentation compiler with project's scala-library version: 3.3.6[0m
2025.12.06 14:57:52 INFO  no build target found for /home/lucas/projects/advent-of-code-25/src/main/scala/Main.scala. Using presentation compiler with project's scala-library version: 3.3.6[0m
2025.12.06 14:57:52 INFO  no build target found for /home/lucas/projects/advent-of-code-25/src/main/scala/Main.scala. Using presentation compiler with project's scala-library version: 3.3.6[0m
2025.12.06 14:57:52 INFO  no build target found for /home/lucas/projects/advent-of-code-25/src/main/scala/Main.scala. Using presentation compiler with project's scala-library version: 3.3.6[0m
2025.12.06 14:57:52 INFO  no build target found for /home/lucas/projects/advent-of-code-25/src/main/scala/Main.scala. Using presentation compiler with project's scala-library version: 3.3.6[0m
2025.12.06 14:57:52 INFO  no build target found for /home/lucas/projects/advent-of-code-25/src/main/scala/Main.scala. Using presentation compiler with project's scala-library version: 3.3.6[0m
2025.12.06 14:57:52 INFO  no build target found for /home/lucas/projects/advent-of-code-25/src/main/scala/Main.scala. Using presentation compiler with project's scala-library version: 3.3.6[0m
2025.12.06 14:57:52 INFO  no build target found for /home/lucas/projects/advent-of-code-25/src/main/scala/Main.scala. Using presentation compiler with project's scala-library version: 3.3.6[0m
2025.12.06 14:57:52 INFO  no build target found for /home/lucas/projects/advent-of-code-25/src/main/scala/Main.scala. Using presentation compiler with project's scala-library version: 3.3.6[0m
2025.12.06 14:57:52 INFO  no build target found for /home/lucas/projects/advent-of-code-25/src/main/scala/Main.scala. Using presentation compiler with project's scala-library version: 3.3.6[0m
2025.12.06 14:57:53 INFO  no build target found for /home/lucas/projects/advent-of-code-25/src/main/scala/Main.scala. Using presentation compiler with project's scala-library version: 3.3.6[0m
2025.12.06 14:57:53 INFO  no build target found for /home/lucas/projects/advent-of-code-25/src/main/scala/Main.scala. Using presentation compiler with project's scala-library version: 3.3.6[0m
2025.12.06 14:57:53 INFO  no build target found for /home/lucas/projects/advent-of-code-25/src/main/scala/Main.scala. Using presentation compiler with project's scala-library version: 3.3.6[0m
2025.12.06 14:57:53 INFO  no build target found for /home/lucas/projects/advent-of-code-25/src/main/scala/Main.scala. Using presentation compiler with project's scala-library version: 3.3.6[0m
2025.12.06 14:57:53 INFO  no build target found for /home/lucas/projects/advent-of-code-25/src/main/scala/Main.scala. Using presentation compiler with project's scala-library version: 3.3.6[0m
2025.12.06 14:57:54 INFO  no build target found for /home/lucas/projects/advent-of-code-25/src/main/scala/Main.scala. Using presentation compiler with project's scala-library version: 3.3.6[0m
2025.12.06 14:57:54 INFO  no build target found for /home/lucas/projects/advent-of-code-25/src/main/scala/Main.scala. Using presentation compiler with project's scala-library version: 3.3.6[0m
2025.12.06 14:57:54 INFO  no build target found for /home/lucas/projects/advent-of-code-25/src/main/scala/Main.scala. Using presentation compiler with project's scala-library version: 3.3.6[0m
2025.12.06 14:57:55 INFO  no build target found for /home/lucas/projects/advent-of-code-25/src/main/scala/Main.scala. Using presentation compiler with project's scala-library version: 3.3.6[0m
2025.12.06 14:57:54 INFO  no build target found for /home/lucas/projects/advent-of-code-25/src/main/scala/Main.scala. Using presentation compiler with project's scala-library version: 3.3.6[0m
2025.12.06 14:57:54 INFO  no build target found for /home/lucas/projects/advent-of-code-25/src/main/scala/Main.scala. Using presentation compiler with project's scala-library version: 3.3.6[0m
2025.12.06 14:57:55 INFO  no build target found for /home/lucas/projects/advent-of-code-25/src/main/scala/Main.scala. Using presentation compiler with project's scala-library version: 3.3.6[0m
2025.12.06 14:57:55 INFO  no build target found for /home/lucas/projects/advent-of-code-25/src/main/scala/Main.scala. Using presentation compiler with project's scala-library version: 3.3.6[0m
2025.12.06 14:57:56 INFO  no build target found for /home/lucas/projects/advent-of-code-25/src/main/scala/Main.scala. Using presentation compiler with project's scala-library version: 3.3.6[0m
2025.12.06 14:57:56 INFO  no build target found for /home/lucas/projects/advent-of-code-25/src/main/scala/Main.scala. Using presentation compiler with project's scala-library version: 3.3.6[0m
2025.12.06 14:57:56 INFO  no build target found for /home/lucas/projects/advent-of-code-25/src/main/scala/Main.scala. Using presentation compiler with project's scala-library version: 3.3.6[0m
2025.12.06 14:57:56 INFO  no build target found for /home/lucas/projects/advent-of-code-25/src/main/scala/Main.scala. Using presentation compiler with project's scala-library version: 3.3.6[0m
2025.12.06 14:57:57 INFO  no build target found for /home/lucas/projects/advent-of-code-25/src/main/scala/Main.scala. Using presentation compiler with project's scala-library version: 3.3.6[0m
2025.12.06 14:57:59 INFO  no build target found for /home/lucas/projects/advent-of-code-25/src/main/scala/Main.scala. Using presentation compiler with project's scala-library version: 3.3.6[0m
2025.12.06 14:57:59 INFO  no build target found for /home/lucas/projects/advent-of-code-25/src/main/scala/Main.scala. Using presentation compiler with project's scala-library version: 3.3.6[0m
2025.12.06 14:58:00 INFO  no build target found for /home/lucas/projects/advent-of-code-25/src/main/scala/Main.scala. Using presentation compiler with project's scala-library version: 3.3.6[0m
2025.12.06 14:57:59 INFO  no build target found for /home/lucas/projects/advent-of-code-25/src/main/scala/Main.scala. Using presentation compiler with project's scala-library version: 3.3.6[0m
2025.12.06 14:57:59 INFO  no build target found for /home/lucas/projects/advent-of-code-25/src/main/scala/Main.scala. Using presentation compiler with project's scala-library version: 3.3.6[0m
2025.12.06 14:57:59 INFO  no build target found for /home/lucas/projects/advent-of-code-25/src/main/scala/Main.scala. Using presentation compiler with project's scala-library version: 3.3.6[0m
2025.12.06 14:58:00 INFO  no build target found for /home/lucas/projects/advent-of-code-25/src/main/scala/Main.scala. Using presentation compiler with project's scala-library version: 3.3.6[0m
2025.12.06 14:58:00 INFO  no build target found for /home/lucas/projects/advent-of-code-25/src/main/scala/Main.scala. Using presentation compiler with project's scala-library version: 3.3.6[0m
2025.12.06 14:58:00 INFO  no build target found for /home/lucas/projects/advent-of-code-25/src/main/scala/Main.scala. Using presentation compiler with project's scala-library version: 3.3.6[0m
2025.12.06 14:58:00 INFO  no build target found for /home/lucas/projects/advent-of-code-25/src/main/scala/Main.scala. Using presentation compiler with project's scala-library version: 3.3.6[0m
2025.12.06 14:58:00 INFO  no build target found for /home/lucas/projects/advent-of-code-25/src/main/scala/Main.scala. Using presentation compiler with project's scala-library version: 3.3.6[0m
2025.12.06 14:58:00 INFO  no build target found for /home/lucas/projects/advent-of-code-25/src/main/scala/Main.scala. Using presentation compiler with project's scala-library version: 3.3.6[0m
2025.12.06 14:58:00 INFO  no build target found for /home/lucas/projects/advent-of-code-25/src/main/scala/Main.scala. Using presentation compiler with project's scala-library version: 3.3.6[0m
2025.12.06 14:58:01 INFO  no build target found for /home/lucas/projects/advent-of-code-25/src/main/scala/Main.scala. Using presentation compiler with project's scala-library version: 3.3.6[0m
2025.12.06 14:58:01 INFO  no build target found for /home/lucas/projects/advent-of-code-25/src/main/scala/Main.scala. Using presentation compiler with project's scala-library version: 3.3.6[0m
2025.12.06 14:58:02 INFO  no build target found for /home/lucas/projects/advent-of-code-25/src/main/scala/Main.scala. Using presentation compiler with project's scala-library version: 3.3.6[0m
2025.12.06 14:58:02 INFO  no build target found for /home/lucas/projects/advent-of-code-25/src/main/scala/Main.scala. Using presentation compiler with project's scala-library version: 3.3.6[0m
2025.12.06 14:58:03 INFO  no build target found for /home/lucas/projects/advent-of-code-25/src/main/scala/Main.scala. Using presentation compiler with project's scala-library version: 3.3.6[0m
2025.12.06 14:58:03 INFO  no build target found for /home/lucas/projects/advent-of-code-25/src/main/scala/Main.scala. Using presentation compiler with project's scala-library version: 3.3.6[0m
2025.12.06 14:58:03 INFO  no build target found for /home/lucas/projects/advent-of-code-25/src/main/scala/Main.scala. Using presentation compiler with project's scala-library version: 3.3.6[0m
2025.12.06 14:58:04 INFO  no build target found for /home/lucas/projects/advent-of-code-25/src/main/scala/Main.scala. Using presentation compiler with project's scala-library version: 3.3.6[0m
2025.12.06 14:58:04 INFO  no build target found for /home/lucas/projects/advent-of-code-25/src/main/scala/Main.scala. Using presentation compiler with project's scala-library version: 3.3.6[0m
2025.12.06 14:58:04 INFO  no build target found for /home/lucas/projects/advent-of-code-25/src/main/scala/Main.scala. Using presentation compiler with project's scala-library version: 3.3.6[0m
2025.12.06 14:58:04 INFO  no build target found for /home/lucas/projects/advent-of-code-25/src/main/scala/Main.scala. Using presentation compiler with project's scala-library version: 3.3.6[0m
2025.12.06 14:58:05 INFO  no build target found for /home/lucas/projects/advent-of-code-25/src/main/scala/Main.scala. Using presentation compiler with project's scala-library version: 3.3.6[0m
2025.12.06 14:58:04 INFO  no build target found for /home/lucas/projects/advent-of-code-25/src/main/scala/Main.scala. Using presentation compiler with project's scala-library version: 3.3.6[0m
2025.12.06 14:58:04 INFO  no build target found for /home/lucas/projects/advent-of-code-25/src/main/scala/Main.scala. Using presentation compiler with project's scala-library version: 3.3.6[0m
2025.12.06 14:58:05 INFO  no build target found for /home/lucas/projects/advent-of-code-25/src/main/scala/Main.scala. Using presentation compiler with project's scala-library version: 3.3.6[0m
2025.12.06 14:58:07 INFO  no build target found for /home/lucas/projects/advent-of-code-25/src/main/scala/Main.scala. Using presentation compiler with project's scala-library version: 3.3.6[0m
2025.12.06 14:58:07 INFO  no build target found for /home/lucas/projects/advent-of-code-25/src/main/scala/Main.scala. Using presentation compiler with project's scala-library version: 3.3.6[0m
2025.12.06 14:58:07 INFO  no build target found for /home/lucas/projects/advent-of-code-25/src/main/scala/Main.scala. Using presentation compiler with project's scala-library version: 3.3.6[0m
2025.12.06 14:58:07 INFO  no build target found for /home/lucas/projects/advent-of-code-25/src/main/scala/Main.scala. Using presentation compiler with project's scala-library version: 3.3.6[0m
2025.12.06 14:58:07 INFO  no build target found for /home/lucas/projects/advent-of-code-25/src/main/scala/Main.scala. Using presentation compiler with project's scala-library version: 3.3.6[0m
2025.12.06 14:58:07 INFO  no build target found for /home/lucas/projects/advent-of-code-25/src/main/scala/Main.scala. Using presentation compiler with project's scala-library version: 3.3.6[0m
2025.12.06 14:58:08 INFO  no build target found for /home/lucas/projects/advent-of-code-25/src/main/scala/Main.scala. Using presentation compiler with project's scala-library version: 3.3.6[0m
2025.12.06 14:58:08 INFO  no build target found for /home/lucas/projects/advent-of-code-25/src/main/scala/Main.scala. Using presentation compiler with project's scala-library version: 3.3.6[0m
2025.12.06 14:58:08 INFO  no build target found for /home/lucas/projects/advent-of-code-25/src/main/scala/Main.scala. Using presentation compiler with project's scala-library version: 3.3.6[0m
2025.12.06 14:58:08 INFO  no build target found for /home/lucas/projects/advent-of-code-25/src/main/scala/Main.scala. Using presentation compiler with project's scala-library version: 3.3.6[0m
2025.12.06 14:58:08 INFO  no build target found for /home/lucas/projects/advent-of-code-25/src/main/scala/Main.scala. Using presentation compiler with project's scala-library version: 3.3.6[0m
2025.12.06 14:58:09 INFO  no build target found for /home/lucas/projects/advent-of-code-25/src/main/scala/Main.scala. Using presentation compiler with project's scala-library version: 3.3.6[0m
2025.12.06 14:58:09 INFO  no build target found for /home/lucas/projects/advent-of-code-25/src/main/scala/Main.scala. Using presentation compiler with project's scala-library version: 3.3.6[0m
2025.12.06 14:58:09 INFO  no build target found for /home/lucas/projects/advent-of-code-25/src/main/scala/Main.scala. Using presentation compiler with project's scala-library version: 3.3.6[0m
2025.12.06 14:58:11 INFO  no build target found for /home/lucas/projects/advent-of-code-25/src/main/scala/Main.scala. Using presentation compiler with project's scala-library version: 3.3.6[0m
2025.12.06 14:58:11 INFO  no build target found for /home/lucas/projects/advent-of-code-25/src/main/scala/Main.scala. Using presentation compiler with project's scala-library version: 3.3.6[0m
2025.12.06 14:58:11 INFO  no build target found for /home/lucas/projects/advent-of-code-25/src/main/scala/Main.scala. Using presentation compiler with project's scala-library version: 3.3.6[0m
2025.12.06 14:58:11 INFO  no build target found for /home/lucas/projects/advent-of-code-25/src/main/scala/Main.scala. Using presentation compiler with project's scala-library version: 3.3.6[0m
2025.12.06 14:58:12 INFO  no build target found for /home/lucas/projects/advent-of-code-25/src/main/scala/Main.scala. Using presentation compiler with project's scala-library version: 3.3.6[0m
2025.12.06 14:58:12 INFO  no build target found for /home/lucas/projects/advent-of-code-25/src/main/scala/Main.scala. Using presentation compiler with project's scala-library version: 3.3.6[0m
2025.12.06 14:58:13 INFO  no build target found for /home/lucas/projects/advent-of-code-25/src/main/scala/Main.scala. Using presentation compiler with project's scala-library version: 3.3.6[0m
2025.12.06 14:58:14 INFO  no build target found for /home/lucas/projects/advent-of-code-25/src/main/scala/Main.scala. Using presentation compiler with project's scala-library version: 3.3.6[0m
2025.12.06 14:58:13 INFO  no build target found for /home/lucas/projects/advent-of-code-25/src/main/scala/Main.scala. Using presentation compiler with project's scala-library version: 3.3.6[0m
2025.12.06 14:58:14 INFO  no build target found for /home/lucas/projects/advent-of-code-25/src/main/scala/Main.scala. Using presentation compiler with project's scala-library version: 3.3.6[0m
2025.12.06 14:58:13 INFO  no build target found for /home/lucas/projects/advent-of-code-25/src/main/scala/Main.scala. Using presentation compiler with project's scala-library version: 3.3.6[0m
2025.12.06 14:58:14 INFO  no build target found for /home/lucas/projects/advent-of-code-25/src/main/scala/Main.scala. Using presentation compiler with project's scala-library version: 3.3.6[0m
2025.12.06 14:58:14 INFO  no build target found for /home/lucas/projects/advent-of-code-25/src/main/scala/Main.scala. Using presentation compiler with project's scala-library version: 3.3.6[0m
2025.12.06 14:58:14 INFO  no build target found for /home/lucas/projects/advent-of-code-25/src/main/scala/Main.scala. Using presentation compiler with project's scala-library version: 3.3.6[0m
2025.12.06 14:58:16 INFO  no build target found for /home/lucas/projects/advent-of-code-25/src/main/scala/Main.scala. Using presentation compiler with project's scala-library version: 3.3.6[0m
2025.12.06 14:58:16 WARN  no build target for: /home/lucas/projects/advent-of-code-25/src/main/scala/Main.scala[0m
2025.12.06 14:58:16 INFO  no build target found for /home/lucas/projects/advent-of-code-25/src/main/scala/Main.scala. Using presentation compiler with project's scala-library version: 3.3.6[0m
2025.12.06 14:58:20 INFO  no build target found for /home/lucas/projects/advent-of-code-25/src/main/scala/Main.scala. Using presentation compiler with project's scala-library version: 3.3.6[0m
2025.12.06 14:58:20 INFO  no build target found for /home/lucas/projects/advent-of-code-25/src/main/scala/Main.scala. Using presentation compiler with project's scala-library version: 3.3.6[0m
2025.12.06 14:58:20 INFO  no build target found for /home/lucas/projects/advent-of-code-25/src/main/scala/Main.scala. Using presentation compiler with project's scala-library version: 3.3.6[0m
2025.12.06 14:58:21 INFO  no build target found for /home/lucas/projects/advent-of-code-25/src/main/scala/Main.scala. Using presentation compiler with project's scala-library version: 3.3.6[0m
2025.12.06 14:58:21 INFO  no build target found for /home/lucas/projects/advent-of-code-25/src/main/scala/Main.scala. Using presentation compiler with project's scala-library version: 3.3.6[0m
Dec 06, 2025 2:58:22 PM org.eclipse.lsp4j.jsonrpc.RemoteEndpoint handleCancellation
WARNING: Unmatched cancel notification for request id 4130
2025.12.06 14:58:22 INFO  no build target found for /home/lucas/projects/advent-of-code-25/src/main/scala/Main.scala. Using presentation compiler with project's scala-library version: 3.3.6[0m
2025.12.06 14:58:22 INFO  no build target found for /home/lucas/projects/advent-of-code-25/src/main/scala/Main.scala. Using presentation compiler with project's scala-library version: 3.3.6[0m
2025.12.06 14:58:22 INFO  no build target found for /home/lucas/projects/advent-of-code-25/src/main/scala/Main.scala. Using presentation compiler with project's scala-library version: 3.3.6[0m
2025.12.06 14:58:22 INFO  no build target found for /home/lucas/projects/advent-of-code-25/src/main/scala/Main.scala. Using presentation compiler with project's scala-library version: 3.3.6[0m
2025.12.06 14:58:22 INFO  no build target found for /home/lucas/projects/advent-of-code-25/src/main/scala/Main.scala. Using presentation compiler with project's scala-library version: 3.3.6[0m
2025.12.06 14:58:23 INFO  no build target found for /home/lucas/projects/advent-of-code-25/src/main/scala/Main.scala. Using presentation compiler with project's scala-library version: 3.3.6[0m
2025.12.06 14:58:23 INFO  no build target found for /home/lucas/projects/advent-of-code-25/src/main/scala/Main.scala. Using presentation compiler with project's scala-library version: 3.3.6[0m
2025.12.06 14:58:23 INFO  no build target found for /home/lucas/projects/advent-of-code-25/src/main/scala/Main.scala. Using presentation compiler with project's scala-library version: 3.3.6[0m
2025.12.06 14:58:23 INFO  no build target found for /home/lucas/projects/advent-of-code-25/src/main/scala/Main.scala. Using presentation compiler with project's scala-library version: 3.3.6[0m
2025.12.06 14:58:23 INFO  no build target found for /home/lucas/projects/advent-of-code-25/src/main/scala/Main.scala. Using presentation compiler with project's scala-library version: 3.3.6[0m
2025.12.06 14:58:23 INFO  no build target found for /home/lucas/projects/advent-of-code-25/src/main/scala/Main.scala. Using presentation compiler with project's scala-library version: 3.3.6[0m
2025.12.06 14:58:23 INFO  no build target found for /home/lucas/projects/advent-of-code-25/src/main/scala/Main.scala. Using presentation compiler with project's scala-library version: 3.3.6[0m
2025.12.06 14:58:23 INFO  no build target found for /home/lucas/projects/advent-of-code-25/src/main/scala/Main.scala. Using presentation compiler with project's scala-library version: 3.3.6[0m
2025.12.06 14:58:23 INFO  no build target found for /home/lucas/projects/advent-of-code-25/src/main/scala/Main.scala. Using presentation compiler with project's scala-library version: 3.3.6[0m
2025.12.06 14:58:23 INFO  no build target found for /home/lucas/projects/advent-of-code-25/src/main/scala/Main.scala. Using presentation compiler with project's scala-library version: 3.3.6[0m
2025.12.06 14:58:23 WARN  no build target for: /home/lucas/projects/advent-of-code-25/src/main/scala/Main.scala[0m
2025.12.06 14:58:23 INFO  no build target found for /home/lucas/projects/advent-of-code-25/src/main/scala/Main.scala. Using presentation compiler with project's scala-library version: 3.3.6[0m
2025.12.06 14:58:25 INFO  no build target found for /home/lucas/projects/advent-of-code-25/src/main/scala/Main.scala. Using presentation compiler with project's scala-library version: 3.3.6[0m
2025.12.06 14:58:35 INFO  no build target found for /home/lucas/projects/advent-of-code-25/src/main/scala/Main.scala. Using presentation compiler with project's scala-library version: 3.3.6[0m
2025.12.06 14:58:35 INFO  no build target found for /home/lucas/projects/advent-of-code-25/src/main/scala/Main.scala. Using presentation compiler with project's scala-library version: 3.3.6[0m
2025.12.06 14:58:35 INFO  no build target found for /home/lucas/projects/advent-of-code-25/src/main/scala/Main.scala. Using presentation compiler with project's scala-library version: 3.3.6[0m
2025.12.06 14:58:36 INFO  no build target found for /home/lucas/projects/advent-of-code-25/src/main/scala/Main.scala. Using presentation compiler with project's scala-library version: 3.3.6[0m
2025.12.06 14:58:38 INFO  no build target found for /home/lucas/projects/advent-of-code-25/src/main/scala/Main.scala. Using presentation compiler with project's scala-library version: 3.3.6[0m
2025.12.06 14:58:38 INFO  no build target found for /home/lucas/projects/advent-of-code-25/src/main/scala/Main.scala. Using presentation compiler with project's scala-library version: 3.3.6[0m
2025.12.06 14:58:39 INFO  no build target found for /home/lucas/projects/advent-of-code-25/src/main/scala/Main.scala. Using presentation compiler with project's scala-library version: 3.3.6[0m
2025.12.06 14:58:39 INFO  no build target found for /home/lucas/projects/advent-of-code-25/src/main/scala/Main.scala. Using presentation compiler with project's scala-library version: 3.3.6[0m
2025.12.06 14:58:40 INFO  no build target found for /home/lucas/projects/advent-of-code-25/src/main/scala/Main.scala. Using presentation compiler with project's scala-library version: 3.3.6[0m
2025.12.06 14:58:40 INFO  no build target found for /home/lucas/projects/advent-of-code-25/src/main/scala/Main.scala. Using presentation compiler with project's scala-library version: 3.3.6[0m
2025.12.06 14:58:40 INFO  no build target found for /home/lucas/projects/advent-of-code-25/src/main/scala/Main.scala. Using presentation compiler with project's scala-library version: 3.3.6[0m
2025.12.06 14:58:40 INFO  no build target found for /home/lucas/projects/advent-of-code-25/src/main/scala/Main.scala. Using presentation compiler with project's scala-library version: 3.3.6[0m
2025.12.06 14:58:40 INFO  no build target found for /home/lucas/projects/advent-of-code-25/src/main/scala/Main.scala. Using presentation compiler with project's scala-library version: 3.3.6[0m
2025.12.06 14:58:42 INFO  no build target found for /home/lucas/projects/advent-of-code-25/src/main/scala/Main.scala. Using presentation compiler with project's scala-library version: 3.3.6[0m
2025.12.06 14:58:42 INFO  no build target found for /home/lucas/projects/advent-of-code-25/src/main/scala/Main.scala. Using presentation compiler with project's scala-library version: 3.3.6[0m
2025.12.06 14:58:42 INFO  no build target found for /home/lucas/projects/advent-of-code-25/src/main/scala/Main.scala. Using presentation compiler with project's scala-library version: 3.3.6[0m
2025.12.06 14:58:42 INFO  no build target found for /home/lucas/projects/advent-of-code-25/src/main/scala/Main.scala. Using presentation compiler with project's scala-library version: 3.3.6[0m
2025.12.06 14:58:43 INFO  no build target found for /home/lucas/projects/advent-of-code-25/src/main/scala/Main.scala. Using presentation compiler with project's scala-library version: 3.3.6[0m
2025.12.06 14:58:43 INFO  no build target found for /home/lucas/projects/advent-of-code-25/src/main/scala/Main.scala. Using presentation compiler with project's scala-library version: 3.3.6[0m
2025.12.06 14:58:43 INFO  no build target found for /home/lucas/projects/advent-of-code-25/src/main/scala/Main.scala. Using presentation compiler with project's scala-library version: 3.3.6[0m
2025.12.06 14:58:44 INFO  no build target found for /home/lucas/projects/advent-of-code-25/src/main/scala/Main.scala. Using presentation compiler with project's scala-library version: 3.3.6[0m
2025.12.06 14:58:44 INFO  no build target found for /home/lucas/projects/advent-of-code-25/src/main/scala/Main.scala. Using presentation compiler with project's scala-library version: 3.3.6[0m
2025.12.06 14:58:44 INFO  no build target found for /home/lucas/projects/advent-of-code-25/src/main/scala/Main.scala. Using presentation compiler with project's scala-library version: 3.3.6[0m
2025.12.06 14:58:45 INFO  no build target found for /home/lucas/projects/advent-of-code-25/src/main/scala/Main.scala. Using presentation compiler with project's scala-library version: 3.3.6[0m
2025.12.06 14:58:45 INFO  no build target found for /home/lucas/projects/advent-of-code-25/src/main/scala/Main.scala. Using presentation compiler with project's scala-library version: 3.3.6[0m
2025.12.06 14:58:45 INFO  no build target found for /home/lucas/projects/advent-of-code-25/src/main/scala/Main.scala. Using presentation compiler with project's scala-library version: 3.3.6[0m
2025.12.06 14:58:45 INFO  no build target found for /home/lucas/projects/advent-of-code-25/src/main/scala/Main.scala. Using presentation compiler with project's scala-library version: 3.3.6[0m
2025.12.06 14:58:47 INFO  no build target found for /home/lucas/projects/advent-of-code-25/src/main/scala/Main.scala. Using presentation compiler with project's scala-library version: 3.3.6[0m
2025.12.06 14:58:53 INFO  no build target found for /home/lucas/projects/advent-of-code-25/src/main/scala/Main.scala. Using presentation compiler with project's scala-library version: 3.3.6[0m
2025.12.06 14:58:53 INFO  no build target found for /home/lucas/projects/advent-of-code-25/src/main/scala/Main.scala. Using presentation compiler with project's scala-library version: 3.3.6[0m
2025.12.06 14:58:53 INFO  no build target found for /home/lucas/projects/advent-of-code-25/src/main/scala/Main.scala. Using presentation compiler with project's scala-library version: 3.3.6[0m
2025.12.06 14:58:53 INFO  no build target found for /home/lucas/projects/advent-of-code-25/src/main/scala/Main.scala. Using presentation compiler with project's scala-library version: 3.3.6[0m
2025.12.06 14:58:55 INFO  no build target found for /home/lucas/projects/advent-of-code-25/src/main/scala/Main.scala. Using presentation compiler with project's scala-library version: 3.3.6[0m
2025.12.06 14:58:55 INFO  no build target found for /home/lucas/projects/advent-of-code-25/src/main/scala/Main.scala. Using presentation compiler with project's scala-library version: 3.3.6[0m
2025.12.06 14:58:55 INFO  no build target found for /home/lucas/projects/advent-of-code-25/src/main/scala/Main.scala. Using presentation compiler with project's scala-library version: 3.3.6[0m
2025.12.06 14:58:55 INFO  no build target found for /home/lucas/projects/advent-of-code-25/src/main/scala/Main.scala. Using presentation compiler with project's scala-library version: 3.3.6[0m
2025.12.06 14:58:55 INFO  no build target found for /home/lucas/projects/advent-of-code-25/src/main/scala/Main.scala. Using presentation compiler with project's scala-library version: 3.3.6[0m
2025.12.06 14:58:55 INFO  no build target found for /home/lucas/projects/advent-of-code-25/src/main/scala/Main.scala. Using presentation compiler with project's scala-library version: 3.3.6[0m
2025.12.06 14:58:55 INFO  no build target found for /home/lucas/projects/advent-of-code-25/src/main/scala/Main.scala. Using presentation compiler with project's scala-library version: 3.3.6[0m
2025.12.06 14:58:56 INFO  no build target found for /home/lucas/projects/advent-of-code-25/src/main/scala/Main.scala. Using presentation compiler with project's scala-library version: 3.3.6[0m
2025.12.06 14:58:56 INFO  no build target found for /home/lucas/projects/advent-of-code-25/src/main/scala/Main.scala. Using presentation compiler with project's scala-library version: 3.3.6[0m
2025.12.06 14:58:56 INFO  no build target found for /home/lucas/projects/advent-of-code-25/src/main/scala/Main.scala. Using presentation compiler with project's scala-library version: 3.3.6[0m
2025.12.06 14:58:56 INFO  no build target found for /home/lucas/projects/advent-of-code-25/src/main/scala/Main.scala. Using presentation compiler with project's scala-library version: 3.3.6[0m
2025.12.06 14:58:56 INFO  no build target found for /home/lucas/projects/advent-of-code-25/src/main/scala/Main.scala. Using presentation compiler with project's scala-library version: 3.3.6[0m
2025.12.06 14:58:56 INFO  no build target found for /home/lucas/projects/advent-of-code-25/src/main/scala/Main.scala. Using presentation compiler with project's scala-library version: 3.3.6[0m
2025.12.06 14:58:56 INFO  no build target found for /home/lucas/projects/advent-of-code-25/src/main/scala/Main.scala. Using presentation compiler with project's scala-library version: 3.3.6[0m
2025.12.06 14:58:57 INFO  no build target found for /home/lucas/projects/advent-of-code-25/src/main/scala/Main.scala. Using presentation compiler with project's scala-library version: 3.3.6[0m
2025.12.06 14:58:57 INFO  no build target found for /home/lucas/projects/advent-of-code-25/src/main/scala/Main.scala. Using presentation compiler with project's scala-library version: 3.3.6[0m
2025.12.06 14:58:57 INFO  no build target found for /home/lucas/projects/advent-of-code-25/src/main/scala/Main.scala. Using presentation compiler with project's scala-library version: 3.3.6[0m
2025.12.06 14:58:58 INFO  no build target found for /home/lucas/projects/advent-of-code-25/src/main/scala/Main.scala. Using presentation compiler with project's scala-library version: 3.3.6[0m
2025.12.06 14:58:58 INFO  no build target found for /home/lucas/projects/advent-of-code-25/src/main/scala/Main.scala. Using presentation compiler with project's scala-library version: 3.3.6[0m
2025.12.06 14:58:59 INFO  no build target found for /home/lucas/projects/advent-of-code-25/src/main/scala/Main.scala. Using presentation compiler with project's scala-library version: 3.3.6[0m
2025.12.06 14:58:58 INFO  no build target found for /home/lucas/projects/advent-of-code-25/src/main/scala/Main.scala. Using presentation compiler with project's scala-library version: 3.3.6[0m
2025.12.06 14:58:59 INFO  no build target found for /home/lucas/projects/advent-of-code-25/src/main/scala/Main.scala. Using presentation compiler with project's scala-library version: 3.3.6[0m
2025.12.06 14:58:59 INFO  no build target found for /home/lucas/projects/advent-of-code-25/src/main/scala/Main.scala. Using presentation compiler with project's scala-library version: 3.3.6[0m
2025.12.06 14:58:58 INFO  no build target found for /home/lucas/projects/advent-of-code-25/src/main/scala/Main.scala. Using presentation compiler with project's scala-library version: 3.3.6[0m
2025.12.06 14:58:59 INFO  no build target found for /home/lucas/projects/advent-of-code-25/src/main/scala/Main.scala. Using presentation compiler with project's scala-library version: 3.3.6[0m
2025.12.06 14:58:58 INFO  no build target found for /home/lucas/projects/advent-of-code-25/src/main/scala/Main.scala. Using presentation compiler with project's scala-library version: 3.3.6[0m
2025.12.06 14:58:59 INFO  no build target found for /home/lucas/projects/advent-of-code-25/src/main/scala/Main.scala. Using presentation compiler with project's scala-library version: 3.3.6[0m
2025.12.06 14:58:59 INFO  no build target found for /home/lucas/projects/advent-of-code-25/src/main/scala/Main.scala. Using presentation compiler with project's scala-library version: 3.3.6[0m
2025.12.06 14:58:59 INFO  no build target found for /home/lucas/projects/advent-of-code-25/src/main/scala/Main.scala. Using presentation compiler with project's scala-library version: 3.3.6[0m
2025.12.06 14:59:07 INFO  no build target found for /home/lucas/projects/advent-of-code-25/src/main/scala/Main.scala. Using presentation compiler with project's scala-library version: 3.3.6[0m
2025.12.06 14:59:07 INFO  no build target found for /home/lucas/projects/advent-of-code-25/src/main/scala/Main.scala. Using presentation compiler with project's scala-library version: 3.3.6[0m
2025.12.06 14:59:07 INFO  no build target found for /home/lucas/projects/advent-of-code-25/src/main/scala/Main.scala. Using presentation compiler with project's scala-library version: 3.3.6[0m
2025.12.06 14:59:09 INFO  no build target found for /home/lucas/projects/advent-of-code-25/src/main/scala/Main.scala. Using presentation compiler with project's scala-library version: 3.3.6[0m
2025.12.06 14:59:09 INFO  no build target found for /home/lucas/projects/advent-of-code-25/src/main/scala/Main.scala. Using presentation compiler with project's scala-library version: 3.3.6[0m
2025.12.06 14:59:09 WARN  no build target for: /home/lucas/projects/advent-of-code-25/src/main/scala/Main.scala[0m
2025.12.06 14:59:10 INFO  no build target found for /home/lucas/projects/advent-of-code-25/src/main/scala/Main.scala. Using presentation compiler with project's scala-library version: 3.3.6[0m
2025.12.06 14:59:10 INFO  no build target found for /home/lucas/projects/advent-of-code-25/src/main/scala/Main.scala. Using presentation compiler with project's scala-library version: 3.3.6[0m
2025.12.06 14:59:10 INFO  no build target found for /home/lucas/projects/advent-of-code-25/src/main/scala/Main.scala. Using presentation compiler with project's scala-library version: 3.3.6[0m
2025.12.06 14:59:14 INFO  no build target found for /home/lucas/projects/advent-of-code-25/src/main/scala/Main.scala. Using presentation compiler with project's scala-library version: 3.3.6[0m
2025.12.06 14:59:14 INFO  no build target found for /home/lucas/projects/advent-of-code-25/src/main/scala/Main.scala. Using presentation compiler with project's scala-library version: 3.3.6[0m
2025.12.06 14:59:14 INFO  no build target found for /home/lucas/projects/advent-of-code-25/src/main/scala/Main.scala. Using presentation compiler with project's scala-library version: 3.3.6[0m
2025.12.06 14:59:14 INFO  no build target found for /home/lucas/projects/advent-of-code-25/src/main/scala/Main.scala. Using presentation compiler with project's scala-library version: 3.3.6[0m
2025.12.06 14:59:14 INFO  no build target found for /home/lucas/projects/advent-of-code-25/src/main/scala/Main.scala. Using presentation compiler with project's scala-library version: 3.3.6[0m
2025.12.06 14:59:15 INFO  no build target found for /home/lucas/projects/advent-of-code-25/src/main/scala/Main.scala. Using presentation compiler with project's scala-library version: 3.3.6[0m
2025.12.06 14:59:14 INFO  no build target found for /home/lucas/projects/advent-of-code-25/src/main/scala/Main.scala. Using presentation compiler with project's scala-library version: 3.3.6[0m
2025.12.06 14:59:14 INFO  no build target found for /home/lucas/projects/advent-of-code-25/src/main/scala/Main.scala. Using presentation compiler with project's scala-library version: 3.3.6[0m
2025.12.06 14:59:14 INFO  no build target found for /home/lucas/projects/advent-of-code-25/src/main/scala/Main.scala. Using presentation compiler with project's scala-library version: 3.3.6[0m
2025.12.06 14:59:14 INFO  no build target found for /home/lucas/projects/advent-of-code-25/src/main/scala/Main.scala. Using presentation compiler with project's scala-library version: 3.3.6[0m
2025.12.06 14:59:15 INFO  no build target found for /home/lucas/projects/advent-of-code-25/src/main/scala/Main.scala. Using presentation compiler with project's scala-library version: 3.3.6[0m
2025.12.06 14:59:15 INFO  no build target found for /home/lucas/projects/advent-of-code-25/src/main/scala/Main.scala. Using presentation compiler with project's scala-library version: 3.3.6[0m
2025.12.06 14:59:16 INFO  no build target found for /home/lucas/projects/advent-of-code-25/src/main/scala/Main.scala. Using presentation compiler with project's scala-library version: 3.3.6[0m
2025.12.06 14:59:16 INFO  no build target found for /home/lucas/projects/advent-of-code-25/src/main/scala/Main.scala. Using presentation compiler with project's scala-library version: 3.3.6[0m
2025.12.06 14:59:16 INFO  no build target found for /home/lucas/projects/advent-of-code-25/src/main/scala/Main.scala. Using presentation compiler with project's scala-library version: 3.3.6[0m
2025.12.06 14:59:16 INFO  no build target found for /home/lucas/projects/advent-of-code-25/src/main/scala/Main.scala. Using presentation compiler with project's scala-library version: 3.3.6[0m
2025.12.06 14:59:16 WARN  no build target for: /home/lucas/projects/advent-of-code-25/src/main/scala/Main.scala[0m
2025.12.06 14:59:16 INFO  no build target found for /home/lucas/projects/advent-of-code-25/src/main/scala/Main.scala. Using presentation compiler with project's scala-library version: 3.3.6[0m
2025.12.06 14:59:34 INFO  no build target found for /home/lucas/projects/advent-of-code-25/src/main/scala/Main.scala. Using presentation compiler with project's scala-library version: 3.3.6[0m
2025.12.06 14:59:34 INFO  no build target found for /home/lucas/projects/advent-of-code-25/src/main/scala/Main.scala. Using presentation compiler with project's scala-library version: 3.3.6[0m
2025.12.06 14:59:34 INFO  no build target found for /home/lucas/projects/advent-of-code-25/src/main/scala/Main.scala. Using presentation compiler with project's scala-library version: 3.3.6[0m
2025.12.06 14:59:34 INFO  no build target found for /home/lucas/projects/advent-of-code-25/src/main/scala/Main.scala. Using presentation compiler with project's scala-library version: 3.3.6[0m
2025.12.06 14:59:34 INFO  no build target found for /home/lucas/projects/advent-of-code-25/src/main/scala/Main.scala. Using presentation compiler with project's scala-library version: 3.3.6[0m
2025.12.06 14:59:35 INFO  no build target found for /home/lucas/projects/advent-of-code-25/src/main/scala/Main.scala. Using presentation compiler with project's scala-library version: 3.3.6[0m
2025.12.06 14:59:35 INFO  no build target found for /home/lucas/projects/advent-of-code-25/src/main/scala/Main.scala. Using presentation compiler with project's scala-library version: 3.3.6[0m
2025.12.06 14:59:35 INFO  no build target found for /home/lucas/projects/advent-of-code-25/src/main/scala/Main.scala. Using presentation compiler with project's scala-library version: 3.3.6[0m
2025.12.06 14:59:35 INFO  no build target found for /home/lucas/projects/advent-of-code-25/src/main/scala/Main.scala. Using presentation compiler with project's scala-library version: 3.3.6[0m
2025.12.06 14:59:35 INFO  no build target found for /home/lucas/projects/advent-of-code-25/src/main/scala/Main.scala. Using presentation compiler with project's scala-library version: 3.3.6[0m
2025.12.06 14:59:35 INFO  no build target found for /home/lucas/projects/advent-of-code-25/src/main/scala/Main.scala. Using presentation compiler with project's scala-library version: 3.3.6[0m
2025.12.06 14:59:35 INFO  no build target found for /home/lucas/projects/advent-of-code-25/src/main/scala/Main.scala. Using presentation compiler with project's scala-library version: 3.3.6[0m
2025.12.06 14:59:35 INFO  no build target found for /home/lucas/projects/advent-of-code-25/src/main/scala/Main.scala. Using presentation compiler with project's scala-library version: 3.3.6[0m
2025.12.06 14:59:36 INFO  no build target found for /home/lucas/projects/advent-of-code-25/src/main/scala/Main.scala. Using presentation compiler with project's scala-library version: 3.3.6[0m
2025.12.06 14:59:36 INFO  no build target found for /home/lucas/projects/advent-of-code-25/src/main/scala/Main.scala. Using presentation compiler with project's scala-library version: 3.3.6[0m
2025.12.06 14:59:36 INFO  no build target found for /home/lucas/projects/advent-of-code-25/src/main/scala/Main.scala. Using presentation compiler with project's scala-library version: 3.3.6[0m
2025.12.06 14:59:37 INFO  no build target found for /home/lucas/projects/advent-of-code-25/src/main/scala/Main.scala. Using presentation compiler with project's scala-library version: 3.3.6[0m
2025.12.06 14:59:37 INFO  no build target found for /home/lucas/projects/advent-of-code-25/src/main/scala/Main.scala. Using presentation compiler with project's scala-library version: 3.3.6[0m
2025.12.06 14:59:37 INFO  no build target found for /home/lucas/projects/advent-of-code-25/src/main/scala/Main.scala. Using presentation compiler with project's scala-library version: 3.3.6[0m
2025.12.06 14:59:38 INFO  no build target found for /home/lucas/projects/advent-of-code-25/src/main/scala/Main.scala. Using presentation compiler with project's scala-library version: 3.3.6[0m
2025.12.06 14:59:37 INFO  no build target found for /home/lucas/projects/advent-of-code-25/src/main/scala/Main.scala. Using presentation compiler with project's scala-library version: 3.3.6[0m
2025.12.06 14:59:38 INFO  no build target found for /home/lucas/projects/advent-of-code-25/src/main/scala/Main.scala. Using presentation compiler with project's scala-library version: 3.3.6[0m
2025.12.06 14:59:38 WARN  no build target for: /home/lucas/projects/advent-of-code-25/src/main/scala/Main.scala[0m
2025.12.06 14:59:38 INFO  no build target found for /home/lucas/projects/advent-of-code-25/src/main/scala/Main.scala. Using presentation compiler with project's scala-library version: 3.3.6[0m
2025.12.06 14:59:58 INFO  no build target found for /home/lucas/projects/advent-of-code-25/src/main/scala/Main.scala. Using presentation compiler with project's scala-library version: 3.3.6[0m
2025.12.06 14:59:58 INFO  no build target found for /home/lucas/projects/advent-of-code-25/src/main/scala/Main.scala. Using presentation compiler with project's scala-library version: 3.3.6[0m
2025.12.06 14:59:59 INFO  no build target found for /home/lucas/projects/advent-of-code-25/src/main/scala/Main.scala. Using presentation compiler with project's scala-library version: 3.3.6[0m
2025.12.06 14:59:59 INFO  no build target found for /home/lucas/projects/advent-of-code-25/src/main/scala/Main.scala. Using presentation compiler with project's scala-library version: 3.3.6[0m
2025.12.06 14:59:59 INFO  no build target found for /home/lucas/projects/advent-of-code-25/src/main/scala/Main.scala. Using presentation compiler with project's scala-library version: 3.3.6[0m
2025.12.06 15:00:01 INFO  no build target found for /home/lucas/projects/advent-of-code-25/src/main/scala/Main.scala. Using presentation compiler with project's scala-library version: 3.3.6[0m
2025.12.06 15:00:04 INFO  no build target found for /home/lucas/projects/advent-of-code-25/src/main/scala/Main.scala. Using presentation compiler with project's scala-library version: 3.3.6[0m
2025.12.06 15:00:04 INFO  no build target found for /home/lucas/projects/advent-of-code-25/src/main/scala/Main.scala. Using presentation compiler with project's scala-library version: 3.3.6[0m
2025.12.06 15:00:04 INFO  no build target found for /home/lucas/projects/advent-of-code-25/src/main/scala/Main.scala. Using presentation compiler with project's scala-library version: 3.3.6[0m
2025.12.06 15:00:04 INFO  no build target found for /home/lucas/projects/advent-of-code-25/src/main/scala/Main.scala. Using presentation compiler with project's scala-library version: 3.3.6[0m
2025.12.06 15:00:04 INFO  no build target found for /home/lucas/projects/advent-of-code-25/src/main/scala/Main.scala. Using presentation compiler with project's scala-library version: 3.3.6[0m
2025.12.06 15:00:05 INFO  no build target found for /home/lucas/projects/advent-of-code-25/src/main/scala/Main.scala. Using presentation compiler with project's scala-library version: 3.3.6[0m
2025.12.06 15:00:05 INFO  no build target found for /home/lucas/projects/advent-of-code-25/src/main/scala/Main.scala. Using presentation compiler with project's scala-library version: 3.3.6[0m
2025.12.06 15:00:05 INFO  no build target found for /home/lucas/projects/advent-of-code-25/src/main/scala/Main.scala. Using presentation compiler with project's scala-library version: 3.3.6[0m
2025.12.06 15:00:05 INFO  no build target found for /home/lucas/projects/advent-of-code-25/src/main/scala/Main.scala. Using presentation compiler with project's scala-library version: 3.3.6[0m
2025.12.06 15:00:05 INFO  no build target found for /home/lucas/projects/advent-of-code-25/src/main/scala/Main.scala. Using presentation compiler with project's scala-library version: 3.3.6[0m
2025.12.06 15:00:05 INFO  no build target found for /home/lucas/projects/advent-of-code-25/src/main/scala/Main.scala. Using presentation compiler with project's scala-library version: 3.3.6[0m
2025.12.06 15:00:05 INFO  no build target found for /home/lucas/projects/advent-of-code-25/src/main/scala/Main.scala. Using presentation compiler with project's scala-library version: 3.3.6[0m
2025.12.06 15:00:05 INFO  no build target found for /home/lucas/projects/advent-of-code-25/src/main/scala/Main.scala. Using presentation compiler with project's scala-library version: 3.3.6[0m
2025.12.06 15:00:05 INFO  no build target found for /home/lucas/projects/advent-of-code-25/src/main/scala/Main.scala. Using presentation compiler with project's scala-library version: 3.3.6[0m
2025.12.06 15:00:06 INFO  no build target found for /home/lucas/projects/advent-of-code-25/src/main/scala/Main.scala. Using presentation compiler with project's scala-library version: 3.3.6[0m
2025.12.06 15:00:06 INFO  no build target found for /home/lucas/projects/advent-of-code-25/src/main/scala/Main.scala. Using presentation compiler with project's scala-library version: 3.3.6[0m
2025.12.06 15:00:08 INFO  no build target found for /home/lucas/projects/advent-of-code-25/src/main/scala/Main.scala. Using presentation compiler with project's scala-library version: 3.3.6[0m
2025.12.06 15:00:08 INFO  no build target found for /home/lucas/projects/advent-of-code-25/src/main/scala/Main.scala. Using presentation compiler with project's scala-library version: 3.3.6[0m
2025.12.06 15:00:08 INFO  no build target found for /home/lucas/projects/advent-of-code-25/src/main/scala/Main.scala. Using presentation compiler with project's scala-library version: 3.3.6[0m
2025.12.06 15:00:08 INFO  no build target found for /home/lucas/projects/advent-of-code-25/src/main/scala/Main.scala. Using presentation compiler with project's scala-library version: 3.3.6[0m
2025.12.06 15:00:08 INFO  no build target found for /home/lucas/projects/advent-of-code-25/src/main/scala/Main.scala. Using presentation compiler with project's scala-library version: 3.3.6[0m
2025.12.06 15:00:09 INFO  no build target found for /home/lucas/projects/advent-of-code-25/src/main/scala/Main.scala. Using presentation compiler with project's scala-library version: 3.3.6[0m
2025.12.06 15:00:09 INFO  no build target found for /home/lucas/projects/advent-of-code-25/src/main/scala/Main.scala. Using presentation compiler with project's scala-library version: 3.3.6[0m
2025.12.06 15:00:09 INFO  no build target found for /home/lucas/projects/advent-of-code-25/src/main/scala/Main.scala. Using presentation compiler with project's scala-library version: 3.3.6[0m
2025.12.06 15:00:09 INFO  no build target found for /home/lucas/projects/advent-of-code-25/src/main/scala/Main.scala. Using presentation compiler with project's scala-library version: 3.3.6[0m
2025.12.06 15:00:09 INFO  no build target found for /home/lucas/projects/advent-of-code-25/src/main/scala/Main.scala. Using presentation compiler with project's scala-library version: 3.3.6[0m
2025.12.06 15:00:10 INFO  no build target found for /home/lucas/projects/advent-of-code-25/src/main/scala/Main.scala. Using presentation compiler with project's scala-library version: 3.3.6[0m
2025.12.06 15:00:10 INFO  no build target found for /home/lucas/projects/advent-of-code-25/src/main/scala/Main.scala. Using presentation compiler with project's scala-library version: 3.3.6[0m
2025.12.06 15:00:10 INFO  no build target found for /home/lucas/projects/advent-of-code-25/src/main/scala/Main.scala. Using presentation compiler with project's scala-library version: 3.3.6[0m
2025.12.06 15:00:12 INFO  no build target found for /home/lucas/projects/advent-of-code-25/src/main/scala/Main.scala. Using presentation compiler with project's scala-library version: 3.3.6[0m
2025.12.06 15:00:12 INFO  no build target found for /home/lucas/projects/advent-of-code-25/src/main/scala/Main.scala. Using presentation compiler with project's scala-library version: 3.3.6[0m
2025.12.06 15:00:14 INFO  no build target found for /home/lucas/projects/advent-of-code-25/src/main/scala/Main.scala. Using presentation compiler with project's scala-library version: 3.3.6[0m
2025.12.06 15:00:14 INFO  no build target found for /home/lucas/projects/advent-of-code-25/src/main/scala/Main.scala. Using presentation compiler with project's scala-library version: 3.3.6[0m
2025.12.06 15:00:14 INFO  no build target found for /home/lucas/projects/advent-of-code-25/src/main/scala/Main.scala. Using presentation compiler with project's scala-library version: 3.3.6[0m
2025.12.06 15:00:15 INFO  no build target found for /home/lucas/projects/advent-of-code-25/src/main/scala/Main.scala. Using presentation compiler with project's scala-library version: 3.3.6[0m
2025.12.06 15:00:15 INFO  no build target found for /home/lucas/projects/advent-of-code-25/src/main/scala/Main.scala. Using presentation compiler with project's scala-library version: 3.3.6[0m
2025.12.06 15:00:15 INFO  no build target found for /home/lucas/projects/advent-of-code-25/src/main/scala/Main.scala. Using presentation compiler with project's scala-library version: 3.3.6[0m
2025.12.06 15:00:15 INFO  no build target found for /home/lucas/projects/advent-of-code-25/src/main/scala/Main.scala. Using presentation compiler with project's scala-library version: 3.3.6[0m
2025.12.06 15:00:15 INFO  no build target found for /home/lucas/projects/advent-of-code-25/src/main/scala/Main.scala. Using presentation compiler with project's scala-library version: 3.3.6[0m
2025.12.06 15:00:15 INFO  no build target found for /home/lucas/projects/advent-of-code-25/src/main/scala/Main.scala. Using presentation compiler with project's scala-library version: 3.3.6[0m
2025.12.06 15:00:15 INFO  no build target found for /home/lucas/projects/advent-of-code-25/src/main/scala/Main.scala. Using presentation compiler with project's scala-library version: 3.3.6[0m
2025.12.06 15:00:15 INFO  no build target found for /home/lucas/projects/advent-of-code-25/src/main/scala/Main.scala. Using presentation compiler with project's scala-library version: 3.3.6[0m
2025.12.06 15:00:15 INFO  no build target found for /home/lucas/projects/advent-of-code-25/src/main/scala/Main.scala. Using presentation compiler with project's scala-library version: 3.3.6[0m
2025.12.06 15:00:15 INFO  no build target found for /home/lucas/projects/advent-of-code-25/src/main/scala/Main.scala. Using presentation compiler with project's scala-library version: 3.3.6[0m
2025.12.06 15:00:16 INFO  no build target found for /home/lucas/projects/advent-of-code-25/src/main/scala/Main.scala. Using presentation compiler with project's scala-library version: 3.3.6[0m
2025.12.06 15:00:16 INFO  no build target found for /home/lucas/projects/advent-of-code-25/src/main/scala/Main.scala. Using presentation compiler with project's scala-library version: 3.3.6[0m
2025.12.06 15:00:16 INFO  no build target found for /home/lucas/projects/advent-of-code-25/src/main/scala/Main.scala. Using presentation compiler with project's scala-library version: 3.3.6[0m
2025.12.06 15:00:16 INFO  no build target found for /home/lucas/projects/advent-of-code-25/src/main/scala/Main.scala. Using presentation compiler with project's scala-library version: 3.3.6[0m
2025.12.06 15:00:17 INFO  no build target found for /home/lucas/projects/advent-of-code-25/src/main/scala/Main.scala. Using presentation compiler with project's scala-library version: 3.3.6[0m
2025.12.06 15:00:17 INFO  no build target found for /home/lucas/projects/advent-of-code-25/src/main/scala/Main.scala. Using presentation compiler with project's scala-library version: 3.3.6[0m
2025.12.06 15:00:17 INFO  no build target found for /home/lucas/projects/advent-of-code-25/src/main/scala/Main.scala. Using presentation compiler with project's scala-library version: 3.3.6[0m
2025.12.06 15:00:17 INFO  no build target found for /home/lucas/projects/advent-of-code-25/src/main/scala/Main.scala. Using presentation compiler with project's scala-library version: 3.3.6[0m
2025.12.06 15:00:18 INFO  no build target found for /home/lucas/projects/advent-of-code-25/src/main/scala/Main.scala. Using presentation compiler with project's scala-library version: 3.3.6[0m
2025.12.06 15:00:19 INFO  no build target found for /home/lucas/projects/advent-of-code-25/src/main/scala/Main.scala. Using presentation compiler with project's scala-library version: 3.3.6[0m
2025.12.06 15:00:19 INFO  no build target found for /home/lucas/projects/advent-of-code-25/src/main/scala/Main.scala. Using presentation compiler with project's scala-library version: 3.3.6[0m
2025.12.06 15:00:19 INFO  no build target found for /home/lucas/projects/advent-of-code-25/src/main/scala/Main.scala. Using presentation compiler with project's scala-library version: 3.3.6[0m
2025.12.06 15:00:19 INFO  no build target found for /home/lucas/projects/advent-of-code-25/src/main/scala/Main.scala. Using presentation compiler with project's scala-library version: 3.3.6[0m
2025.12.06 15:00:19 INFO  no build target found for /home/lucas/projects/advent-of-code-25/src/main/scala/Main.scala. Using presentation compiler with project's scala-library version: 3.3.6[0m
2025.12.06 15:00:20 INFO  no build target found for /home/lucas/projects/advent-of-code-25/src/main/scala/Main.scala. Using presentation compiler with project's scala-library version: 3.3.6[0m
2025.12.06 15:00:20 INFO  no build target found for /home/lucas/projects/advent-of-code-25/src/main/scala/Main.scala. Using presentation compiler with project's scala-library version: 3.3.6[0m
Dec 06, 2025 3:00:21 PM org.eclipse.lsp4j.jsonrpc.RemoteEndpoint handleCancellation
WARNING: Unmatched cancel notification for request id 4409
2025.12.06 15:00:20 INFO  no build target found for /home/lucas/projects/advent-of-code-25/src/main/scala/Main.scala. Using presentation compiler with project's scala-library version: 3.3.6[0m
2025.12.06 15:00:21 INFO  no build target found for /home/lucas/projects/advent-of-code-25/src/main/scala/Main.scala. Using presentation compiler with project's scala-library version: 3.3.6[0m
2025.12.06 15:00:21 INFO  no build target found for /home/lucas/projects/advent-of-code-25/src/main/scala/Main.scala. Using presentation compiler with project's scala-library version: 3.3.6[0m
2025.12.06 15:00:21 INFO  no build target found for /home/lucas/projects/advent-of-code-25/src/main/scala/Main.scala. Using presentation compiler with project's scala-library version: 3.3.6[0m
2025.12.06 15:00:23 INFO  no build target found for /home/lucas/projects/advent-of-code-25/src/main/scala/Main.scala. Using presentation compiler with project's scala-library version: 3.3.6[0m
2025.12.06 15:00:23 INFO  no build target found for /home/lucas/projects/advent-of-code-25/src/main/scala/Main.scala. Using presentation compiler with project's scala-library version: 3.3.6[0m
2025.12.06 15:00:23 INFO  no build target found for /home/lucas/projects/advent-of-code-25/src/main/scala/Main.scala. Using presentation compiler with project's scala-library version: 3.3.6[0m
2025.12.06 15:00:23 WARN  no build target for: /home/lucas/projects/advent-of-code-25/src/main/scala/Main.scala[0m
2025.12.06 15:00:23 INFO  no build target found for /home/lucas/projects/advent-of-code-25/src/main/scala/Main.scala. Using presentation compiler with project's scala-library version: 3.3.6[0m
2025.12.06 15:00:24 INFO  no build target found for /home/lucas/projects/advent-of-code-25/src/main/scala/Main.scala. Using presentation compiler with project's scala-library version: 3.3.6[0m
2025.12.06 15:00:24 INFO  no build target found for /home/lucas/projects/advent-of-code-25/src/main/scala/Main.scala. Using presentation compiler with project's scala-library version: 3.3.6[0m
2025.12.06 15:00:24 INFO  no build target found for /home/lucas/projects/advent-of-code-25/src/main/scala/Main.scala. Using presentation compiler with project's scala-library version: 3.3.6[0m
2025.12.06 15:00:25 INFO  no build target found for /home/lucas/projects/advent-of-code-25/src/main/scala/Main.scala. Using presentation compiler with project's scala-library version: 3.3.6[0m
2025.12.06 15:00:25 INFO  no build target found for /home/lucas/projects/advent-of-code-25/src/main/scala/Main.scala. Using presentation compiler with project's scala-library version: 3.3.6[0m
2025.12.06 15:00:25 INFO  no build target found for /home/lucas/projects/advent-of-code-25/src/main/scala/Main.scala. Using presentation compiler with project's scala-library version: 3.3.6[0m
2025.12.06 15:00:25 INFO  no build target found for /home/lucas/projects/advent-of-code-25/src/main/scala/Main.scala. Using presentation compiler with project's scala-library version: 3.3.6[0m
2025.12.06 15:00:25 INFO  no build target found for /home/lucas/projects/advent-of-code-25/src/main/scala/Main.scala. Using presentation compiler with project's scala-library version: 3.3.6[0m
2025.12.06 15:00:27 INFO  no build target found for /home/lucas/projects/advent-of-code-25/src/main/scala/Main.scala. Using presentation compiler with project's scala-library version: 3.3.6[0m
2025.12.06 15:00:27 INFO  no build target found for /home/lucas/projects/advent-of-code-25/src/main/scala/Main.scala. Using presentation compiler with project's scala-library version: 3.3.6[0m
2025.12.06 15:00:27 INFO  no build target found for /home/lucas/projects/advent-of-code-25/src/main/scala/Main.scala. Using presentation compiler with project's scala-library version: 3.3.6[0m
2025.12.06 15:00:28 INFO  no build target found for /home/lucas/projects/advent-of-code-25/src/main/scala/Main.scala. Using presentation compiler with project's scala-library version: 3.3.6[0m
2025.12.06 15:00:28 INFO  no build target found for /home/lucas/projects/advent-of-code-25/src/main/scala/Main.scala. Using presentation compiler with project's scala-library version: 3.3.6[0m
2025.12.06 15:00:28 INFO  no build target found for /home/lucas/projects/advent-of-code-25/src/main/scala/Main.scala. Using presentation compiler with project's scala-library version: 3.3.6[0m
2025.12.06 15:00:29 INFO  no build target found for /home/lucas/projects/advent-of-code-25/src/main/scala/Main.scala. Using presentation compiler with project's scala-library version: 3.3.6[0m
2025.12.06 15:00:29 INFO  no build target found for /home/lucas/projects/advent-of-code-25/src/main/scala/Main.scala. Using presentation compiler with project's scala-library version: 3.3.6[0m
2025.12.06 15:00:30 INFO  no build target found for /home/lucas/projects/advent-of-code-25/src/main/scala/Main.scala. Using presentation compiler with project's scala-library version: 3.3.6[0m
2025.12.06 15:00:30 INFO  no build target found for /home/lucas/projects/advent-of-code-25/src/main/scala/Main.scala. Using presentation compiler with project's scala-library version: 3.3.6[0m
2025.12.06 15:00:31 INFO  no build target found for /home/lucas/projects/advent-of-code-25/src/main/scala/Main.scala. Using presentation compiler with project's scala-library version: 3.3.6[0m
2025.12.06 15:00:31 INFO  no build target found for /home/lucas/projects/advent-of-code-25/src/main/scala/Main.scala. Using presentation compiler with project's scala-library version: 3.3.6[0m
2025.12.06 15:00:31 INFO  no build target found for /home/lucas/projects/advent-of-code-25/src/main/scala/Main.scala. Using presentation compiler with project's scala-library version: 3.3.6[0m
2025.12.06 15:00:31 INFO  no build target found for /home/lucas/projects/advent-of-code-25/src/main/scala/Main.scala. Using presentation compiler with project's scala-library version: 3.3.6[0m
2025.12.06 15:00:32 INFO  no build target found for /home/lucas/projects/advent-of-code-25/src/main/scala/Main.scala. Using presentation compiler with project's scala-library version: 3.3.6[0m
2025.12.06 15:00:31 INFO  no build target found for /home/lucas/projects/advent-of-code-25/src/main/scala/Main.scala. Using presentation compiler with project's scala-library version: 3.3.6[0m
2025.12.06 15:00:32 INFO  no build target found for /home/lucas/projects/advent-of-code-25/src/main/scala/Main.scala. Using presentation compiler with project's scala-library version: 3.3.6[0m
2025.12.06 15:00:31 INFO  no build target found for /home/lucas/projects/advent-of-code-25/src/main/scala/Main.scala. Using presentation compiler with project's scala-library version: 3.3.6[0m
Dec 06, 2025 3:00:32 PM org.eclipse.lsp4j.jsonrpc.RemoteEndpoint handleCancellation
WARNING: Unmatched cancel notification for request id 4449
2025.12.06 15:00:31 INFO  no build target found for /home/lucas/projects/advent-of-code-25/src/main/scala/Main.scala. Using presentation compiler with project's scala-library version: 3.3.6[0m
2025.12.06 15:00:31 INFO  no build target found for /home/lucas/projects/advent-of-code-25/src/main/scala/Main.scala. Using presentation compiler with project's scala-library version: 3.3.6[0m
2025.12.06 15:00:32 INFO  no build target found for /home/lucas/projects/advent-of-code-25/src/main/scala/Main.scala. Using presentation compiler with project's scala-library version: 3.3.6[0m
2025.12.06 15:00:31 INFO  no build target found for /home/lucas/projects/advent-of-code-25/src/main/scala/Main.scala. Using presentation compiler with project's scala-library version: 3.3.6[0m
2025.12.06 15:00:32 INFO  no build target found for /home/lucas/projects/advent-of-code-25/src/main/scala/Main.scala. Using presentation compiler with project's scala-library version: 3.3.6[0m
2025.12.06 15:00:32 WARN  no build target for: /home/lucas/projects/advent-of-code-25/src/main/scala/Main.scala[0m
2025.12.06 15:00:32 INFO  no build target found for /home/lucas/projects/advent-of-code-25/src/main/scala/Main.scala. Using presentation compiler with project's scala-library version: 3.3.6[0m
2025.12.06 15:00:34 INFO  no build target found for /home/lucas/projects/advent-of-code-25/src/main/scala/Main.scala. Using presentation compiler with project's scala-library version: 3.3.6[0m
2025.12.06 15:00:34 INFO  no build target found for /home/lucas/projects/advent-of-code-25/src/main/scala/Main.scala. Using presentation compiler with project's scala-library version: 3.3.6[0m
2025.12.06 15:00:34 INFO  no build target found for /home/lucas/projects/advent-of-code-25/src/main/scala/Main.scala. Using presentation compiler with project's scala-library version: 3.3.6[0m
2025.12.06 15:00:34 INFO  no build target found for /home/lucas/projects/advent-of-code-25/src/main/scala/Main.scala. Using presentation compiler with project's scala-library version: 3.3.6[0m
2025.12.06 15:00:34 INFO  no build target found for /home/lucas/projects/advent-of-code-25/src/main/scala/Main.scala. Using presentation compiler with project's scala-library version: 3.3.6[0m
2025.12.06 15:00:35 INFO  no build target found for /home/lucas/projects/advent-of-code-25/src/main/scala/Main.scala. Using presentation compiler with project's scala-library version: 3.3.6[0m
2025.12.06 15:00:35 INFO  no build target found for /home/lucas/projects/advent-of-code-25/src/main/scala/Main.scala. Using presentation compiler with project's scala-library version: 3.3.6[0m
2025.12.06 15:00:36 INFO  no build target found for /home/lucas/projects/advent-of-code-25/src/main/scala/Main.scala. Using presentation compiler with project's scala-library version: 3.3.6[0m
2025.12.06 15:00:36 INFO  no build target found for /home/lucas/projects/advent-of-code-25/src/main/scala/Main.scala. Using presentation compiler with project's scala-library version: 3.3.6[0m
2025.12.06 15:00:37 INFO  no build target found for /home/lucas/projects/advent-of-code-25/src/main/scala/Main.scala. Using presentation compiler with project's scala-library version: 3.3.6[0m
2025.12.06 15:00:37 INFO  no build target found for /home/lucas/projects/advent-of-code-25/src/main/scala/Main.scala. Using presentation compiler with project's scala-library version: 3.3.6[0m
2025.12.06 15:00:37 INFO  no build target found for /home/lucas/projects/advent-of-code-25/src/main/scala/Main.scala. Using presentation compiler with project's scala-library version: 3.3.6[0m
2025.12.06 15:00:37 INFO  no build target found for /home/lucas/projects/advent-of-code-25/src/main/scala/Main.scala. Using presentation compiler with project's scala-library version: 3.3.6[0m
2025.12.06 15:00:37 INFO  no build target found for /home/lucas/projects/advent-of-code-25/src/main/scala/Main.scala. Using presentation compiler with project's scala-library version: 3.3.6[0m
2025.12.06 15:00:37 INFO  no build target found for /home/lucas/projects/advent-of-code-25/src/main/scala/Main.scala. Using presentation compiler with project's scala-library version: 3.3.6[0m
2025.12.06 15:00:38 INFO  no build target found for /home/lucas/projects/advent-of-code-25/src/main/scala/Main.scala. Using presentation compiler with project's scala-library version: 3.3.6[0m
2025.12.06 15:00:38 INFO  no build target found for /home/lucas/projects/advent-of-code-25/src/main/scala/Main.scala. Using presentation compiler with project's scala-library version: 3.3.6[0m
2025.12.06 15:00:38 INFO  no build target found for /home/lucas/projects/advent-of-code-25/src/main/scala/Main.scala. Using presentation compiler with project's scala-library version: 3.3.6[0m
2025.12.06 15:00:41 INFO  no build target found for /home/lucas/projects/advent-of-code-25/src/main/scala/Main.scala. Using presentation compiler with project's scala-library version: 3.3.6[0m
2025.12.06 15:00:41 INFO  no build target found for /home/lucas/projects/advent-of-code-25/src/main/scala/Main.scala. Using presentation compiler with project's scala-library version: 3.3.6[0m
2025.12.06 15:00:43 INFO  no build target found for /home/lucas/projects/advent-of-code-25/src/main/scala/Main.scala. Using presentation compiler with project's scala-library version: 3.3.6[0m
2025.12.06 15:00:43 INFO  no build target found for /home/lucas/projects/advent-of-code-25/src/main/scala/Main.scala. Using presentation compiler with project's scala-library version: 3.3.6[0m
2025.12.06 15:00:44 INFO  no build target found for /home/lucas/projects/advent-of-code-25/src/main/scala/Main.scala. Using presentation compiler with project's scala-library version: 3.3.6[0m
2025.12.06 15:00:44 INFO  no build target found for /home/lucas/projects/advent-of-code-25/src/main/scala/Main.scala. Using presentation compiler with project's scala-library version: 3.3.6[0m
2025.12.06 15:00:46 INFO  no build target found for /home/lucas/projects/advent-of-code-25/src/main/scala/Main.scala. Using presentation compiler with project's scala-library version: 3.3.6[0m
2025.12.06 15:00:46 INFO  no build target found for /home/lucas/projects/advent-of-code-25/src/main/scala/Main.scala. Using presentation compiler with project's scala-library version: 3.3.6[0m
2025.12.06 15:00:46 INFO  no build target found for /home/lucas/projects/advent-of-code-25/src/main/scala/Main.scala. Using presentation compiler with project's scala-library version: 3.3.6[0m
2025.12.06 15:00:47 INFO  no build target found for /home/lucas/projects/advent-of-code-25/src/main/scala/Main.scala. Using presentation compiler with project's scala-library version: 3.3.6[0m
2025.12.06 15:00:47 INFO  no build target found for /home/lucas/projects/advent-of-code-25/src/main/scala/Main.scala. Using presentation compiler with project's scala-library version: 3.3.6[0m
2025.12.06 15:00:47 INFO  no build target found for /home/lucas/projects/advent-of-code-25/src/main/scala/Main.scala. Using presentation compiler with project's scala-library version: 3.3.6[0m
2025.12.06 15:00:48 INFO  no build target found for /home/lucas/projects/advent-of-code-25/src/main/scala/Main.scala. Using presentation compiler with project's scala-library version: 3.3.6[0m
2025.12.06 15:00:48 INFO  no build target found for /home/lucas/projects/advent-of-code-25/src/main/scala/Main.scala. Using presentation compiler with project's scala-library version: 3.3.6[0m
2025.12.06 15:00:48 INFO  no build target found for /home/lucas/projects/advent-of-code-25/src/main/scala/Main.scala. Using presentation compiler with project's scala-library version: 3.3.6[0m
2025.12.06 15:00:48 INFO  no build target found for /home/lucas/projects/advent-of-code-25/src/main/scala/Main.scala. Using presentation compiler with project's scala-library version: 3.3.6[0m
2025.12.06 15:00:48 INFO  no build target found for /home/lucas/projects/advent-of-code-25/src/main/scala/Main.scala. Using presentation compiler with project's scala-library version: 3.3.6[0m
2025.12.06 15:00:53 INFO  no build target found for /home/lucas/projects/advent-of-code-25/src/main/scala/Main.scala. Using presentation compiler with project's scala-library version: 3.3.6[0m
2025.12.06 15:00:53 INFO  no build target found for /home/lucas/projects/advent-of-code-25/src/main/scala/Main.scala. Using presentation compiler with project's scala-library version: 3.3.6[0m
2025.12.06 15:00:54 INFO  no build target found for /home/lucas/projects/advent-of-code-25/src/main/scala/Main.scala. Using presentation compiler with project's scala-library version: 3.3.6[0m
2025.12.06 15:00:53 INFO  no build target found for /home/lucas/projects/advent-of-code-25/src/main/scala/Main.scala. Using presentation compiler with project's scala-library version: 3.3.6[0m
2025.12.06 15:00:54 INFO  no build target found for /home/lucas/projects/advent-of-code-25/src/main/scala/Main.scala. Using presentation compiler with project's scala-library version: 3.3.6[0m
2025.12.06 15:00:53 INFO  no build target found for /home/lucas/projects/advent-of-code-25/src/main/scala/Main.scala. Using presentation compiler with project's scala-library version: 3.3.6[0m
2025.12.06 15:00:53 INFO  no build target found for /home/lucas/projects/advent-of-code-25/src/main/scala/Main.scala. Using presentation compiler with project's scala-library version: 3.3.6[0m
2025.12.06 15:00:55 INFO  no build target found for /home/lucas/projects/advent-of-code-25/src/main/scala/Main.scala. Using presentation compiler with project's scala-library version: 3.3.6[0m
2025.12.06 15:00:55 INFO  no build target found for /home/lucas/projects/advent-of-code-25/src/main/scala/Main.scala. Using presentation compiler with project's scala-library version: 3.3.6[0m
2025.12.06 15:00:55 INFO  no build target found for /home/lucas/projects/advent-of-code-25/src/main/scala/Main.scala. Using presentation compiler with project's scala-library version: 3.3.6[0m
2025.12.06 15:00:55 INFO  no build target found for /home/lucas/projects/advent-of-code-25/src/main/scala/Main.scala. Using presentation compiler with project's scala-library version: 3.3.6[0m
2025.12.06 15:00:55 INFO  no build target found for /home/lucas/projects/advent-of-code-25/src/main/scala/Main.scala. Using presentation compiler with project's scala-library version: 3.3.6[0m
2025.12.06 15:00:55 INFO  no build target found for /home/lucas/projects/advent-of-code-25/src/main/scala/Main.scala. Using presentation compiler with project's scala-library version: 3.3.6[0m
2025.12.06 15:00:55 INFO  no build target found for /home/lucas/projects/advent-of-code-25/src/main/scala/Main.scala. Using presentation compiler with project's scala-library version: 3.3.6[0m
2025.12.06 15:00:56 INFO  no build target found for /home/lucas/projects/advent-of-code-25/src/main/scala/Main.scala. Using presentation compiler with project's scala-library version: 3.3.6[0m
2025.12.06 15:00:56 INFO  no build target found for /home/lucas/projects/advent-of-code-25/src/main/scala/Main.scala. Using presentation compiler with project's scala-library version: 3.3.6[0m
2025.12.06 15:00:57 INFO  no build target found for /home/lucas/projects/advent-of-code-25/src/main/scala/Main.scala. Using presentation compiler with project's scala-library version: 3.3.6[0m
2025.12.06 15:00:58 INFO  no build target found for /home/lucas/projects/advent-of-code-25/src/main/scala/Main.scala. Using presentation compiler with project's scala-library version: 3.3.6[0m
2025.12.06 15:00:58 INFO  no build target found for /home/lucas/projects/advent-of-code-25/src/main/scala/Main.scala. Using presentation compiler with project's scala-library version: 3.3.6[0m
2025.12.06 15:00:57 INFO  no build target found for /home/lucas/projects/advent-of-code-25/src/main/scala/Main.scala. Using presentation compiler with project's scala-library version: 3.3.6[0m
2025.12.06 15:00:58 INFO  no build target found for /home/lucas/projects/advent-of-code-25/src/main/scala/Main.scala. Using presentation compiler with project's scala-library version: 3.3.6[0m
2025.12.06 15:00:58 INFO  no build target found for /home/lucas/projects/advent-of-code-25/src/main/scala/Main.scala. Using presentation compiler with project's scala-library version: 3.3.6[0m
2025.12.06 15:00:57 INFO  no build target found for /home/lucas/projects/advent-of-code-25/src/main/scala/Main.scala. Using presentation compiler with project's scala-library version: 3.3.6[0m
2025.12.06 15:00:57 INFO  no build target found for /home/lucas/projects/advent-of-code-25/src/main/scala/Main.scala. Using presentation compiler with project's scala-library version: 3.3.6[0m
2025.12.06 15:00:58 INFO  no build target found for /home/lucas/projects/advent-of-code-25/src/main/scala/Main.scala. Using presentation compiler with project's scala-library version: 3.3.6[0m
2025.12.06 15:00:58 INFO  no build target found for /home/lucas/projects/advent-of-code-25/src/main/scala/Main.scala. Using presentation compiler with project's scala-library version: 3.3.6[0m
2025.12.06 15:00:59 INFO  no build target found for /home/lucas/projects/advent-of-code-25/src/main/scala/Main.scala. Using presentation compiler with project's scala-library version: 3.3.6[0m
2025.12.06 15:00:59 INFO  no build target found for /home/lucas/projects/advent-of-code-25/src/main/scala/Main.scala. Using presentation compiler with project's scala-library version: 3.3.6[0m
2025.12.06 15:00:59 INFO  no build target found for /home/lucas/projects/advent-of-code-25/src/main/scala/Main.scala. Using presentation compiler with project's scala-library version: 3.3.6[0m
2025.12.06 15:01:00 INFO  no build target found for /home/lucas/projects/advent-of-code-25/src/main/scala/Main.scala. Using presentation compiler with project's scala-library version: 3.3.6[0m
2025.12.06 15:01:00 INFO  no build target found for /home/lucas/projects/advent-of-code-25/src/main/scala/Main.scala. Using presentation compiler with project's scala-library version: 3.3.6[0m
2025.12.06 15:01:00 INFO  no build target found for /home/lucas/projects/advent-of-code-25/src/main/scala/Main.scala. Using presentation compiler with project's scala-library version: 3.3.6[0m
2025.12.06 15:01:00 INFO  no build target found for /home/lucas/projects/advent-of-code-25/src/main/scala/Main.scala. Using presentation compiler with project's scala-library version: 3.3.6[0m
2025.12.06 15:01:00 INFO  no build target found for /home/lucas/projects/advent-of-code-25/src/main/scala/Main.scala. Using presentation compiler with project's scala-library version: 3.3.6[0m
2025.12.06 15:01:01 INFO  no build target found for /home/lucas/projects/advent-of-code-25/src/main/scala/Main.scala. Using presentation compiler with project's scala-library version: 3.3.6[0m
2025.12.06 15:01:01 INFO  no build target found for /home/lucas/projects/advent-of-code-25/src/main/scala/Main.scala. Using presentation compiler with project's scala-library version: 3.3.6[0m
2025.12.06 15:01:02 INFO  no build target found for /home/lucas/projects/advent-of-code-25/src/main/scala/Main.scala. Using presentation compiler with project's scala-library version: 3.3.6[0m
2025.12.06 15:01:02 INFO  no build target found for /home/lucas/projects/advent-of-code-25/src/main/scala/Main.scala. Using presentation compiler with project's scala-library version: 3.3.6[0m
2025.12.06 15:01:04 INFO  no build target found for /home/lucas/projects/advent-of-code-25/src/main/scala/Main.scala. Using presentation compiler with project's scala-library version: 3.3.6[0m
2025.12.06 15:01:04 INFO  no build target found for /home/lucas/projects/advent-of-code-25/src/main/scala/Main.scala. Using presentation compiler with project's scala-library version: 3.3.6[0m
2025.12.06 15:01:04 INFO  no build target found for /home/lucas/projects/advent-of-code-25/src/main/scala/Main.scala. Using presentation compiler with project's scala-library version: 3.3.6[0m
2025.12.06 15:01:04 INFO  no build target found for /home/lucas/projects/advent-of-code-25/src/main/scala/Main.scala. Using presentation compiler with project's scala-library version: 3.3.6[0m
2025.12.06 15:01:04 INFO  no build target found for /home/lucas/projects/advent-of-code-25/src/main/scala/Main.scala. Using presentation compiler with project's scala-library version: 3.3.6[0m
2025.12.06 15:01:06 INFO  no build target found for /home/lucas/projects/advent-of-code-25/src/main/scala/Main.scala. Using presentation compiler with project's scala-library version: 3.3.6[0m
2025.12.06 15:01:06 INFO  no build target found for /home/lucas/projects/advent-of-code-25/src/main/scala/Main.scala. Using presentation compiler with project's scala-library version: 3.3.6[0m
2025.12.06 15:01:06 INFO  no build target found for /home/lucas/projects/advent-of-code-25/src/main/scala/Main.scala. Using presentation compiler with project's scala-library version: 3.3.6[0m
2025.12.06 15:01:07 INFO  no build target found for /home/lucas/projects/advent-of-code-25/src/main/scala/Main.scala. Using presentation compiler with project's scala-library version: 3.3.6[0m
2025.12.06 15:01:07 INFO  no build target found for /home/lucas/projects/advent-of-code-25/src/main/scala/Main.scala. Using presentation compiler with project's scala-library version: 3.3.6[0m
2025.12.06 15:01:12 INFO  no build target found for /home/lucas/projects/advent-of-code-25/src/main/scala/Main.scala. Using presentation compiler with project's scala-library version: 3.3.6[0m
2025.12.06 15:01:12 INFO  no build target found for /home/lucas/projects/advent-of-code-25/src/main/scala/Main.scala. Using presentation compiler with project's scala-library version: 3.3.6[0m
2025.12.06 15:01:12 INFO  no build target found for /home/lucas/projects/advent-of-code-25/src/main/scala/Main.scala. Using presentation compiler with project's scala-library version: 3.3.6[0m
2025.12.06 15:01:12 INFO  no build target found for /home/lucas/projects/advent-of-code-25/src/main/scala/Main.scala. Using presentation compiler with project's scala-library version: 3.3.6[0m
2025.12.06 15:01:12 INFO  no build target found for /home/lucas/projects/advent-of-code-25/src/main/scala/Main.scala. Using presentation compiler with project's scala-library version: 3.3.6[0m
2025.12.06 15:01:12 INFO  no build target found for /home/lucas/projects/advent-of-code-25/src/main/scala/Main.scala. Using presentation compiler with project's scala-library version: 3.3.6[0m
2025.12.06 15:01:12 INFO  no build target found for /home/lucas/projects/advent-of-code-25/src/main/scala/Main.scala. Using presentation compiler with project's scala-library version: 3.3.6[0m
2025.12.06 15:01:13 INFO  no build target found for /home/lucas/projects/advent-of-code-25/src/main/scala/Main.scala. Using presentation compiler with project's scala-library version: 3.3.6[0m
2025.12.06 15:01:12 INFO  no build target found for /home/lucas/projects/advent-of-code-25/src/main/scala/Main.scala. Using presentation compiler with project's scala-library version: 3.3.6[0m
2025.12.06 15:01:13 INFO  no build target found for /home/lucas/projects/advent-of-code-25/src/main/scala/Main.scala. Using presentation compiler with project's scala-library version: 3.3.6[0m
2025.12.06 15:01:13 INFO  no build target found for /home/lucas/projects/advent-of-code-25/src/main/scala/Main.scala. Using presentation compiler with project's scala-library version: 3.3.6[0m
2025.12.06 15:01:13 INFO  no build target found for /home/lucas/projects/advent-of-code-25/src/main/scala/Main.scala. Using presentation compiler with project's scala-library version: 3.3.6[0m
2025.12.06 15:01:13 INFO  no build target found for /home/lucas/projects/advent-of-code-25/src/main/scala/Main.scala. Using presentation compiler with project's scala-library version: 3.3.6[0m
2025.12.06 15:01:14 INFO  no build target found for /home/lucas/projects/advent-of-code-25/src/main/scala/Main.scala. Using presentation compiler with project's scala-library version: 3.3.6[0m
2025.12.06 15:01:14 INFO  no build target found for /home/lucas/projects/advent-of-code-25/src/main/scala/Main.scala. Using presentation compiler with project's scala-library version: 3.3.6[0m
2025.12.06 15:01:15 INFO  no build target found for /home/lucas/projects/advent-of-code-25/src/main/scala/Main.scala. Using presentation compiler with project's scala-library version: 3.3.6[0m
2025.12.06 15:01:14 INFO  no build target found for /home/lucas/projects/advent-of-code-25/src/main/scala/Main.scala. Using presentation compiler with project's scala-library version: 3.3.6[0m
2025.12.06 15:01:14 INFO  no build target found for /home/lucas/projects/advent-of-code-25/src/main/scala/Main.scala. Using presentation compiler with project's scala-library version: 3.3.6[0m
2025.12.06 15:01:15 INFO  no build target found for /home/lucas/projects/advent-of-code-25/src/main/scala/Main.scala. Using presentation compiler with project's scala-library version: 3.3.6[0m
2025.12.06 15:01:14 INFO  no build target found for /home/lucas/projects/advent-of-code-25/src/main/scala/Main.scala. Using presentation compiler with project's scala-library version: 3.3.6[0m
2025.12.06 15:01:15 INFO  no build target found for /home/lucas/projects/advent-of-code-25/src/main/scala/Main.scala. Using presentation compiler with project's scala-library version: 3.3.6[0m
2025.12.06 15:01:15 INFO  no build target found for /home/lucas/projects/advent-of-code-25/src/main/scala/Main.scala. Using presentation compiler with project's scala-library version: 3.3.6[0m
2025.12.06 15:01:16 INFO  no build target found for /home/lucas/projects/advent-of-code-25/src/main/scala/Main.scala. Using presentation compiler with project's scala-library version: 3.3.6[0m
2025.12.06 15:01:16 INFO  no build target found for /home/lucas/projects/advent-of-code-25/src/main/scala/Main.scala. Using presentation compiler with project's scala-library version: 3.3.6[0m
2025.12.06 15:01:16 INFO  no build target found for /home/lucas/projects/advent-of-code-25/src/main/scala/Main.scala. Using presentation compiler with project's scala-library version: 3.3.6[0m
2025.12.06 15:01:16 INFO  no build target found for /home/lucas/projects/advent-of-code-25/src/main/scala/Main.scala. Using presentation compiler with project's scala-library version: 3.3.6[0m
2025.12.06 15:01:16 INFO  no build target found for /home/lucas/projects/advent-of-code-25/src/main/scala/Main.scala. Using presentation compiler with project's scala-library version: 3.3.6[0m
2025.12.06 15:01:16 INFO  no build target found for /home/lucas/projects/advent-of-code-25/src/main/scala/Main.scala. Using presentation compiler with project's scala-library version: 3.3.6[0m
2025.12.06 15:01:16 INFO  no build target found for /home/lucas/projects/advent-of-code-25/src/main/scala/Main.scala. Using presentation compiler with project's scala-library version: 3.3.6[0m
2025.12.06 15:01:17 INFO  no build target found for /home/lucas/projects/advent-of-code-25/src/main/scala/Main.scala. Using presentation compiler with project's scala-library version: 3.3.6[0m
2025.12.06 15:01:17 INFO  no build target found for /home/lucas/projects/advent-of-code-25/src/main/scala/Main.scala. Using presentation compiler with project's scala-library version: 3.3.6[0m
2025.12.06 15:01:17 INFO  no build target found for /home/lucas/projects/advent-of-code-25/src/main/scala/Main.scala. Using presentation compiler with project's scala-library version: 3.3.6[0m
2025.12.06 15:01:17 INFO  no build target found for /home/lucas/projects/advent-of-code-25/src/main/scala/Main.scala. Using presentation compiler with project's scala-library version: 3.3.6[0m
2025.12.06 15:01:17 INFO  no build target found for /home/lucas/projects/advent-of-code-25/src/main/scala/Main.scala. Using presentation compiler with project's scala-library version: 3.3.6[0m
2025.12.06 15:01:17 INFO  no build target found for /home/lucas/projects/advent-of-code-25/src/main/scala/Main.scala. Using presentation compiler with project's scala-library version: 3.3.6[0m
2025.12.06 15:01:17 INFO  no build target found for /home/lucas/projects/advent-of-code-25/src/main/scala/Main.scala. Using presentation compiler with project's scala-library version: 3.3.6[0m
2025.12.06 15:01:17 INFO  no build target found for /home/lucas/projects/advent-of-code-25/src/main/scala/Main.scala. Using presentation compiler with project's scala-library version: 3.3.6[0m
2025.12.06 15:01:17 INFO  no build target found for /home/lucas/projects/advent-of-code-25/src/main/scala/Main.scala. Using presentation compiler with project's scala-library version: 3.3.6[0m
2025.12.06 15:01:17 INFO  no build target found for /home/lucas/projects/advent-of-code-25/src/main/scala/Main.scala. Using presentation compiler with project's scala-library version: 3.3.6[0m
2025.12.06 15:01:17 INFO  no build target found for /home/lucas/projects/advent-of-code-25/src/main/scala/Main.scala. Using presentation compiler with project's scala-library version: 3.3.6[0m
2025.12.06 15:01:17 INFO  no build target found for /home/lucas/projects/advent-of-code-25/src/main/scala/Main.scala. Using presentation compiler with project's scala-library version: 3.3.6[0m
2025.12.06 15:01:18 INFO  no build target found for /home/lucas/projects/advent-of-code-25/src/main/scala/Main.scala. Using presentation compiler with project's scala-library version: 3.3.6[0m
2025.12.06 15:01:18 INFO  no build target found for /home/lucas/projects/advent-of-code-25/src/main/scala/Main.scala. Using presentation compiler with project's scala-library version: 3.3.6[0m
2025.12.06 15:01:19 INFO  no build target found for /home/lucas/projects/advent-of-code-25/src/main/scala/Main.scala. Using presentation compiler with project's scala-library version: 3.3.6[0m
2025.12.06 15:01:19 INFO  no build target found for /home/lucas/projects/advent-of-code-25/src/main/scala/Main.scala. Using presentation compiler with project's scala-library version: 3.3.6[0m
2025.12.06 15:01:19 INFO  no build target found for /home/lucas/projects/advent-of-code-25/src/main/scala/Main.scala. Using presentation compiler with project's scala-library version: 3.3.6[0m
Dec 06, 2025 3:01:19 PM org.eclipse.lsp4j.jsonrpc.RemoteEndpoint handleCancellation
WARNING: Unmatched cancel notification for request id 4652
2025.12.06 15:01:19 INFO  no build target found for /home/lucas/projects/advent-of-code-25/src/main/scala/Main.scala. Using presentation compiler with project's scala-library version: 3.3.6[0m
2025.12.06 15:01:19 INFO  no build target found for /home/lucas/projects/advent-of-code-25/src/main/scala/Main.scala. Using presentation compiler with project's scala-library version: 3.3.6[0m
2025.12.06 15:01:19 INFO  no build target found for /home/lucas/projects/advent-of-code-25/src/main/scala/Main.scala. Using presentation compiler with project's scala-library version: 3.3.6[0m
Dec 06, 2025 3:01:20 PM org.eclipse.lsp4j.jsonrpc.RemoteEndpoint handleCancellation
WARNING: Unmatched cancel notification for request id 4654
2025.12.06 15:01:19 INFO  no build target found for /home/lucas/projects/advent-of-code-25/src/main/scala/Main.scala. Using presentation compiler with project's scala-library version: 3.3.6[0m
2025.12.06 15:01:20 INFO  no build target found for /home/lucas/projects/advent-of-code-25/src/main/scala/Main.scala. Using presentation compiler with project's scala-library version: 3.3.6[0m
2025.12.06 15:01:19 INFO  no build target found for /home/lucas/projects/advent-of-code-25/src/main/scala/Main.scala. Using presentation compiler with project's scala-library version: 3.3.6[0m
2025.12.06 15:01:19 INFO  no build target found for /home/lucas/projects/advent-of-code-25/src/main/scala/Main.scala. Using presentation compiler with project's scala-library version: 3.3.6[0m
2025.12.06 15:01:20 WARN  no build target for: /home/lucas/projects/advent-of-code-25/src/main/scala/Main.scala[0m
2025.12.06 15:01:20 INFO  no build target found for /home/lucas/projects/advent-of-code-25/src/main/scala/Main.scala. Using presentation compiler with project's scala-library version: 3.3.6[0m
2025.12.06 15:01:21 INFO  no build target found for /home/lucas/projects/advent-of-code-25/src/main/scala/Main.scala. Using presentation compiler with project's scala-library version: 3.3.6[0m
2025.12.06 15:01:21 INFO  no build target found for /home/lucas/projects/advent-of-code-25/src/main/scala/Main.scala. Using presentation compiler with project's scala-library version: 3.3.6[0m
2025.12.06 15:01:22 INFO  no build target found for /home/lucas/projects/advent-of-code-25/src/main/scala/Main.scala. Using presentation compiler with project's scala-library version: 3.3.6[0m
2025.12.06 15:01:22 INFO  no build target found for /home/lucas/projects/advent-of-code-25/src/main/scala/Main.scala. Using presentation compiler with project's scala-library version: 3.3.6[0m
2025.12.06 15:01:23 INFO  no build target found for /home/lucas/projects/advent-of-code-25/src/main/scala/Main.scala. Using presentation compiler with project's scala-library version: 3.3.6[0m
2025.12.06 15:01:23 INFO  no build target found for /home/lucas/projects/advent-of-code-25/src/main/scala/Main.scala. Using presentation compiler with project's scala-library version: 3.3.6[0m
2025.12.06 15:01:23 INFO  no build target found for /home/lucas/projects/advent-of-code-25/src/main/scala/Main.scala. Using presentation compiler with project's scala-library version: 3.3.6[0m
2025.12.06 15:01:23 INFO  no build target found for /home/lucas/projects/advent-of-code-25/src/main/scala/Main.scala. Using presentation compiler with project's scala-library version: 3.3.6[0m
2025.12.06 15:01:24 INFO  no build target found for /home/lucas/projects/advent-of-code-25/src/main/scala/Main.scala. Using presentation compiler with project's scala-library version: 3.3.6[0m
2025.12.06 15:01:24 INFO  no build target found for /home/lucas/projects/advent-of-code-25/src/main/scala/Main.scala. Using presentation compiler with project's scala-library version: 3.3.6[0m
2025.12.06 15:01:24 INFO  no build target found for /home/lucas/projects/advent-of-code-25/src/main/scala/Main.scala. Using presentation compiler with project's scala-library version: 3.3.6[0m
2025.12.06 15:01:25 INFO  no build target found for /home/lucas/projects/advent-of-code-25/src/main/scala/Main.scala. Using presentation compiler with project's scala-library version: 3.3.6[0m
2025.12.06 15:01:25 INFO  no build target found for /home/lucas/projects/advent-of-code-25/src/main/scala/Main.scala. Using presentation compiler with project's scala-library version: 3.3.6[0m
2025.12.06 15:01:25 INFO  no build target found for /home/lucas/projects/advent-of-code-25/src/main/scala/Main.scala. Using presentation compiler with project's scala-library version: 3.3.6[0m
2025.12.06 15:01:25 INFO  no build target found for /home/lucas/projects/advent-of-code-25/src/main/scala/Main.scala. Using presentation compiler with project's scala-library version: 3.3.6[0m
2025.12.06 15:01:25 INFO  no build target found for /home/lucas/projects/advent-of-code-25/src/main/scala/Main.scala. Using presentation compiler with project's scala-library version: 3.3.6[0m
2025.12.06 15:01:26 INFO  no build target found for /home/lucas/projects/advent-of-code-25/src/main/scala/Main.scala. Using presentation compiler with project's scala-library version: 3.3.6[0m
2025.12.06 15:01:25 INFO  no build target found for /home/lucas/projects/advent-of-code-25/src/main/scala/Main.scala. Using presentation compiler with project's scala-library version: 3.3.6[0m
2025.12.06 15:01:27 INFO  no build target found for /home/lucas/projects/advent-of-code-25/src/main/scala/Main.scala. Using presentation compiler with project's scala-library version: 3.3.6[0m
2025.12.06 15:01:27 INFO  no build target found for /home/lucas/projects/advent-of-code-25/src/main/scala/Main.scala. Using presentation compiler with project's scala-library version: 3.3.6[0m
2025.12.06 15:01:27 INFO  no build target found for /home/lucas/projects/advent-of-code-25/src/main/scala/Main.scala. Using presentation compiler with project's scala-library version: 3.3.6[0m
2025.12.06 15:01:27 INFO  no build target found for /home/lucas/projects/advent-of-code-25/src/main/scala/Main.scala. Using presentation compiler with project's scala-library version: 3.3.6[0m
2025.12.06 15:01:27 INFO  no build target found for /home/lucas/projects/advent-of-code-25/src/main/scala/Main.scala. Using presentation compiler with project's scala-library version: 3.3.6[0m
2025.12.06 15:01:27 INFO  no build target found for /home/lucas/projects/advent-of-code-25/src/main/scala/Main.scala. Using presentation compiler with project's scala-library version: 3.3.6[0m
2025.12.06 15:01:28 INFO  no build target found for /home/lucas/projects/advent-of-code-25/src/main/scala/Main.scala. Using presentation compiler with project's scala-library version: 3.3.6[0m
2025.12.06 15:01:28 INFO  no build target found for /home/lucas/projects/advent-of-code-25/src/main/scala/Main.scala. Using presentation compiler with project's scala-library version: 3.3.6[0m
2025.12.06 15:01:28 INFO  no build target found for /home/lucas/projects/advent-of-code-25/src/main/scala/Main.scala. Using presentation compiler with project's scala-library version: 3.3.6[0m
2025.12.06 15:01:29 INFO  no build target found for /home/lucas/projects/advent-of-code-25/src/main/scala/Main.scala. Using presentation compiler with project's scala-library version: 3.3.6[0m
2025.12.06 15:01:29 INFO  no build target found for /home/lucas/projects/advent-of-code-25/src/main/scala/Main.scala. Using presentation compiler with project's scala-library version: 3.3.6[0m
2025.12.06 15:01:28 INFO  no build target found for /home/lucas/projects/advent-of-code-25/src/main/scala/Main.scala. Using presentation compiler with project's scala-library version: 3.3.6[0m
2025.12.06 15:01:28 INFO  no build target found for /home/lucas/projects/advent-of-code-25/src/main/scala/Main.scala. Using presentation compiler with project's scala-library version: 3.3.6[0m
2025.12.06 15:01:29 INFO  no build target found for /home/lucas/projects/advent-of-code-25/src/main/scala/Main.scala. Using presentation compiler with project's scala-library version: 3.3.6[0m
2025.12.06 15:01:29 INFO  no build target found for /home/lucas/projects/advent-of-code-25/src/main/scala/Main.scala. Using presentation compiler with project's scala-library version: 3.3.6[0m
2025.12.06 15:01:30 INFO  no build target found for /home/lucas/projects/advent-of-code-25/src/main/scala/Main.scala. Using presentation compiler with project's scala-library version: 3.3.6[0m
2025.12.06 15:01:30 INFO  no build target found for /home/lucas/projects/advent-of-code-25/src/main/scala/Main.scala. Using presentation compiler with project's scala-library version: 3.3.6[0m
2025.12.06 15:01:30 INFO  no build target found for /home/lucas/projects/advent-of-code-25/src/main/scala/Main.scala. Using presentation compiler with project's scala-library version: 3.3.6[0m
2025.12.06 15:01:31 INFO  no build target found for /home/lucas/projects/advent-of-code-25/src/main/scala/Main.scala. Using presentation compiler with project's scala-library version: 3.3.6[0m
2025.12.06 15:01:31 INFO  no build target found for /home/lucas/projects/advent-of-code-25/src/main/scala/Main.scala. Using presentation compiler with project's scala-library version: 3.3.6[0m
2025.12.06 15:01:31 INFO  no build target found for /home/lucas/projects/advent-of-code-25/src/main/scala/Main.scala. Using presentation compiler with project's scala-library version: 3.3.6[0m
2025.12.06 15:01:32 WARN  no build target for: /home/lucas/projects/advent-of-code-25/src/main/scala/Main.scala[0m
2025.12.06 15:01:32 INFO  no build target found for /home/lucas/projects/advent-of-code-25/src/main/scala/Main.scala. Using presentation compiler with project's scala-library version: 3.3.6[0m
2025.12.06 15:01:54 INFO  no build target found for /home/lucas/projects/advent-of-code-25/src/main/scala/Main.scala. Using presentation compiler with project's scala-library version: 3.3.6[0m
2025.12.06 15:01:54 WARN  no build target for: /home/lucas/projects/advent-of-code-25/src/main/scala/Main.scala[0m
2025.12.06 15:01:54 INFO  no build target found for /home/lucas/projects/advent-of-code-25/src/main/scala/Main.scala. Using presentation compiler with project's scala-library version: 3.3.6[0m
2025.12.06 15:01:54 INFO  no build target found for /home/lucas/projects/advent-of-code-25/src/main/scala/Main.scala. Using presentation compiler with project's scala-library version: 3.3.6[0m
2025.12.06 15:01:58 INFO  no build target found for /home/lucas/projects/advent-of-code-25/src/main/scala/Main.scala. Using presentation compiler with project's scala-library version: 3.3.6[0m
2025.12.06 15:01:58 INFO  no build target found for /home/lucas/projects/advent-of-code-25/src/main/scala/Main.scala. Using presentation compiler with project's scala-library version: 3.3.6[0m
2025.12.06 15:01:58 INFO  no build target found for /home/lucas/projects/advent-of-code-25/src/main/scala/Main.scala. Using presentation compiler with project's scala-library version: 3.3.6[0m
2025.12.06 15:01:58 INFO  no build target found for /home/lucas/projects/advent-of-code-25/src/main/scala/Main.scala. Using presentation compiler with project's scala-library version: 3.3.6[0m
2025.12.06 15:01:58 INFO  no build target found for /home/lucas/projects/advent-of-code-25/src/main/scala/Main.scala. Using presentation compiler with project's scala-library version: 3.3.6[0m
2025.12.06 15:01:58 INFO  no build target found for /home/lucas/projects/advent-of-code-25/src/main/scala/Main.scala. Using presentation compiler with project's scala-library version: 3.3.6[0m
2025.12.06 15:02:00 INFO  no build target found for /home/lucas/projects/advent-of-code-25/src/main/scala/Main.scala. Using presentation compiler with project's scala-library version: 3.3.6[0m
2025.12.06 15:02:00 INFO  no build target found for /home/lucas/projects/advent-of-code-25/src/main/scala/Main.scala. Using presentation compiler with project's scala-library version: 3.3.6[0m
2025.12.06 15:02:01 INFO  no build target found for /home/lucas/projects/advent-of-code-25/src/main/scala/Main.scala. Using presentation compiler with project's scala-library version: 3.3.6[0m
2025.12.06 15:02:01 INFO  no build target found for /home/lucas/projects/advent-of-code-25/src/main/scala/Main.scala. Using presentation compiler with project's scala-library version: 3.3.6[0m
2025.12.06 15:02:01 INFO  Created report: Optional[file:///home/lucas/projects/advent-of-code-25/src/main/scala/Main.scala][0m
2025.12.06 15:02:01 INFO  empty definition using pc, found symbol in pc: scala/Predef.print(). (full report at: "/home/lucas/projects/advent-of-code-25/.metals/.reports/metals-full/2025-12-06/r_empty-definition_15-02-01-748.md")[0m
2025.12.06 15:02:01 INFO  no build target found for /home/lucas/projects/advent-of-code-25/src/main/scala/Main.scala. Using presentation compiler with project's scala-library version: 3.3.6[0m
2025.12.06 15:02:01 INFO  no build target found for /home/lucas/projects/advent-of-code-25/src/main/scala/Main.scala. Using presentation compiler with project's scala-library version: 3.3.6[0m
2025.12.06 15:02:01 INFO  no build target found for /home/lucas/projects/advent-of-code-25/src/main/scala/Main.scala. Using presentation compiler with project's scala-library version: 3.3.6[0m
2025.12.06 15:02:01 INFO  no build target found for /home/lucas/projects/advent-of-code-25/src/main/scala/Main.scala. Using presentation compiler with project's scala-library version: 3.3.6[0m
2025.12.06 15:02:03 INFO  no build target found for /home/lucas/projects/advent-of-code-25/src/main/scala/Main.scala. Using presentation compiler with project's scala-library version: 3.3.6[0m
2025.12.06 15:02:03 INFO  no build target found for /home/lucas/projects/advent-of-code-25/src/main/scala/Main.scala. Using presentation compiler with project's scala-library version: 3.3.6[0m
2025.12.06 15:02:03 INFO  no build target found for /home/lucas/projects/advent-of-code-25/src/main/scala/Main.scala. Using presentation compiler with project's scala-library version: 3.3.6[0m
2025.12.06 15:02:04 INFO  no build target found for /home/lucas/projects/advent-of-code-25/src/main/scala/Main.scala. Using presentation compiler with project's scala-library version: 3.3.6[0m
2025.12.06 15:02:04 INFO  no build target found for /home/lucas/projects/advent-of-code-25/src/main/scala/Main.scala. Using presentation compiler with project's scala-library version: 3.3.6[0m
2025.12.06 15:02:05 INFO  no build target found for /home/lucas/projects/advent-of-code-25/src/main/scala/Main.scala. Using presentation compiler with project's scala-library version: 3.3.6[0m
Exception in thread "pool-1582-thread-1" java.lang.InterruptedException
	at scala.meta.internal.metals.FutureCancelToken.checkCanceled(FutureCancelToken.scala:29)
	at scala.meta.internal.pc.CompilerAccess.onCompilerJobQueue$$anonfun$1(CompilerAccess.scala:244)
	at scala.meta.internal.pc.CompilerJobQueue$Job.run(CompilerJobQueue.scala:153)
	at java.base/java.util.concurrent.ThreadPoolExecutor.runWorker(Unknown Source)
	at java.base/java.util.concurrent.ThreadPoolExecutor$Worker.run(Unknown Source)
	at java.base/java.lang.Thread.run(Unknown Source)
Dec 06, 2025 3:02:05 PM org.eclipse.lsp4j.jsonrpc.RemoteEndpoint handleCancellation
WARNING: Unmatched cancel notification for request id 4764
2025.12.06 15:02:05 INFO  no build target found for /home/lucas/projects/advent-of-code-25/src/main/scala/Main.scala. Using presentation compiler with project's scala-library version: 3.3.6[0m
2025.12.06 15:02:05 INFO  no build target found for /home/lucas/projects/advent-of-code-25/src/main/scala/Main.scala. Using presentation compiler with project's scala-library version: 3.3.6[0m
2025.12.06 15:02:05 INFO  empty definition using pc, found symbol in pc: `<none>`. (full report at: "/home/lucas/projects/advent-of-code-25/.metals/.reports/metals-full/2025-12-06/r_empty-definition_14-56-46-756.md")[0m
2025.12.06 15:02:04 INFO  no build target found for /home/lucas/projects/advent-of-code-25/src/main/scala/Main.scala. Using presentation compiler with project's scala-library version: 3.3.6[0m
2025.12.06 15:02:04 INFO  no build target found for /home/lucas/projects/advent-of-code-25/src/main/scala/Main.scala. Using presentation compiler with project's scala-library version: 3.3.6[0m
2025.12.06 15:02:05 INFO  no build target found for /home/lucas/projects/advent-of-code-25/src/main/scala/Main.scala. Using presentation compiler with project's scala-library version: 3.3.6[0m
2025.12.06 15:02:05 INFO  no build target found for /home/lucas/projects/advent-of-code-25/src/main/scala/Main.scala. Using presentation compiler with project's scala-library version: 3.3.6[0m
2025.12.06 15:02:05 INFO  no build target found for /home/lucas/projects/advent-of-code-25/src/main/scala/Main.scala. Using presentation compiler with project's scala-library version: 3.3.6[0m
2025.12.06 15:02:05 INFO  no build target found for /home/lucas/projects/advent-of-code-25/src/main/scala/Main.scala. Using presentation compiler with project's scala-library version: 3.3.6[0m
2025.12.06 15:02:05 INFO  no build target found for /home/lucas/projects/advent-of-code-25/src/main/scala/Main.scala. Using presentation compiler with project's scala-library version: 3.3.6[0m
2025.12.06 15:02:05 INFO  no build target found for /home/lucas/projects/advent-of-code-25/src/main/scala/Main.scala. Using presentation compiler with project's scala-library version: 3.3.6[0m
2025.12.06 15:02:05 INFO  no build target found for /home/lucas/projects/advent-of-code-25/src/main/scala/Main.scala. Using presentation compiler with project's scala-library version: 3.3.6[0m
2025.12.06 15:02:05 WARN  no build target for: /home/lucas/projects/advent-of-code-25/src/main/scala/Main.scala[0m
2025.12.06 15:02:06 INFO  no build target found for /home/lucas/projects/advent-of-code-25/src/main/scala/Main.scala. Using presentation compiler with project's scala-library version: 3.3.6[0m
2025.12.06 15:02:07 INFO  no build target found for /home/lucas/projects/advent-of-code-25/src/main/scala/Main.scala. Using presentation compiler with project's scala-library version: 3.3.6[0m
2025.12.06 15:02:07 INFO  no build target found for /home/lucas/projects/advent-of-code-25/src/main/scala/Main.scala. Using presentation compiler with project's scala-library version: 3.3.6[0m
2025.12.06 15:02:10 INFO  no build target found for /home/lucas/projects/advent-of-code-25/src/main/scala/Main.scala. Using presentation compiler with project's scala-library version: 3.3.6[0m
2025.12.06 15:02:10 INFO  no build target found for /home/lucas/projects/advent-of-code-25/src/main/scala/Main.scala. Using presentation compiler with project's scala-library version: 3.3.6[0m
2025.12.06 15:02:14 INFO  no build target found for /home/lucas/projects/advent-of-code-25/src/main/scala/Main.scala. Using presentation compiler with project's scala-library version: 3.3.6[0m
2025.12.06 15:02:14 INFO  no build target found for /home/lucas/projects/advent-of-code-25/src/main/scala/Main.scala. Using presentation compiler with project's scala-library version: 3.3.6[0m
2025.12.06 15:02:22 INFO  no build target found for /home/lucas/projects/advent-of-code-25/src/main/scala/Main.scala. Using presentation compiler with project's scala-library version: 3.3.6[0m
2025.12.06 15:02:22 INFO  no build target found for /home/lucas/projects/advent-of-code-25/src/main/scala/Main.scala. Using presentation compiler with project's scala-library version: 3.3.6[0m
2025.12.06 15:03:21 INFO  no build target found for /home/lucas/projects/advent-of-code-25/src/main/scala/Main.scala. Using presentation compiler with project's scala-library version: 3.3.6[0m
2025.12.06 15:03:21 INFO  no build target found for /home/lucas/projects/advent-of-code-25/src/main/scala/Main.scala. Using presentation compiler with project's scala-library version: 3.3.6[0m
2025.12.06 15:03:21 WARN  no build target for: /home/lucas/projects/advent-of-code-25/src/main/scala/Main.scala[0m
2025.12.06 15:03:21 INFO  no build target found for /home/lucas/projects/advent-of-code-25/src/main/scala/Main.scala. Using presentation compiler with project's scala-library version: 3.3.6[0m
2025.12.06 15:03:21 INFO  no build target found for /home/lucas/projects/advent-of-code-25/src/main/scala/Main.scala. Using presentation compiler with project's scala-library version: 3.3.6[0m
2025.12.06 15:03:21 INFO  no build target found for /home/lucas/projects/advent-of-code-25/src/main/scala/Main.scala. Using presentation compiler with project's scala-library version: 3.3.6[0m
2025.12.06 15:03:46 WARN  no build target for: /home/lucas/projects/advent-of-code-25/src/main/scala/Main.scala[0m
2025.12.06 15:03:46 INFO  no build target found for /home/lucas/projects/advent-of-code-25/src/main/scala/Main.scala. Using presentation compiler with project's scala-library version: 3.3.6[0m
2025.12.06 15:03:55 INFO  no build target found for /home/lucas/projects/advent-of-code-25/build.sbt. Using presentation compiler with project's scala-library version: 3.3.6[0m
2025.12.06 15:03:55 INFO  no build target found for /home/lucas/projects/advent-of-code-25/build.sbt. Using presentation compiler with project's scala-library version: 3.3.6[0m
2025.12.06 15:03:55 WARN  no build target for: /home/lucas/projects/advent-of-code-25/build.sbt[0m
2025.12.06 15:03:55 INFO  no build target found for /home/lucas/projects/advent-of-code-25/build.sbt. Using presentation compiler with project's scala-library version: 3.3.6[0m
2025.12.06 15:03:55 INFO  no build target found for /home/lucas/projects/advent-of-code-25/build.sbt. Using presentation compiler with project's scala-library version: 3.3.6[0m
2025.12.06 15:03:55 INFO  no build target found for /home/lucas/projects/advent-of-code-25/build.sbt. Using presentation compiler with project's scala-library version: 3.3.6[0m
2025.12.06 15:05:12 INFO  no build target found for /home/lucas/projects/advent-of-code-25/src/main/scala/Main.scala. Using presentation compiler with project's scala-library version: 3.3.6[0m
2025.12.06 15:05:12 WARN  no build target for: /home/lucas/projects/advent-of-code-25/src/main/scala/Main.scala[0m
2025.12.06 15:05:12 INFO  no build target found for /home/lucas/projects/advent-of-code-25/src/main/scala/Main.scala. Using presentation compiler with project's scala-library version: 3.3.6[0m
2025.12.06 15:05:12 INFO  no build target found for /home/lucas/projects/advent-of-code-25/src/main/scala/Main.scala. Using presentation compiler with project's scala-library version: 3.3.6[0m
2025.12.06 15:05:12 INFO  no build target found for /home/lucas/projects/advent-of-code-25/src/main/scala/Main.scala. Using presentation compiler with project's scala-library version: 3.3.6[0m
2025.12.06 15:05:13 INFO  no build target found for /home/lucas/projects/advent-of-code-25/src/main/scala/Main.scala. Using presentation compiler with project's scala-library version: 3.3.6[0m
2025.12.06 15:05:24 INFO  no build target found for /home/lucas/projects/advent-of-code-25/src/main/scala/Main.scala. Using presentation compiler with project's scala-library version: 3.3.6[0m
2025.12.06 15:05:39 INFO  no build target found for /home/lucas/projects/advent-of-code-25/src/main/scala/Main.scala. Using presentation compiler with project's scala-library version: 3.3.6[0m
2025.12.06 15:05:39 INFO  no build target found for /home/lucas/projects/advent-of-code-25/src/main/scala/Main.scala. Using presentation compiler with project's scala-library version: 3.3.6[0m
2025.12.06 15:05:45 INFO  no build target found for /home/lucas/projects/advent-of-code-25/src/main/scala/Main.scala. Using presentation compiler with project's scala-library version: 3.3.6[0m
2025.12.06 15:05:46 INFO  no build target found for /home/lucas/projects/advent-of-code-25/src/main/scala/Main.scala. Using presentation compiler with project's scala-library version: 3.3.6[0m
2025.12.06 15:06:00 INFO  no build target found for /home/lucas/projects/advent-of-code-25/src/main/scala/Main.scala. Using presentation compiler with project's scala-library version: 3.3.6[0m
2025.12.06 15:06:02 INFO  no build target found for /home/lucas/projects/advent-of-code-25/src/main/scala/Main.scala. Using presentation compiler with project's scala-library version: 3.3.6[0m
2025.12.06 15:06:10 INFO  no build target found for /home/lucas/projects/advent-of-code-25/src/main/scala/Main.scala. Using presentation compiler with project's scala-library version: 3.3.6[0m
2025.12.06 15:06:12 INFO  no build target found for /home/lucas/projects/advent-of-code-25/src/main/scala/Main.scala. Using presentation compiler with project's scala-library version: 3.3.6[0m
2025.12.06 15:06:19 INFO  no build target found for /home/lucas/projects/advent-of-code-25/src/main/scala/Main.scala. Using presentation compiler with project's scala-library version: 3.3.6[0m
2025.12.06 15:06:21 INFO  no build target found for /home/lucas/projects/advent-of-code-25/src/main/scala/Main.scala. Using presentation compiler with project's scala-library version: 3.3.6[0m
2025.12.06 15:06:23 INFO  no build target found for /home/lucas/projects/advent-of-code-25/src/main/scala/Main.scala. Using presentation compiler with project's scala-library version: 3.3.6[0m
2025.12.06 15:06:23 INFO  no build target found for /home/lucas/projects/advent-of-code-25/src/main/scala/Main.scala. Using presentation compiler with project's scala-library version: 3.3.6[0m
2025.12.06 15:06:23 INFO  no build target found for /home/lucas/projects/advent-of-code-25/src/main/scala/Main.scala. Using presentation compiler with project's scala-library version: 3.3.6[0m
2025.12.06 15:06:25 INFO  no build target found for /home/lucas/projects/advent-of-code-25/src/main/scala/Main.scala. Using presentation compiler with project's scala-library version: 3.3.6[0m
2025.12.06 15:06:28 INFO  no build target found for /home/lucas/projects/advent-of-code-25/src/main/scala/Main.scala. Using presentation compiler with project's scala-library version: 3.3.6[0m
2025.12.06 15:06:30 INFO  no build target found for /home/lucas/projects/advent-of-code-25/src/main/scala/Main.scala. Using presentation compiler with project's scala-library version: 3.3.6[0m
2025.12.06 15:06:33 INFO  no build target found for /home/lucas/projects/advent-of-code-25/src/main/scala/Main.scala. Using presentation compiler with project's scala-library version: 3.3.6[0m
2025.12.06 15:06:39 INFO  no build target found for /home/lucas/projects/advent-of-code-25/src/main/scala/Main.scala. Using presentation compiler with project's scala-library version: 3.3.6[0m
2025.12.06 15:06:47 INFO  no build target found for /home/lucas/projects/advent-of-code-25/src/main/scala/Main.scala. Using presentation compiler with project's scala-library version: 3.3.6[0m
2025.12.06 15:06:52 INFO  no build target found for /home/lucas/projects/advent-of-code-25/src/main/scala/Main.scala. Using presentation compiler with project's scala-library version: 3.3.6[0m
2025.12.06 15:06:52 INFO  no build target found for /home/lucas/projects/advent-of-code-25/src/main/scala/Main.scala. Using presentation compiler with project's scala-library version: 3.3.6[0m
2025.12.06 15:06:52 INFO  no build target found for /home/lucas/projects/advent-of-code-25/src/main/scala/Main.scala. Using presentation compiler with project's scala-library version: 3.3.6[0m
2025.12.06 15:06:53 INFO  no build target found for /home/lucas/projects/advent-of-code-25/src/main/scala/Main.scala. Using presentation compiler with project's scala-library version: 3.3.6[0m
2025.12.06 15:07:03 INFO  no build target found for /home/lucas/projects/advent-of-code-25/src/main/scala/Main.scala. Using presentation compiler with project's scala-library version: 3.3.6[0m
2025.12.06 15:14:53 INFO  no build target found for /home/lucas/projects/advent-of-code-25/src/main/scala/Main.scala. Using presentation compiler with project's scala-library version: 3.3.6[0m
2025.12.06 15:14:53 INFO  no build target found for /home/lucas/projects/advent-of-code-25/src/main/scala/Main.scala. Using presentation compiler with project's scala-library version: 3.3.6[0m
2025.12.06 15:14:53 INFO  no build target found for /home/lucas/projects/advent-of-code-25/src/main/scala/Main.scala. Using presentation compiler with project's scala-library version: 3.3.6[0m
2025.12.06 15:14:53 INFO  no build target found for /home/lucas/projects/advent-of-code-25/src/main/scala/Main.scala. Using presentation compiler with project's scala-library version: 3.3.6[0m
2025.12.06 15:14:53 INFO  no build target found for /home/lucas/projects/advent-of-code-25/src/main/scala/Main.scala. Using presentation compiler with project's scala-library version: 3.3.6[0m
2025.12.06 15:14:53 WARN  no build target for: /home/lucas/projects/advent-of-code-25/src/main/scala/Main.scala[0m
2025.12.06 15:14:54 INFO  no build target found for /home/lucas/projects/advent-of-code-25/src/main/scala/Main.scala. Using presentation compiler with project's scala-library version: 3.3.6[0m
2025.12.06 17:43:55 INFO  no build target found for /home/lucas/projects/advent-of-code-25/src/main/scala/Main.scala. Using presentation compiler with project's scala-library version: 3.3.6[0m
2025.12.06 17:43:57 INFO  no build target found for /home/lucas/projects/advent-of-code-25/src/main/scala/Main.scala. Using presentation compiler with project's scala-library version: 3.3.6[0m
2025.12.06 17:43:57 INFO  no build target found for /home/lucas/projects/advent-of-code-25/src/main/scala/Main.scala. Using presentation compiler with project's scala-library version: 3.3.6[0m
2025.12.06 17:43:57 INFO  no build target found for /home/lucas/projects/advent-of-code-25/src/main/scala/Main.scala. Using presentation compiler with project's scala-library version: 3.3.6[0m
2025.12.06 17:43:59 INFO  no build target found for /home/lucas/projects/advent-of-code-25/src/main/scala/Main.scala. Using presentation compiler with project's scala-library version: 3.3.6[0m
2025.12.06 17:43:59 INFO  no build target found for /home/lucas/projects/advent-of-code-25/src/main/scala/Main.scala. Using presentation compiler with project's scala-library version: 3.3.6[0m
2025.12.06 17:43:59 INFO  no build target found for /home/lucas/projects/advent-of-code-25/src/main/scala/Main.scala. Using presentation compiler with project's scala-library version: 3.3.6[0m
2025.12.06 17:44:00 INFO  no build target found for /home/lucas/projects/advent-of-code-25/src/main/scala/Main.scala. Using presentation compiler with project's scala-library version: 3.3.6[0m
2025.12.06 17:44:00 INFO  no build target found for /home/lucas/projects/advent-of-code-25/src/main/scala/Main.scala. Using presentation compiler with project's scala-library version: 3.3.6[0m
2025.12.06 17:44:00 INFO  no build target found for /home/lucas/projects/advent-of-code-25/src/main/scala/Main.scala. Using presentation compiler with project's scala-library version: 3.3.6[0m
2025.12.06 17:44:01 INFO  no build target found for /home/lucas/projects/advent-of-code-25/src/main/scala/Main.scala. Using presentation compiler with project's scala-library version: 3.3.6[0m
2025.12.06 17:44:01 INFO  no build target found for /home/lucas/projects/advent-of-code-25/src/main/scala/Main.scala. Using presentation compiler with project's scala-library version: 3.3.6[0m
2025.12.06 17:44:02 INFO  no build target found for /home/lucas/projects/advent-of-code-25/src/main/scala/Main.scala. Using presentation compiler with project's scala-library version: 3.3.6[0m
2025.12.06 17:44:05 INFO  no build target found for /home/lucas/projects/advent-of-code-25/src/main/scala/Main.scala. Using presentation compiler with project's scala-library version: 3.3.6[0m
2025.12.06 17:44:05 INFO  no build target found for /home/lucas/projects/advent-of-code-25/src/main/scala/Main.scala. Using presentation compiler with project's scala-library version: 3.3.6[0m
2025.12.06 17:44:05 INFO  no build target found for /home/lucas/projects/advent-of-code-25/src/main/scala/Main.scala. Using presentation compiler with project's scala-library version: 3.3.6[0m
2025.12.06 17:44:05 INFO  no build target found for /home/lucas/projects/advent-of-code-25/src/main/scala/Main.scala. Using presentation compiler with project's scala-library version: 3.3.6[0m
2025.12.06 17:44:05 INFO  no build target found for /home/lucas/projects/advent-of-code-25/src/main/scala/Main.scala. Using presentation compiler with project's scala-library version: 3.3.6[0m
2025.12.06 17:44:05 INFO  no build target found for /home/lucas/projects/advent-of-code-25/src/main/scala/Main.scala. Using presentation compiler with project's scala-library version: 3.3.6[0m
2025.12.06 17:44:06 INFO  no build target found for /home/lucas/projects/advent-of-code-25/src/main/scala/Main.scala. Using presentation compiler with project's scala-library version: 3.3.6[0m
2025.12.06 17:44:06 INFO  no build target found for /home/lucas/projects/advent-of-code-25/src/main/scala/Main.scala. Using presentation compiler with project's scala-library version: 3.3.6[0m
2025.12.06 17:44:06 INFO  no build target found for /home/lucas/projects/advent-of-code-25/src/main/scala/Main.scala. Using presentation compiler with project's scala-library version: 3.3.6[0m
2025.12.06 17:44:06 INFO  no build target found for /home/lucas/projects/advent-of-code-25/src/main/scala/Main.scala. Using presentation compiler with project's scala-library version: 3.3.6[0m
Dec 06, 2025 5:44:06 PM org.eclipse.lsp4j.jsonrpc.RemoteEndpoint handleCancellation
WARNING: Unmatched cancel notification for request id 4897
2025.12.06 17:44:06 INFO  no build target found for /home/lucas/projects/advent-of-code-25/src/main/scala/Main.scala. Using presentation compiler with project's scala-library version: 3.3.6[0m
2025.12.06 17:44:07 INFO  no build target found for /home/lucas/projects/advent-of-code-25/src/main/scala/Main.scala. Using presentation compiler with project's scala-library version: 3.3.6[0m
Dec 06, 2025 5:44:07 PM org.eclipse.lsp4j.jsonrpc.RemoteEndpoint handleCancellation
WARNING: Unmatched cancel notification for request id 4901
2025.12.06 17:44:06 INFO  no build target found for /home/lucas/projects/advent-of-code-25/src/main/scala/Main.scala. Using presentation compiler with project's scala-library version: 3.3.6[0m
2025.12.06 17:44:07 INFO  no build target found for /home/lucas/projects/advent-of-code-25/src/main/scala/Main.scala. Using presentation compiler with project's scala-library version: 3.3.6[0m
2025.12.06 17:44:07 INFO  no build target found for /home/lucas/projects/advent-of-code-25/src/main/scala/Main.scala. Using presentation compiler with project's scala-library version: 3.3.6[0m
2025.12.06 17:44:07 INFO  no build target found for /home/lucas/projects/advent-of-code-25/src/main/scala/Main.scala. Using presentation compiler with project's scala-library version: 3.3.6[0m
2025.12.06 17:44:07 INFO  no build target found for /home/lucas/projects/advent-of-code-25/src/main/scala/Main.scala. Using presentation compiler with project's scala-library version: 3.3.6[0m
2025.12.06 17:44:08 INFO  no build target found for /home/lucas/projects/advent-of-code-25/src/main/scala/Main.scala. Using presentation compiler with project's scala-library version: 3.3.6[0m
2025.12.06 17:44:08 INFO  no build target found for /home/lucas/projects/advent-of-code-25/src/main/scala/Main.scala. Using presentation compiler with project's scala-library version: 3.3.6[0m
2025.12.06 17:44:08 INFO  no build target found for /home/lucas/projects/advent-of-code-25/src/main/scala/Main.scala. Using presentation compiler with project's scala-library version: 3.3.6[0m
2025.12.06 17:44:08 INFO  no build target found for /home/lucas/projects/advent-of-code-25/src/main/scala/Main.scala. Using presentation compiler with project's scala-library version: 3.3.6[0m
2025.12.06 17:44:08 INFO  no build target found for /home/lucas/projects/advent-of-code-25/src/main/scala/Main.scala. Using presentation compiler with project's scala-library version: 3.3.6[0m
2025.12.06 17:44:08 INFO  no build target found for /home/lucas/projects/advent-of-code-25/src/main/scala/Main.scala. Using presentation compiler with project's scala-library version: 3.3.6[0m
2025.12.06 17:44:09 INFO  no build target found for /home/lucas/projects/advent-of-code-25/src/main/scala/Main.scala. Using presentation compiler with project's scala-library version: 3.3.6[0m
2025.12.06 17:44:11 INFO  no build target found for /home/lucas/projects/advent-of-code-25/src/main/scala/Main.scala. Using presentation compiler with project's scala-library version: 3.3.6[0m
2025.12.06 17:44:11 INFO  no build target found for /home/lucas/projects/advent-of-code-25/src/main/scala/Main.scala. Using presentation compiler with project's scala-library version: 3.3.6[0m
2025.12.06 17:44:12 INFO  no build target found for /home/lucas/projects/advent-of-code-25/src/main/scala/Main.scala. Using presentation compiler with project's scala-library version: 3.3.6[0m
2025.12.06 17:44:12 INFO  no build target found for /home/lucas/projects/advent-of-code-25/src/main/scala/Main.scala. Using presentation compiler with project's scala-library version: 3.3.6[0m
2025.12.06 17:44:14 INFO  no build target found for /home/lucas/projects/advent-of-code-25/src/main/scala/Main.scala. Using presentation compiler with project's scala-library version: 3.3.6[0m
2025.12.06 17:44:14 INFO  no build target found for /home/lucas/projects/advent-of-code-25/src/main/scala/Main.scala. Using presentation compiler with project's scala-library version: 3.3.6[0m
2025.12.06 17:45:04 INFO  no build target found for /home/lucas/projects/advent-of-code-25/src/main/scala/Main.scala. Using presentation compiler with project's scala-library version: 3.3.6[0m
2025.12.06 17:45:04 INFO  no build target found for /home/lucas/projects/advent-of-code-25/src/main/scala/Main.scala. Using presentation compiler with project's scala-library version: 3.3.6[0m
2025.12.06 17:45:04 INFO  no build target found for /home/lucas/projects/advent-of-code-25/src/main/scala/Main.scala. Using presentation compiler with project's scala-library version: 3.3.6[0m
2025.12.06 17:45:04 INFO  no build target found for /home/lucas/projects/advent-of-code-25/src/main/scala/Main.scala. Using presentation compiler with project's scala-library version: 3.3.6[0m
2025.12.06 17:45:05 INFO  no build target found for /home/lucas/projects/advent-of-code-25/src/main/scala/Main.scala. Using presentation compiler with project's scala-library version: 3.3.6[0m
2025.12.06 17:45:05 INFO  no build target found for /home/lucas/projects/advent-of-code-25/src/main/scala/Main.scala. Using presentation compiler with project's scala-library version: 3.3.6[0m
2025.12.06 17:45:13 INFO  no build target found for /home/lucas/projects/advent-of-code-25/src/main/scala/Main.scala. Using presentation compiler with project's scala-library version: 3.3.6[0m
2025.12.06 17:45:13 INFO  no build target found for /home/lucas/projects/advent-of-code-25/src/main/scala/Main.scala. Using presentation compiler with project's scala-library version: 3.3.6[0m
2025.12.06 17:45:21 INFO  no build target found for /home/lucas/projects/advent-of-code-25/src/main/scala/Main.scala. Using presentation compiler with project's scala-library version: 3.3.6[0m
2025.12.06 17:45:21 INFO  no build target found for /home/lucas/projects/advent-of-code-25/src/main/scala/Main.scala. Using presentation compiler with project's scala-library version: 3.3.6[0m
2025.12.06 17:45:21 INFO  no build target found for /home/lucas/projects/advent-of-code-25/src/main/scala/Main.scala. Using presentation compiler with project's scala-library version: 3.3.6[0m
2025.12.06 17:45:21 INFO  no build target found for /home/lucas/projects/advent-of-code-25/src/main/scala/Main.scala. Using presentation compiler with project's scala-library version: 3.3.6[0m
2025.12.06 17:45:23 INFO  no build target found for /home/lucas/projects/advent-of-code-25/src/main/scala/Main.scala. Using presentation compiler with project's scala-library version: 3.3.6[0m
2025.12.06 17:45:23 INFO  no build target found for /home/lucas/projects/advent-of-code-25/src/main/scala/Main.scala. Using presentation compiler with project's scala-library version: 3.3.6[0m
2025.12.06 17:45:24 INFO  no build target found for /home/lucas/projects/advent-of-code-25/src/main/scala/Main.scala. Using presentation compiler with project's scala-library version: 3.3.6[0m
2025.12.06 17:45:36 INFO  no build target found for /home/lucas/projects/advent-of-code-25/src/main/scala/Main.scala. Using presentation compiler with project's scala-library version: 3.3.6[0m
2025.12.06 17:45:36 INFO  no build target found for /home/lucas/projects/advent-of-code-25/src/main/scala/Main.scala. Using presentation compiler with project's scala-library version: 3.3.6[0m
2025.12.06 17:45:36 INFO  no build target found for /home/lucas/projects/advent-of-code-25/src/main/scala/Main.scala. Using presentation compiler with project's scala-library version: 3.3.6[0m
2025.12.06 17:45:36 INFO  no build target found for /home/lucas/projects/advent-of-code-25/src/main/scala/Main.scala. Using presentation compiler with project's scala-library version: 3.3.6[0m
2025.12.06 17:45:36 INFO  no build target found for /home/lucas/projects/advent-of-code-25/src/main/scala/Main.scala. Using presentation compiler with project's scala-library version: 3.3.6[0m
2025.12.06 17:45:37 INFO  no build target found for /home/lucas/projects/advent-of-code-25/src/main/scala/Main.scala. Using presentation compiler with project's scala-library version: 3.3.6[0m
2025.12.06 17:45:37 INFO  no build target found for /home/lucas/projects/advent-of-code-25/src/main/scala/Main.scala. Using presentation compiler with project's scala-library version: 3.3.6[0m
2025.12.06 17:45:38 INFO  no build target found for /home/lucas/projects/advent-of-code-25/src/main/scala/Main.scala. Using presentation compiler with project's scala-library version: 3.3.6[0m
2025.12.06 17:45:38 INFO  no build target found for /home/lucas/projects/advent-of-code-25/src/main/scala/Main.scala. Using presentation compiler with project's scala-library version: 3.3.6[0m
2025.12.06 17:45:38 INFO  no build target found for /home/lucas/projects/advent-of-code-25/src/main/scala/Main.scala. Using presentation compiler with project's scala-library version: 3.3.6[0m
2025.12.06 17:45:39 INFO  no build target found for /home/lucas/projects/advent-of-code-25/src/main/scala/Main.scala. Using presentation compiler with project's scala-library version: 3.3.6[0m
2025.12.06 17:45:39 INFO  no build target found for /home/lucas/projects/advent-of-code-25/src/main/scala/Main.scala. Using presentation compiler with project's scala-library version: 3.3.6[0m
2025.12.06 17:45:39 INFO  no build target found for /home/lucas/projects/advent-of-code-25/src/main/scala/Main.scala. Using presentation compiler with project's scala-library version: 3.3.6[0m
2025.12.06 17:45:40 INFO  no build target found for /home/lucas/projects/advent-of-code-25/src/main/scala/Main.scala. Using presentation compiler with project's scala-library version: 3.3.6[0m
2025.12.06 17:45:41 INFO  no build target found for /home/lucas/projects/advent-of-code-25/src/main/scala/Main.scala. Using presentation compiler with project's scala-library version: 3.3.6[0m
2025.12.06 17:45:41 INFO  no build target found for /home/lucas/projects/advent-of-code-25/src/main/scala/Main.scala. Using presentation compiler with project's scala-library version: 3.3.6[0m
2025.12.06 17:45:44 INFO  no build target found for /home/lucas/projects/advent-of-code-25/src/main/scala/Main.scala. Using presentation compiler with project's scala-library version: 3.3.6[0m
2025.12.06 17:45:44 INFO  no build target found for /home/lucas/projects/advent-of-code-25/src/main/scala/Main.scala. Using presentation compiler with project's scala-library version: 3.3.6[0m
2025.12.06 17:45:46 INFO  no build target found for /home/lucas/projects/advent-of-code-25/src/main/scala/Main.scala. Using presentation compiler with project's scala-library version: 3.3.6[0m
2025.12.06 17:45:52 INFO  no build target found for /home/lucas/projects/advent-of-code-25/src/main/scala/Main.scala. Using presentation compiler with project's scala-library version: 3.3.6[0m
2025.12.06 17:45:52 INFO  no build target found for /home/lucas/projects/advent-of-code-25/src/main/scala/Main.scala. Using presentation compiler with project's scala-library version: 3.3.6[0m
2025.12.06 17:45:53 INFO  no build target found for /home/lucas/projects/advent-of-code-25/src/main/scala/Main.scala. Using presentation compiler with project's scala-library version: 3.3.6[0m
2025.12.06 17:45:53 INFO  no build target found for /home/lucas/projects/advent-of-code-25/src/main/scala/Main.scala. Using presentation compiler with project's scala-library version: 3.3.6[0m
2025.12.06 17:45:56 INFO  no build target found for /home/lucas/projects/advent-of-code-25/src/main/scala/Main.scala. Using presentation compiler with project's scala-library version: 3.3.6[0m
2025.12.06 17:45:57 INFO  no build target found for /home/lucas/projects/advent-of-code-25/src/main/scala/Main.scala. Using presentation compiler with project's scala-library version: 3.3.6[0m
2025.12.06 17:45:57 INFO  no build target found for /home/lucas/projects/advent-of-code-25/src/main/scala/Main.scala. Using presentation compiler with project's scala-library version: 3.3.6[0m
2025.12.06 17:45:56 INFO  no build target found for /home/lucas/projects/advent-of-code-25/src/main/scala/Main.scala. Using presentation compiler with project's scala-library version: 3.3.6[0m
2025.12.06 17:45:56 INFO  no build target found for /home/lucas/projects/advent-of-code-25/src/main/scala/Main.scala. Using presentation compiler with project's scala-library version: 3.3.6[0m
2025.12.06 17:45:56 INFO  no build target found for /home/lucas/projects/advent-of-code-25/src/main/scala/Main.scala. Using presentation compiler with project's scala-library version: 3.3.6[0m
2025.12.06 17:45:57 INFO  no build target found for /home/lucas/projects/advent-of-code-25/src/main/scala/Main.scala. Using presentation compiler with project's scala-library version: 3.3.6[0m
2025.12.06 17:45:57 INFO  no build target found for /home/lucas/projects/advent-of-code-25/src/main/scala/Main.scala. Using presentation compiler with project's scala-library version: 3.3.6[0m
2025.12.06 17:46:41 INFO  no build target found for /home/lucas/projects/advent-of-code-25/src/main/scala/Main.scala. Using presentation compiler with project's scala-library version: 3.3.6[0m
2025.12.06 17:46:44 INFO  no build target found for /home/lucas/projects/advent-of-code-25/src/main/scala/Main.scala. Using presentation compiler with project's scala-library version: 3.3.6[0m
2025.12.06 17:46:46 INFO  no build target found for /home/lucas/projects/advent-of-code-25/src/main/scala/Main.scala. Using presentation compiler with project's scala-library version: 3.3.6[0m
2025.12.06 17:46:49 INFO  no build target found for /home/lucas/projects/advent-of-code-25/src/main/scala/Main.scala. Using presentation compiler with project's scala-library version: 3.3.6[0m
2025.12.06 17:46:49 INFO  no build target found for /home/lucas/projects/advent-of-code-25/src/main/scala/Main.scala. Using presentation compiler with project's scala-library version: 3.3.6[0m
2025.12.06 17:46:49 INFO  no build target found for /home/lucas/projects/advent-of-code-25/src/main/scala/Main.scala. Using presentation compiler with project's scala-library version: 3.3.6[0m
2025.12.06 17:46:49 INFO  no build target found for /home/lucas/projects/advent-of-code-25/src/main/scala/Main.scala. Using presentation compiler with project's scala-library version: 3.3.6[0m
2025.12.06 17:46:49 WARN  no build target for: /home/lucas/projects/advent-of-code-25/src/main/scala/Main.scala[0m
2025.12.06 17:46:49 INFO  no build target found for /home/lucas/projects/advent-of-code-25/src/main/scala/Main.scala. Using presentation compiler with project's scala-library version: 3.3.6[0m
2025.12.06 17:46:51 INFO  no build target found for /home/lucas/projects/advent-of-code-25/src/main/scala/Main.scala. Using presentation compiler with project's scala-library version: 3.3.6[0m
2025.12.06 17:46:51 INFO  no build target found for /home/lucas/projects/advent-of-code-25/src/main/scala/Main.scala. Using presentation compiler with project's scala-library version: 3.3.6[0m
2025.12.06 17:46:51 INFO  no build target found for /home/lucas/projects/advent-of-code-25/src/main/scala/Main.scala. Using presentation compiler with project's scala-library version: 3.3.6[0m
2025.12.06 17:46:56 INFO  no build target found for /home/lucas/projects/advent-of-code-25/build.sbt. Using presentation compiler with project's scala-library version: 3.3.6[0m
2025.12.06 17:46:56 WARN  no build target for: /home/lucas/projects/advent-of-code-25/build.sbt[0m
2025.12.06 17:46:56 INFO  no build target found for /home/lucas/projects/advent-of-code-25/build.sbt. Using presentation compiler with project's scala-library version: 3.3.6[0m
2025.12.06 17:46:56 INFO  no build target found for /home/lucas/projects/advent-of-code-25/build.sbt. Using presentation compiler with project's scala-library version: 3.3.6[0m
2025.12.06 17:46:56 INFO  no build target found for /home/lucas/projects/advent-of-code-25/src/main/scala/Main.scala. Using presentation compiler with project's scala-library version: 3.3.6[0m
2025.12.06 17:46:57 WARN  no build target for: /home/lucas/projects/advent-of-code-25/src/main/scala/Main.scala[0m
2025.12.06 17:46:56 INFO  no build target found for /home/lucas/projects/advent-of-code-25/src/main/scala/Main.scala. Using presentation compiler with project's scala-library version: 3.3.6[0m
2025.12.06 17:46:56 INFO  no build target found for /home/lucas/projects/advent-of-code-25/src/main/scala/Main.scala. Using presentation compiler with project's scala-library version: 3.3.6[0m
2025.12.06 17:46:56 INFO  no build target found for /home/lucas/projects/advent-of-code-25/src/main/scala/Main.scala. Using presentation compiler with project's scala-library version: 3.3.6[0m
2025.12.06 17:47:05 INFO  no build target found for /home/lucas/projects/advent-of-code-25/src/main/scala/Main.scala. Using presentation compiler with project's scala-library version: 3.3.6[0m
2025.12.06 17:47:06 INFO  no build target found for /home/lucas/projects/advent-of-code-25/src/main/scala/Main.scala. Using presentation compiler with project's scala-library version: 3.3.6[0m
2025.12.06 17:47:12 INFO  no build target found for /home/lucas/projects/advent-of-code-25/src/main/scala/Main.scala. Using presentation compiler with project's scala-library version: 3.3.6[0m
2025.12.06 17:47:14 INFO  no build target found for /home/lucas/projects/advent-of-code-25/src/main/scala/Main.scala. Using presentation compiler with project's scala-library version: 3.3.6[0m
2025.12.06 17:47:16 INFO  no build target found for /home/lucas/projects/advent-of-code-25/src/main/scala/Main.scala. Using presentation compiler with project's scala-library version: 3.3.6[0m
2025.12.06 17:47:18 INFO  no build target found for /home/lucas/projects/advent-of-code-25/src/main/scala/Main.scala. Using presentation compiler with project's scala-library version: 3.3.6[0m
2025.12.06 17:47:18 INFO  no build target found for /home/lucas/projects/advent-of-code-25/src/main/scala/Main.scala. Using presentation compiler with project's scala-library version: 3.3.6[0m
2025.12.06 17:47:20 INFO  no build target found for /home/lucas/projects/advent-of-code-25/src/main/scala/Main.scala. Using presentation compiler with project's scala-library version: 3.3.6[0m
2025.12.06 17:47:20 INFO  no build target found for /home/lucas/projects/advent-of-code-25/src/main/scala/Main.scala. Using presentation compiler with project's scala-library version: 3.3.6[0m
2025.12.06 17:47:22 INFO  no build target found for /home/lucas/projects/advent-of-code-25/src/main/scala/Main.scala. Using presentation compiler with project's scala-library version: 3.3.6[0m
2025.12.06 17:47:22 INFO  no build target found for /home/lucas/projects/advent-of-code-25/src/main/scala/Main.scala. Using presentation compiler with project's scala-library version: 3.3.6[0m
2025.12.06 17:47:22 INFO  no build target found for /home/lucas/projects/advent-of-code-25/src/main/scala/Main.scala. Using presentation compiler with project's scala-library version: 3.3.6[0m
2025.12.06 17:47:22 INFO  no build target found for /home/lucas/projects/advent-of-code-25/src/main/scala/Main.scala. Using presentation compiler with project's scala-library version: 3.3.6[0m
2025.12.06 17:47:22 INFO  no build target found for /home/lucas/projects/advent-of-code-25/src/main/scala/Main.scala. Using presentation compiler with project's scala-library version: 3.3.6[0m
2025.12.06 17:47:23 INFO  no build target found for /home/lucas/projects/advent-of-code-25/src/main/scala/Main.scala. Using presentation compiler with project's scala-library version: 3.3.6[0m
2025.12.06 17:47:23 INFO  no build target found for /home/lucas/projects/advent-of-code-25/src/main/scala/Main.scala. Using presentation compiler with project's scala-library version: 3.3.6[0m
2025.12.06 17:47:23 INFO  no build target found for /home/lucas/projects/advent-of-code-25/src/main/scala/Main.scala. Using presentation compiler with project's scala-library version: 3.3.6[0m
2025.12.06 17:47:23 INFO  no build target found for /home/lucas/projects/advent-of-code-25/src/main/scala/Main.scala. Using presentation compiler with project's scala-library version: 3.3.6[0m
2025.12.06 17:47:23 INFO  no build target found for /home/lucas/projects/advent-of-code-25/src/main/scala/Main.scala. Using presentation compiler with project's scala-library version: 3.3.6[0m
2025.12.06 17:47:23 INFO  no build target found for /home/lucas/projects/advent-of-code-25/src/main/scala/Main.scala. Using presentation compiler with project's scala-library version: 3.3.6[0m
2025.12.06 17:47:23 INFO  no build target found for /home/lucas/projects/advent-of-code-25/src/main/scala/Main.scala. Using presentation compiler with project's scala-library version: 3.3.6[0m
2025.12.06 17:47:24 INFO  no build target found for /home/lucas/projects/advent-of-code-25/src/main/scala/Main.scala. Using presentation compiler with project's scala-library version: 3.3.6[0m
2025.12.06 17:47:24 INFO  no build target found for /home/lucas/projects/advent-of-code-25/src/main/scala/Main.scala. Using presentation compiler with project's scala-library version: 3.3.6[0m
2025.12.06 17:47:24 INFO  no build target found for /home/lucas/projects/advent-of-code-25/src/main/scala/Main.scala. Using presentation compiler with project's scala-library version: 3.3.6[0m
2025.12.06 17:47:24 INFO  no build target found for /home/lucas/projects/advent-of-code-25/src/main/scala/Main.scala. Using presentation compiler with project's scala-library version: 3.3.6[0m
2025.12.06 17:47:25 INFO  no build target found for /home/lucas/projects/advent-of-code-25/src/main/scala/Main.scala. Using presentation compiler with project's scala-library version: 3.3.6[0m
2025.12.06 17:47:25 INFO  no build target found for /home/lucas/projects/advent-of-code-25/src/main/scala/Main.scala. Using presentation compiler with project's scala-library version: 3.3.6[0m
2025.12.06 17:47:24 INFO  no build target found for /home/lucas/projects/advent-of-code-25/src/main/scala/Main.scala. Using presentation compiler with project's scala-library version: 3.3.6[0m
2025.12.06 17:47:24 INFO  no build target found for /home/lucas/projects/advent-of-code-25/src/main/scala/Main.scala. Using presentation compiler with project's scala-library version: 3.3.6[0m
2025.12.06 17:47:24 INFO  no build target found for /home/lucas/projects/advent-of-code-25/src/main/scala/Main.scala. Using presentation compiler with project's scala-library version: 3.3.6[0m
2025.12.06 17:47:25 INFO  no build target found for /home/lucas/projects/advent-of-code-25/src/main/scala/Main.scala. Using presentation compiler with project's scala-library version: 3.3.6[0m
2025.12.06 17:47:25 INFO  no build target found for /home/lucas/projects/advent-of-code-25/src/main/scala/Main.scala. Using presentation compiler with project's scala-library version: 3.3.6[0m
2025.12.06 17:47:26 INFO  no build target found for /home/lucas/projects/advent-of-code-25/src/main/scala/Main.scala. Using presentation compiler with project's scala-library version: 3.3.6[0m
2025.12.06 17:47:26 INFO  no build target found for /home/lucas/projects/advent-of-code-25/src/main/scala/Main.scala. Using presentation compiler with project's scala-library version: 3.3.6[0m
2025.12.06 17:47:26 INFO  no build target found for /home/lucas/projects/advent-of-code-25/src/main/scala/Main.scala. Using presentation compiler with project's scala-library version: 3.3.6[0m
2025.12.06 17:47:26 INFO  no build target found for /home/lucas/projects/advent-of-code-25/src/main/scala/Main.scala. Using presentation compiler with project's scala-library version: 3.3.6[0m
2025.12.06 17:47:26 INFO  no build target found for /home/lucas/projects/advent-of-code-25/src/main/scala/Main.scala. Using presentation compiler with project's scala-library version: 3.3.6[0m
2025.12.06 17:47:26 INFO  no build target found for /home/lucas/projects/advent-of-code-25/src/main/scala/Main.scala. Using presentation compiler with project's scala-library version: 3.3.6[0m
2025.12.06 17:47:27 INFO  no build target found for /home/lucas/projects/advent-of-code-25/src/main/scala/Main.scala. Using presentation compiler with project's scala-library version: 3.3.6[0m
2025.12.06 17:47:27 INFO  no build target found for /home/lucas/projects/advent-of-code-25/src/main/scala/Main.scala. Using presentation compiler with project's scala-library version: 3.3.6[0m
2025.12.06 17:47:26 INFO  no build target found for /home/lucas/projects/advent-of-code-25/src/main/scala/Main.scala. Using presentation compiler with project's scala-library version: 3.3.6[0m
2025.12.06 17:47:27 INFO  no build target found for /home/lucas/projects/advent-of-code-25/src/main/scala/Main.scala. Using presentation compiler with project's scala-library version: 3.3.6[0m
2025.12.06 17:47:27 WARN  no build target for: /home/lucas/projects/advent-of-code-25/src/main/scala/Main.scala[0m
2025.12.06 17:47:27 INFO  no build target found for /home/lucas/projects/advent-of-code-25/src/main/scala/Main.scala. Using presentation compiler with project's scala-library version: 3.3.6[0m
2025.12.06 17:47:28 INFO  no build target found for /home/lucas/projects/advent-of-code-25/src/main/scala/Main.scala. Using presentation compiler with project's scala-library version: 3.3.6[0m
2025.12.06 17:47:28 INFO  no build target found for /home/lucas/projects/advent-of-code-25/src/main/scala/Main.scala. Using presentation compiler with project's scala-library version: 3.3.6[0m
2025.12.06 17:47:29 INFO  no build target found for /home/lucas/projects/advent-of-code-25/src/main/scala/Main.scala. Using presentation compiler with project's scala-library version: 3.3.6[0m
2025.12.06 17:47:29 INFO  no build target found for /home/lucas/projects/advent-of-code-25/src/main/scala/Main.scala. Using presentation compiler with project's scala-library version: 3.3.6[0m
2025.12.06 17:47:29 INFO  no build target found for /home/lucas/projects/advent-of-code-25/src/main/scala/Main.scala. Using presentation compiler with project's scala-library version: 3.3.6[0m
2025.12.06 17:47:29 INFO  no build target found for /home/lucas/projects/advent-of-code-25/src/main/scala/Main.scala. Using presentation compiler with project's scala-library version: 3.3.6[0m
2025.12.06 17:47:29 INFO  no build target found for /home/lucas/projects/advent-of-code-25/src/main/scala/Main.scala. Using presentation compiler with project's scala-library version: 3.3.6[0m
2025.12.06 17:47:29 INFO  no build target found for /home/lucas/projects/advent-of-code-25/src/main/scala/Main.scala. Using presentation compiler with project's scala-library version: 3.3.6[0m
2025.12.06 17:47:30 INFO  no build target found for /home/lucas/projects/advent-of-code-25/src/main/scala/Main.scala. Using presentation compiler with project's scala-library version: 3.3.6[0m
2025.12.06 17:47:30 INFO  no build target found for /home/lucas/projects/advent-of-code-25/src/main/scala/Main.scala. Using presentation compiler with project's scala-library version: 3.3.6[0m
Exception in thread "pool-1720-thread-1" java.lang.InterruptedException
	at scala.meta.internal.metals.FutureCancelToken.checkCanceled(FutureCancelToken.scala:29)
	at scala.meta.internal.pc.CompilerAccess.onCompilerJobQueue$$anonfun$1(CompilerAccess.scala:244)
	at scala.meta.internal.pc.CompilerJobQueue$Job.run(CompilerJobQueue.scala:153)
	at java.base/java.util.concurrent.ThreadPoolExecutor.runWorker(Unknown Source)
	at java.base/java.util.concurrent.ThreadPoolExecutor$Worker.run(Unknown Source)
	at java.base/java.lang.Thread.run(Unknown Source)
2025.12.06 17:47:30 INFO  no build target found for /home/lucas/projects/advent-of-code-25/src/main/scala/Main.scala. Using presentation compiler with project's scala-library version: 3.3.6[0m
2025.12.06 17:47:29 WARN  no build target for: /home/lucas/projects/advent-of-code-25/src/main/scala/Main.scala[0m
2025.12.06 17:47:30 INFO  no build target found for /home/lucas/projects/advent-of-code-25/src/main/scala/Main.scala. Using presentation compiler with project's scala-library version: 3.3.6[0m
2025.12.06 17:50:12 INFO  no build target found for /home/lucas/projects/advent-of-code-25/src/main/scala/Main.scala. Using presentation compiler with project's scala-library version: 3.3.6[0m
2025.12.06 17:50:12 INFO  no build target found for /home/lucas/projects/advent-of-code-25/src/main/scala/Main.scala. Using presentation compiler with project's scala-library version: 3.3.6[0m
2025.12.06 17:50:14 INFO  no build target found for /home/lucas/projects/advent-of-code-25/src/main/scala/Main.scala. Using presentation compiler with project's scala-library version: 3.3.6[0m
2025.12.06 17:50:14 INFO  no build target found for /home/lucas/projects/advent-of-code-25/src/main/scala/Main.scala. Using presentation compiler with project's scala-library version: 3.3.6[0m
2025.12.06 17:50:14 INFO  no build target found for /home/lucas/projects/advent-of-code-25/src/main/scala/Main.scala. Using presentation compiler with project's scala-library version: 3.3.6[0m
2025.12.06 17:50:14 INFO  no build target found for /home/lucas/projects/advent-of-code-25/src/main/scala/Main.scala. Using presentation compiler with project's scala-library version: 3.3.6[0m
2025.12.06 17:50:14 INFO  no build target found for /home/lucas/projects/advent-of-code-25/src/main/scala/Main.scala. Using presentation compiler with project's scala-library version: 3.3.6[0m
2025.12.06 17:50:14 INFO  no build target found for /home/lucas/projects/advent-of-code-25/src/main/scala/Main.scala. Using presentation compiler with project's scala-library version: 3.3.6[0m
2025.12.06 17:50:16 INFO  no build target found for /home/lucas/projects/advent-of-code-25/src/main/scala/Main.scala. Using presentation compiler with project's scala-library version: 3.3.6[0m
2025.12.06 17:50:16 INFO  no build target found for /home/lucas/projects/advent-of-code-25/src/main/scala/Main.scala. Using presentation compiler with project's scala-library version: 3.3.6[0m
2025.12.06 17:50:18 INFO  no build target found for /home/lucas/projects/advent-of-code-25/src/main/scala/Main.scala. Using presentation compiler with project's scala-library version: 3.3.6[0m
2025.12.06 17:50:18 INFO  no build target found for /home/lucas/projects/advent-of-code-25/src/main/scala/Main.scala. Using presentation compiler with project's scala-library version: 3.3.6[0m
2025.12.06 17:50:18 INFO  no build target found for /home/lucas/projects/advent-of-code-25/src/main/scala/Main.scala. Using presentation compiler with project's scala-library version: 3.3.6[0m
2025.12.06 17:50:19 INFO  no build target found for /home/lucas/projects/advent-of-code-25/src/main/scala/Main.scala. Using presentation compiler with project's scala-library version: 3.3.6[0m
2025.12.06 17:50:19 INFO  no build target found for /home/lucas/projects/advent-of-code-25/src/main/scala/Main.scala. Using presentation compiler with project's scala-library version: 3.3.6[0m
2025.12.06 17:50:19 INFO  no build target found for /home/lucas/projects/advent-of-code-25/src/main/scala/Main.scala. Using presentation compiler with project's scala-library version: 3.3.6[0m
2025.12.06 17:51:05 INFO  no build target found for /home/lucas/projects/advent-of-code-25/src/main/scala/Main.scala. Using presentation compiler with project's scala-library version: 3.3.6[0m
2025.12.06 17:51:05 INFO  no build target found for /home/lucas/projects/advent-of-code-25/src/main/scala/Main.scala. Using presentation compiler with project's scala-library version: 3.3.6[0m
2025.12.06 17:51:05 INFO  no build target found for /home/lucas/projects/advent-of-code-25/src/main/scala/Main.scala. Using presentation compiler with project's scala-library version: 3.3.6[0m
2025.12.06 17:51:06 INFO  no build target found for /home/lucas/projects/advent-of-code-25/src/main/scala/Main.scala. Using presentation compiler with project's scala-library version: 3.3.6[0m
2025.12.06 17:51:06 INFO  no build target found for /home/lucas/projects/advent-of-code-25/src/main/scala/Main.scala. Using presentation compiler with project's scala-library version: 3.3.6[0m
2025.12.06 17:51:08 INFO  no build target found for /home/lucas/projects/advent-of-code-25/src/main/scala/Main.scala. Using presentation compiler with project's scala-library version: 3.3.6[0m
2025.12.06 17:51:08 INFO  no build target found for /home/lucas/projects/advent-of-code-25/src/main/scala/Main.scala. Using presentation compiler with project's scala-library version: 3.3.6[0m
2025.12.06 17:51:09 INFO  no build target found for /home/lucas/projects/advent-of-code-25/src/main/scala/Main.scala. Using presentation compiler with project's scala-library version: 3.3.6[0m
2025.12.06 17:51:09 INFO  no build target found for /home/lucas/projects/advent-of-code-25/src/main/scala/Main.scala. Using presentation compiler with project's scala-library version: 3.3.6[0m
2025.12.06 17:51:11 INFO  no build target found for /home/lucas/projects/advent-of-code-25/src/main/scala/Main.scala. Using presentation compiler with project's scala-library version: 3.3.6[0m
2025.12.06 17:51:11 INFO  no build target found for /home/lucas/projects/advent-of-code-25/src/main/scala/Main.scala. Using presentation compiler with project's scala-library version: 3.3.6[0m
2025.12.06 17:51:12 INFO  no build target found for /home/lucas/projects/advent-of-code-25/src/main/scala/Main.scala. Using presentation compiler with project's scala-library version: 3.3.6[0m
2025.12.06 17:51:12 INFO  no build target found for /home/lucas/projects/advent-of-code-25/src/main/scala/Main.scala. Using presentation compiler with project's scala-library version: 3.3.6[0m
2025.12.06 17:51:12 INFO  no build target found for /home/lucas/projects/advent-of-code-25/src/main/scala/Main.scala. Using presentation compiler with project's scala-library version: 3.3.6[0m
2025.12.06 17:51:12 INFO  no build target found for /home/lucas/projects/advent-of-code-25/src/main/scala/Main.scala. Using presentation compiler with project's scala-library version: 3.3.6[0m
2025.12.06 17:51:13 INFO  no build target found for /home/lucas/projects/advent-of-code-25/src/main/scala/Main.scala. Using presentation compiler with project's scala-library version: 3.3.6[0m
2025.12.06 17:52:34 INFO  no build target found for /home/lucas/projects/advent-of-code-25/src/main/scala/Main.scala. Using presentation compiler with project's scala-library version: 3.3.6[0m
2025.12.06 17:52:34 INFO  no build target found for /home/lucas/projects/advent-of-code-25/src/main/scala/Main.scala. Using presentation compiler with project's scala-library version: 3.3.6[0m
2025.12.06 17:52:34 INFO  no build target found for /home/lucas/projects/advent-of-code-25/src/main/scala/Main.scala. Using presentation compiler with project's scala-library version: 3.3.6[0m
2025.12.06 17:52:34 INFO  no build target found for /home/lucas/projects/advent-of-code-25/src/main/scala/Main.scala. Using presentation compiler with project's scala-library version: 3.3.6[0m
2025.12.06 17:52:34 INFO  no build target found for /home/lucas/projects/advent-of-code-25/src/main/scala/Main.scala. Using presentation compiler with project's scala-library version: 3.3.6[0m
2025.12.06 17:52:39 INFO  no build target found for /home/lucas/projects/advent-of-code-25/src/main/scala/Main.scala. Using presentation compiler with project's scala-library version: 3.3.6[0m
2025.12.06 17:52:39 INFO  no build target found for /home/lucas/projects/advent-of-code-25/src/main/scala/Main.scala. Using presentation compiler with project's scala-library version: 3.3.6[0m
2025.12.06 17:52:50 INFO  no build target found for /home/lucas/projects/advent-of-code-25/src/main/scala/Main.scala. Using presentation compiler with project's scala-library version: 3.3.6[0m
2025.12.06 17:52:50 INFO  no build target found for /home/lucas/projects/advent-of-code-25/src/main/scala/Main.scala. Using presentation compiler with project's scala-library version: 3.3.6[0m
2025.12.06 17:52:52 INFO  no build target found for /home/lucas/projects/advent-of-code-25/src/main/scala/Main.scala. Using presentation compiler with project's scala-library version: 3.3.6[0m
2025.12.06 17:52:52 INFO  no build target found for /home/lucas/projects/advent-of-code-25/src/main/scala/Main.scala. Using presentation compiler with project's scala-library version: 3.3.6[0m
2025.12.06 17:52:52 INFO  no build target found for /home/lucas/projects/advent-of-code-25/src/main/scala/Main.scala. Using presentation compiler with project's scala-library version: 3.3.6[0m
2025.12.06 17:52:54 INFO  no build target found for /home/lucas/projects/advent-of-code-25/src/main/scala/Main.scala. Using presentation compiler with project's scala-library version: 3.3.6[0m
2025.12.06 17:52:54 INFO  no build target found for /home/lucas/projects/advent-of-code-25/src/main/scala/Main.scala. Using presentation compiler with project's scala-library version: 3.3.6[0m
2025.12.06 17:52:54 INFO  no build target found for /home/lucas/projects/advent-of-code-25/src/main/scala/Main.scala. Using presentation compiler with project's scala-library version: 3.3.6[0m
2025.12.06 17:52:54 INFO  no build target found for /home/lucas/projects/advent-of-code-25/src/main/scala/Main.scala. Using presentation compiler with project's scala-library version: 3.3.6[0m
Dec 06, 2025 5:52:54 PM org.eclipse.lsp4j.jsonrpc.RemoteEndpoint handleCancellation
WARNING: Unmatched cancel notification for request id 5162
2025.12.06 17:52:54 INFO  no build target found for /home/lucas/projects/advent-of-code-25/src/main/scala/Main.scala. Using presentation compiler with project's scala-library version: 3.3.6[0m
2025.12.06 17:52:54 INFO  no build target found for /home/lucas/projects/advent-of-code-25/src/main/scala/Main.scala. Using presentation compiler with project's scala-library version: 3.3.6[0m
2025.12.06 17:52:54 INFO  no build target found for /home/lucas/projects/advent-of-code-25/src/main/scala/Main.scala. Using presentation compiler with project's scala-library version: 3.3.6[0m
2025.12.06 17:52:54 INFO  no build target found for /home/lucas/projects/advent-of-code-25/src/main/scala/Main.scala. Using presentation compiler with project's scala-library version: 3.3.6[0m
2025.12.06 17:52:54 INFO  no build target found for /home/lucas/projects/advent-of-code-25/src/main/scala/Main.scala. Using presentation compiler with project's scala-library version: 3.3.6[0m
2025.12.06 17:52:55 INFO  no build target found for /home/lucas/projects/advent-of-code-25/src/main/scala/Main.scala. Using presentation compiler with project's scala-library version: 3.3.6[0m
2025.12.06 17:52:55 INFO  no build target found for /home/lucas/projects/advent-of-code-25/src/main/scala/Main.scala. Using presentation compiler with project's scala-library version: 3.3.6[0m
2025.12.06 17:52:55 INFO  no build target found for /home/lucas/projects/advent-of-code-25/src/main/scala/Main.scala. Using presentation compiler with project's scala-library version: 3.3.6[0m
2025.12.06 17:52:55 INFO  no build target found for /home/lucas/projects/advent-of-code-25/src/main/scala/Main.scala. Using presentation compiler with project's scala-library version: 3.3.6[0m
2025.12.06 17:53:00 INFO  no build target found for /home/lucas/projects/advent-of-code-25/src/main/scala/Main.scala. Using presentation compiler with project's scala-library version: 3.3.6[0m
2025.12.06 17:53:00 INFO  no build target found for /home/lucas/projects/advent-of-code-25/src/main/scala/Main.scala. Using presentation compiler with project's scala-library version: 3.3.6[0m
2025.12.06 17:53:00 INFO  no build target found for /home/lucas/projects/advent-of-code-25/src/main/scala/Main.scala. Using presentation compiler with project's scala-library version: 3.3.6[0m
2025.12.06 17:53:02 INFO  no build target found for /home/lucas/projects/advent-of-code-25/src/main/scala/Main.scala. Using presentation compiler with project's scala-library version: 3.3.6[0m
2025.12.06 17:53:02 INFO  no build target found for /home/lucas/projects/advent-of-code-25/src/main/scala/Main.scala. Using presentation compiler with project's scala-library version: 3.3.6[0m
2025.12.06 17:53:02 INFO  no build target found for /home/lucas/projects/advent-of-code-25/src/main/scala/Main.scala. Using presentation compiler with project's scala-library version: 3.3.6[0m
2025.12.06 17:53:02 INFO  no build target found for /home/lucas/projects/advent-of-code-25/src/main/scala/Main.scala. Using presentation compiler with project's scala-library version: 3.3.6[0m
2025.12.06 17:53:02 INFO  no build target found for /home/lucas/projects/advent-of-code-25/src/main/scala/Main.scala. Using presentation compiler with project's scala-library version: 3.3.6[0m
2025.12.06 17:53:02 INFO  no build target found for /home/lucas/projects/advent-of-code-25/src/main/scala/Main.scala. Using presentation compiler with project's scala-library version: 3.3.6[0m
2025.12.06 17:53:02 INFO  no build target found for /home/lucas/projects/advent-of-code-25/src/main/scala/Main.scala. Using presentation compiler with project's scala-library version: 3.3.6[0m
2025.12.06 17:53:02 INFO  no build target found for /home/lucas/projects/advent-of-code-25/src/main/scala/Main.scala. Using presentation compiler with project's scala-library version: 3.3.6[0m
2025.12.06 17:53:02 INFO  no build target found for /home/lucas/projects/advent-of-code-25/src/main/scala/Main.scala. Using presentation compiler with project's scala-library version: 3.3.6[0m
2025.12.06 17:53:02 INFO  no build target found for /home/lucas/projects/advent-of-code-25/src/main/scala/Main.scala. Using presentation compiler with project's scala-library version: 3.3.6[0m
2025.12.06 17:53:02 INFO  no build target found for /home/lucas/projects/advent-of-code-25/src/main/scala/Main.scala. Using presentation compiler with project's scala-library version: 3.3.6[0m
2025.12.06 17:53:03 INFO  no build target found for /home/lucas/projects/advent-of-code-25/src/main/scala/Main.scala. Using presentation compiler with project's scala-library version: 3.3.6[0m
2025.12.06 17:53:03 INFO  no build target found for /home/lucas/projects/advent-of-code-25/src/main/scala/Main.scala. Using presentation compiler with project's scala-library version: 3.3.6[0m
2025.12.06 17:53:03 INFO  no build target found for /home/lucas/projects/advent-of-code-25/src/main/scala/Main.scala. Using presentation compiler with project's scala-library version: 3.3.6[0m
2025.12.06 17:53:03 INFO  no build target found for /home/lucas/projects/advent-of-code-25/src/main/scala/Main.scala. Using presentation compiler with project's scala-library version: 3.3.6[0m
2025.12.06 17:53:03 INFO  no build target found for /home/lucas/projects/advent-of-code-25/src/main/scala/Main.scala. Using presentation compiler with project's scala-library version: 3.3.6[0m
2025.12.06 17:53:05 INFO  no build target found for /home/lucas/projects/advent-of-code-25/src/main/scala/Main.scala. Using presentation compiler with project's scala-library version: 3.3.6[0m
2025.12.06 17:53:05 INFO  no build target found for /home/lucas/projects/advent-of-code-25/src/main/scala/Main.scala. Using presentation compiler with project's scala-library version: 3.3.6[0m
2025.12.06 17:53:05 INFO  no build target found for /home/lucas/projects/advent-of-code-25/src/main/scala/Main.scala. Using presentation compiler with project's scala-library version: 3.3.6[0m
2025.12.06 17:53:05 INFO  no build target found for /home/lucas/projects/advent-of-code-25/src/main/scala/Main.scala. Using presentation compiler with project's scala-library version: 3.3.6[0m
2025.12.06 17:53:05 INFO  no build target found for /home/lucas/projects/advent-of-code-25/src/main/scala/Main.scala. Using presentation compiler with project's scala-library version: 3.3.6[0m
2025.12.06 17:53:05 INFO  no build target found for /home/lucas/projects/advent-of-code-25/src/main/scala/Main.scala. Using presentation compiler with project's scala-library version: 3.3.6[0m
2025.12.06 17:53:05 INFO  no build target found for /home/lucas/projects/advent-of-code-25/src/main/scala/Main.scala. Using presentation compiler with project's scala-library version: 3.3.6[0m
2025.12.06 17:53:05 INFO  no build target found for /home/lucas/projects/advent-of-code-25/src/main/scala/Main.scala. Using presentation compiler with project's scala-library version: 3.3.6[0m
2025.12.06 17:53:05 INFO  no build target found for /home/lucas/projects/advent-of-code-25/src/main/scala/Main.scala. Using presentation compiler with project's scala-library version: 3.3.6[0m
2025.12.06 17:53:05 INFO  no build target found for /home/lucas/projects/advent-of-code-25/src/main/scala/Main.scala. Using presentation compiler with project's scala-library version: 3.3.6[0m
2025.12.06 17:53:06 INFO  no build target found for /home/lucas/projects/advent-of-code-25/src/main/scala/Main.scala. Using presentation compiler with project's scala-library version: 3.3.6[0m
2025.12.06 17:53:06 INFO  no build target found for /home/lucas/projects/advent-of-code-25/src/main/scala/Main.scala. Using presentation compiler with project's scala-library version: 3.3.6[0m
2025.12.06 17:53:06 INFO  no build target found for /home/lucas/projects/advent-of-code-25/src/main/scala/Main.scala. Using presentation compiler with project's scala-library version: 3.3.6[0m
2025.12.06 17:53:06 INFO  no build target found for /home/lucas/projects/advent-of-code-25/src/main/scala/Main.scala. Using presentation compiler with project's scala-library version: 3.3.6[0m
2025.12.06 17:53:07 INFO  no build target found for /home/lucas/projects/advent-of-code-25/src/main/scala/Main.scala. Using presentation compiler with project's scala-library version: 3.3.6[0m
2025.12.06 17:53:07 INFO  no build target found for /home/lucas/projects/advent-of-code-25/src/main/scala/Main.scala. Using presentation compiler with project's scala-library version: 3.3.6[0m
2025.12.06 17:53:07 INFO  no build target found for /home/lucas/projects/advent-of-code-25/src/main/scala/Main.scala. Using presentation compiler with project's scala-library version: 3.3.6[0m
2025.12.06 17:53:09 INFO  no build target found for /home/lucas/projects/advent-of-code-25/src/main/scala/Main.scala. Using presentation compiler with project's scala-library version: 3.3.6[0m
2025.12.06 17:53:10 INFO  no build target found for /home/lucas/projects/advent-of-code-25/src/main/scala/Main.scala. Using presentation compiler with project's scala-library version: 3.3.6[0m
2025.12.06 17:53:10 INFO  no build target found for /home/lucas/projects/advent-of-code-25/src/main/scala/Main.scala. Using presentation compiler with project's scala-library version: 3.3.6[0m
2025.12.06 17:53:12 INFO  no build target found for /home/lucas/projects/advent-of-code-25/src/main/scala/Main.scala. Using presentation compiler with project's scala-library version: 3.3.6[0m
2025.12.06 17:53:12 INFO  no build target found for /home/lucas/projects/advent-of-code-25/src/main/scala/Main.scala. Using presentation compiler with project's scala-library version: 3.3.6[0m
2025.12.06 17:53:13 INFO  no build target found for /home/lucas/projects/advent-of-code-25/src/main/scala/Main.scala. Using presentation compiler with project's scala-library version: 3.3.6[0m
2025.12.06 17:53:14 INFO  no build target found for /home/lucas/projects/advent-of-code-25/src/main/scala/Main.scala. Using presentation compiler with project's scala-library version: 3.3.6[0m
2025.12.06 17:53:14 INFO  no build target found for /home/lucas/projects/advent-of-code-25/src/main/scala/Main.scala. Using presentation compiler with project's scala-library version: 3.3.6[0m
2025.12.06 17:53:19 INFO  no build target found for /home/lucas/projects/advent-of-code-25/src/main/scala/Main.scala. Using presentation compiler with project's scala-library version: 3.3.6[0m
2025.12.06 17:53:22 INFO  no build target found for /home/lucas/projects/advent-of-code-25/src/main/scala/Main.scala. Using presentation compiler with project's scala-library version: 3.3.6[0m
Dec 06, 2025 5:53:22 PM org.eclipse.lsp4j.jsonrpc.RemoteEndpoint handleCancellation
WARNING: Unmatched cancel notification for request id 5232
2025.12.06 17:53:22 INFO  no build target found for /home/lucas/projects/advent-of-code-25/src/main/scala/Main.scala. Using presentation compiler with project's scala-library version: 3.3.6[0m
2025.12.06 17:53:22 INFO  no build target found for /home/lucas/projects/advent-of-code-25/src/main/scala/Main.scala. Using presentation compiler with project's scala-library version: 3.3.6[0m
2025.12.06 17:53:35 INFO  no build target found for /home/lucas/projects/advent-of-code-25/src/main/scala/Main.scala. Using presentation compiler with project's scala-library version: 3.3.6[0m
2025.12.06 17:53:39 INFO  no build target found for /home/lucas/projects/advent-of-code-25/src/main/scala/Main.scala. Using presentation compiler with project's scala-library version: 3.3.6[0m
2025.12.06 17:53:39 INFO  no build target found for /home/lucas/projects/advent-of-code-25/src/main/scala/Main.scala. Using presentation compiler with project's scala-library version: 3.3.6[0m
2025.12.06 17:53:39 INFO  no build target found for /home/lucas/projects/advent-of-code-25/src/main/scala/Main.scala. Using presentation compiler with project's scala-library version: 3.3.6[0m
2025.12.06 17:53:41 INFO  no build target found for /home/lucas/projects/advent-of-code-25/src/main/scala/Main.scala. Using presentation compiler with project's scala-library version: 3.3.6[0m
2025.12.06 17:53:41 INFO  no build target found for /home/lucas/projects/advent-of-code-25/src/main/scala/Main.scala. Using presentation compiler with project's scala-library version: 3.3.6[0m
2025.12.06 17:53:41 INFO  no build target found for /home/lucas/projects/advent-of-code-25/src/main/scala/Main.scala. Using presentation compiler with project's scala-library version: 3.3.6[0m
2025.12.06 17:53:42 INFO  no build target found for /home/lucas/projects/advent-of-code-25/src/main/scala/Main.scala. Using presentation compiler with project's scala-library version: 3.3.6[0m
2025.12.06 17:53:44 INFO  no build target found for /home/lucas/projects/advent-of-code-25/src/main/scala/Main.scala. Using presentation compiler with project's scala-library version: 3.3.6[0m
2025.12.06 17:53:45 INFO  no build target found for /home/lucas/projects/advent-of-code-25/src/main/scala/Main.scala. Using presentation compiler with project's scala-library version: 3.3.6[0m
2025.12.06 17:53:45 INFO  no build target found for /home/lucas/projects/advent-of-code-25/src/main/scala/Main.scala. Using presentation compiler with project's scala-library version: 3.3.6[0m
2025.12.06 17:53:46 INFO  no build target found for /home/lucas/projects/advent-of-code-25/src/main/scala/Main.scala. Using presentation compiler with project's scala-library version: 3.3.6[0m
2025.12.06 17:53:46 INFO  no build target found for /home/lucas/projects/advent-of-code-25/src/main/scala/Main.scala. Using presentation compiler with project's scala-library version: 3.3.6[0m
2025.12.06 17:53:46 INFO  no build target found for /home/lucas/projects/advent-of-code-25/src/main/scala/Main.scala. Using presentation compiler with project's scala-library version: 3.3.6[0m
2025.12.06 17:53:46 INFO  no build target found for /home/lucas/projects/advent-of-code-25/src/main/scala/Main.scala. Using presentation compiler with project's scala-library version: 3.3.6[0m
2025.12.06 17:53:46 WARN  no build target for: /home/lucas/projects/advent-of-code-25/src/main/scala/Main.scala[0m
2025.12.06 17:53:47 INFO  no build target found for /home/lucas/projects/advent-of-code-25/src/main/scala/Main.scala. Using presentation compiler with project's scala-library version: 3.3.6[0m
2025.12.06 17:53:48 INFO  no build target found for /home/lucas/projects/advent-of-code-25/src/main/scala/Main.scala. Using presentation compiler with project's scala-library version: 3.3.6[0m
2025.12.06 17:53:50 INFO  no build target found for /home/lucas/projects/advent-of-code-25/src/main/scala/Main.scala. Using presentation compiler with project's scala-library version: 3.3.6[0m
2025.12.06 17:53:50 INFO  no build target found for /home/lucas/projects/advent-of-code-25/src/main/scala/Main.scala. Using presentation compiler with project's scala-library version: 3.3.6[0m
2025.12.06 17:53:50 INFO  no build target found for /home/lucas/projects/advent-of-code-25/src/main/scala/Main.scala. Using presentation compiler with project's scala-library version: 3.3.6[0m
2025.12.06 17:53:51 INFO  no build target found for /home/lucas/projects/advent-of-code-25/src/main/scala/Main.scala. Using presentation compiler with project's scala-library version: 3.3.6[0m
2025.12.06 17:53:52 INFO  no build target found for /home/lucas/projects/advent-of-code-25/src/main/scala/Main.scala. Using presentation compiler with project's scala-library version: 3.3.6[0m
2025.12.06 17:53:52 INFO  no build target found for /home/lucas/projects/advent-of-code-25/src/main/scala/Main.scala. Using presentation compiler with project's scala-library version: 3.3.6[0m
2025.12.06 17:53:52 INFO  no build target found for /home/lucas/projects/advent-of-code-25/src/main/scala/Main.scala. Using presentation compiler with project's scala-library version: 3.3.6[0m
2025.12.06 17:53:53 INFO  no build target found for /home/lucas/projects/advent-of-code-25/src/main/scala/Main.scala. Using presentation compiler with project's scala-library version: 3.3.6[0m
2025.12.06 17:53:56 INFO  no build target found for /home/lucas/projects/advent-of-code-25/src/main/scala/Main.scala. Using presentation compiler with project's scala-library version: 3.3.6[0m
2025.12.06 17:53:56 INFO  no build target found for /home/lucas/projects/advent-of-code-25/src/main/scala/Main.scala. Using presentation compiler with project's scala-library version: 3.3.6[0m
2025.12.06 17:53:56 INFO  no build target found for /home/lucas/projects/advent-of-code-25/src/main/scala/Main.scala. Using presentation compiler with project's scala-library version: 3.3.6[0m
2025.12.06 17:53:57 INFO  no build target found for /home/lucas/projects/advent-of-code-25/src/main/scala/Main.scala. Using presentation compiler with project's scala-library version: 3.3.6[0m
2025.12.06 17:53:57 INFO  no build target found for /home/lucas/projects/advent-of-code-25/src/main/scala/Main.scala. Using presentation compiler with project's scala-library version: 3.3.6[0m
2025.12.06 17:53:58 INFO  no build target found for /home/lucas/projects/advent-of-code-25/src/main/scala/Main.scala. Using presentation compiler with project's scala-library version: 3.3.6[0m
2025.12.06 17:53:58 INFO  no build target found for /home/lucas/projects/advent-of-code-25/src/main/scala/Main.scala. Using presentation compiler with project's scala-library version: 3.3.6[0m
2025.12.06 17:53:58 INFO  no build target found for /home/lucas/projects/advent-of-code-25/src/main/scala/Main.scala. Using presentation compiler with project's scala-library version: 3.3.6[0m
2025.12.06 17:53:59 INFO  no build target found for /home/lucas/projects/advent-of-code-25/src/main/scala/Main.scala. Using presentation compiler with project's scala-library version: 3.3.6[0m
2025.12.06 17:54:04 INFO  no build target found for /home/lucas/projects/advent-of-code-25/src/main/scala/Main.scala. Using presentation compiler with project's scala-library version: 3.3.6[0m
2025.12.06 17:54:04 INFO  no build target found for /home/lucas/projects/advent-of-code-25/src/main/scala/Main.scala. Using presentation compiler with project's scala-library version: 3.3.6[0m
2025.12.06 17:54:08 INFO  no build target found for /home/lucas/projects/advent-of-code-25/src/main/scala/Main.scala. Using presentation compiler with project's scala-library version: 3.3.6[0m
2025.12.06 17:54:08 INFO  no build target found for /home/lucas/projects/advent-of-code-25/src/main/scala/Main.scala. Using presentation compiler with project's scala-library version: 3.3.6[0m
2025.12.06 17:54:08 INFO  no build target found for /home/lucas/projects/advent-of-code-25/src/main/scala/Main.scala. Using presentation compiler with project's scala-library version: 3.3.6[0m
2025.12.06 17:54:08 INFO  no build target found for /home/lucas/projects/advent-of-code-25/src/main/scala/Main.scala. Using presentation compiler with project's scala-library version: 3.3.6[0m
2025.12.06 17:54:08 INFO  no build target found for /home/lucas/projects/advent-of-code-25/src/main/scala/Main.scala. Using presentation compiler with project's scala-library version: 3.3.6[0m
2025.12.06 17:54:09 INFO  no build target found for /home/lucas/projects/advent-of-code-25/src/main/scala/Main.scala. Using presentation compiler with project's scala-library version: 3.3.6[0m
2025.12.06 17:54:09 INFO  no build target found for /home/lucas/projects/advent-of-code-25/src/main/scala/Main.scala. Using presentation compiler with project's scala-library version: 3.3.6[0m
2025.12.06 17:54:12 INFO  no build target found for /home/lucas/projects/advent-of-code-25/src/main/scala/Main.scala. Using presentation compiler with project's scala-library version: 3.3.6[0m
2025.12.06 17:54:12 INFO  no build target found for /home/lucas/projects/advent-of-code-25/src/main/scala/Main.scala. Using presentation compiler with project's scala-library version: 3.3.6[0m
2025.12.06 17:54:12 INFO  no build target found for /home/lucas/projects/advent-of-code-25/src/main/scala/Main.scala. Using presentation compiler with project's scala-library version: 3.3.6[0m
2025.12.06 17:54:12 INFO  no build target found for /home/lucas/projects/advent-of-code-25/src/main/scala/Main.scala. Using presentation compiler with project's scala-library version: 3.3.6[0m
2025.12.06 17:54:14 INFO  no build target found for /home/lucas/projects/advent-of-code-25/src/main/scala/Main.scala. Using presentation compiler with project's scala-library version: 3.3.6[0m
2025.12.06 17:54:14 INFO  no build target found for /home/lucas/projects/advent-of-code-25/src/main/scala/Main.scala. Using presentation compiler with project's scala-library version: 3.3.6[0m
2025.12.06 17:54:15 INFO  no build target found for /home/lucas/projects/advent-of-code-25/src/main/scala/Main.scala. Using presentation compiler with project's scala-library version: 3.3.6[0m
2025.12.06 17:54:15 INFO  no build target found for /home/lucas/projects/advent-of-code-25/src/main/scala/Main.scala. Using presentation compiler with project's scala-library version: 3.3.6[0m
2025.12.06 17:54:16 INFO  no build target found for /home/lucas/projects/advent-of-code-25/src/main/scala/Main.scala. Using presentation compiler with project's scala-library version: 3.3.6[0m
2025.12.06 17:54:16 INFO  no build target found for /home/lucas/projects/advent-of-code-25/src/main/scala/Main.scala. Using presentation compiler with project's scala-library version: 3.3.6[0m
2025.12.06 17:54:16 INFO  no build target found for /home/lucas/projects/advent-of-code-25/src/main/scala/Main.scala. Using presentation compiler with project's scala-library version: 3.3.6[0m
2025.12.06 17:54:16 INFO  no build target found for /home/lucas/projects/advent-of-code-25/src/main/scala/Main.scala. Using presentation compiler with project's scala-library version: 3.3.6[0m
2025.12.06 17:54:16 INFO  no build target found for /home/lucas/projects/advent-of-code-25/src/main/scala/Main.scala. Using presentation compiler with project's scala-library version: 3.3.6[0m
2025.12.06 17:54:17 INFO  no build target found for /home/lucas/projects/advent-of-code-25/src/main/scala/Main.scala. Using presentation compiler with project's scala-library version: 3.3.6[0m
2025.12.06 17:54:18 INFO  no build target found for /home/lucas/projects/advent-of-code-25/src/main/scala/Main.scala. Using presentation compiler with project's scala-library version: 3.3.6[0m
2025.12.06 17:54:18 WARN  no build target for: /home/lucas/projects/advent-of-code-25/src/main/scala/Main.scala[0m
2025.12.06 17:54:18 INFO  no build target found for /home/lucas/projects/advent-of-code-25/src/main/scala/Main.scala. Using presentation compiler with project's scala-library version: 3.3.6[0m
2025.12.06 17:54:18 INFO  no build target found for /home/lucas/projects/advent-of-code-25/src/main/scala/Main.scala. Using presentation compiler with project's scala-library version: 3.3.6[0m
2025.12.06 17:54:18 INFO  empty definition using pc, found symbol in pc: `<none>`. (full report at: "/home/lucas/projects/advent-of-code-25/.metals/.reports/metals-full/2025-12-06/r_empty-definition_14-56-46-756.md")[0m
2025.12.06 17:54:44 INFO  no build target found for /home/lucas/projects/advent-of-code-25/src/main/scala/Main.scala. Using presentation compiler with project's scala-library version: 3.3.6[0m
2025.12.06 17:54:44 INFO  no build target found for /home/lucas/projects/advent-of-code-25/src/main/scala/Main.scala. Using presentation compiler with project's scala-library version: 3.3.6[0m
2025.12.06 17:54:44 INFO  no build target found for /home/lucas/projects/advent-of-code-25/src/main/scala/Main.scala. Using presentation compiler with project's scala-library version: 3.3.6[0m
2025.12.06 17:54:44 INFO  no build target found for /home/lucas/projects/advent-of-code-25/src/main/scala/Main.scala. Using presentation compiler with project's scala-library version: 3.3.6[0m
2025.12.06 17:54:45 INFO  no build target found for /home/lucas/projects/advent-of-code-25/src/main/scala/Main.scala. Using presentation compiler with project's scala-library version: 3.3.6[0m
2025.12.06 17:54:45 INFO  no build target found for /home/lucas/projects/advent-of-code-25/src/main/scala/Main.scala. Using presentation compiler with project's scala-library version: 3.3.6[0m
2025.12.06 17:54:45 INFO  no build target found for /home/lucas/projects/advent-of-code-25/src/main/scala/Main.scala. Using presentation compiler with project's scala-library version: 3.3.6[0m
2025.12.06 17:54:45 INFO  no build target found for /home/lucas/projects/advent-of-code-25/src/main/scala/Main.scala. Using presentation compiler with project's scala-library version: 3.3.6[0m
2025.12.06 17:54:45 INFO  no build target found for /home/lucas/projects/advent-of-code-25/src/main/scala/Main.scala. Using presentation compiler with project's scala-library version: 3.3.6[0m
2025.12.06 17:54:45 INFO  no build target found for /home/lucas/projects/advent-of-code-25/src/main/scala/Main.scala. Using presentation compiler with project's scala-library version: 3.3.6[0m
2025.12.06 17:54:45 INFO  no build target found for /home/lucas/projects/advent-of-code-25/src/main/scala/Main.scala. Using presentation compiler with project's scala-library version: 3.3.6[0m
2025.12.06 17:54:46 INFO  no build target found for /home/lucas/projects/advent-of-code-25/src/main/scala/Main.scala. Using presentation compiler with project's scala-library version: 3.3.6[0m
2025.12.06 17:54:46 INFO  no build target found for /home/lucas/projects/advent-of-code-25/src/main/scala/Main.scala. Using presentation compiler with project's scala-library version: 3.3.6[0m
2025.12.06 17:54:46 INFO  no build target found for /home/lucas/projects/advent-of-code-25/src/main/scala/Main.scala. Using presentation compiler with project's scala-library version: 3.3.6[0m
2025.12.06 17:54:46 INFO  no build target found for /home/lucas/projects/advent-of-code-25/src/main/scala/Main.scala. Using presentation compiler with project's scala-library version: 3.3.6[0m
2025.12.06 17:54:46 INFO  no build target found for /home/lucas/projects/advent-of-code-25/src/main/scala/Main.scala. Using presentation compiler with project's scala-library version: 3.3.6[0m
2025.12.06 17:54:46 INFO  no build target found for /home/lucas/projects/advent-of-code-25/src/main/scala/Main.scala. Using presentation compiler with project's scala-library version: 3.3.6[0m
2025.12.06 17:54:46 INFO  no build target found for /home/lucas/projects/advent-of-code-25/src/main/scala/Main.scala. Using presentation compiler with project's scala-library version: 3.3.6[0m
2025.12.06 17:54:46 INFO  no build target found for /home/lucas/projects/advent-of-code-25/src/main/scala/Main.scala. Using presentation compiler with project's scala-library version: 3.3.6[0m
2025.12.06 17:54:46 INFO  no build target found for /home/lucas/projects/advent-of-code-25/src/main/scala/Main.scala. Using presentation compiler with project's scala-library version: 3.3.6[0m
2025.12.06 17:54:47 INFO  no build target found for /home/lucas/projects/advent-of-code-25/src/main/scala/Main.scala. Using presentation compiler with project's scala-library version: 3.3.6[0m
2025.12.06 17:54:47 INFO  no build target found for /home/lucas/projects/advent-of-code-25/src/main/scala/Main.scala. Using presentation compiler with project's scala-library version: 3.3.6[0m
2025.12.06 17:54:47 INFO  no build target found for /home/lucas/projects/advent-of-code-25/src/main/scala/Main.scala. Using presentation compiler with project's scala-library version: 3.3.6[0m
2025.12.06 17:54:47 INFO  no build target found for /home/lucas/projects/advent-of-code-25/src/main/scala/Main.scala. Using presentation compiler with project's scala-library version: 3.3.6[0m
2025.12.06 17:54:47 INFO  no build target found for /home/lucas/projects/advent-of-code-25/src/main/scala/Main.scala. Using presentation compiler with project's scala-library version: 3.3.6[0m
2025.12.06 17:54:47 INFO  no build target found for /home/lucas/projects/advent-of-code-25/src/main/scala/Main.scala. Using presentation compiler with project's scala-library version: 3.3.6[0m
2025.12.06 17:54:48 INFO  no build target found for /home/lucas/projects/advent-of-code-25/src/main/scala/Main.scala. Using presentation compiler with project's scala-library version: 3.3.6[0m
2025.12.06 17:54:48 INFO  no build target found for /home/lucas/projects/advent-of-code-25/src/main/scala/Main.scala. Using presentation compiler with project's scala-library version: 3.3.6[0m
2025.12.06 17:54:48 INFO  no build target found for /home/lucas/projects/advent-of-code-25/src/main/scala/Main.scala. Using presentation compiler with project's scala-library version: 3.3.6[0m
2025.12.06 17:54:48 WARN  no build target for: /home/lucas/projects/advent-of-code-25/src/main/scala/Main.scala[0m
2025.12.06 17:54:48 INFO  no build target found for /home/lucas/projects/advent-of-code-25/src/main/scala/Main.scala. Using presentation compiler with project's scala-library version: 3.3.6[0m
2025.12.06 17:54:48 INFO  no build target found for /home/lucas/projects/advent-of-code-25/src/main/scala/Main.scala. Using presentation compiler with project's scala-library version: 3.3.6[0m
2025.12.06 17:54:48 INFO  no build target found for /home/lucas/projects/advent-of-code-25/src/main/scala/Main.scala. Using presentation compiler with project's scala-library version: 3.3.6[0m
2025.12.06 17:54:48 INFO  no build target found for /home/lucas/projects/advent-of-code-25/src/main/scala/Main.scala. Using presentation compiler with project's scala-library version: 3.3.6[0m
2025.12.06 17:55:13 INFO  no build target found for /home/lucas/projects/advent-of-code-25/src/main/scala/Main.scala. Using presentation compiler with project's scala-library version: 3.3.6[0m
2025.12.06 17:55:13 INFO  no build target found for /home/lucas/projects/advent-of-code-25/src/main/scala/Main.scala. Using presentation compiler with project's scala-library version: 3.3.6[0m
2025.12.06 17:55:13 INFO  no build target found for /home/lucas/projects/advent-of-code-25/src/main/scala/Main.scala. Using presentation compiler with project's scala-library version: 3.3.6[0m
2025.12.06 17:55:13 INFO  no build target found for /home/lucas/projects/advent-of-code-25/src/main/scala/Main.scala. Using presentation compiler with project's scala-library version: 3.3.6[0m
2025.12.06 17:55:13 INFO  no build target found for /home/lucas/projects/advent-of-code-25/src/main/scala/Main.scala. Using presentation compiler with project's scala-library version: 3.3.6[0m
2025.12.06 17:55:14 INFO  no build target found for /home/lucas/projects/advent-of-code-25/src/main/scala/Main.scala. Using presentation compiler with project's scala-library version: 3.3.6[0m
2025.12.06 17:55:14 INFO  no build target found for /home/lucas/projects/advent-of-code-25/src/main/scala/Main.scala. Using presentation compiler with project's scala-library version: 3.3.6[0m
2025.12.06 17:55:14 INFO  no build target found for /home/lucas/projects/advent-of-code-25/src/main/scala/Main.scala. Using presentation compiler with project's scala-library version: 3.3.6[0m
2025.12.06 17:55:16 INFO  no build target found for /home/lucas/projects/advent-of-code-25/src/main/scala/Main.scala. Using presentation compiler with project's scala-library version: 3.3.6[0m
2025.12.06 17:55:16 INFO  no build target found for /home/lucas/projects/advent-of-code-25/src/main/scala/Main.scala. Using presentation compiler with project's scala-library version: 3.3.6[0m
2025.12.06 17:55:17 INFO  no build target found for /home/lucas/projects/advent-of-code-25/src/main/scala/Main.scala. Using presentation compiler with project's scala-library version: 3.3.6[0m
2025.12.06 17:55:17 INFO  no build target found for /home/lucas/projects/advent-of-code-25/src/main/scala/Main.scala. Using presentation compiler with project's scala-library version: 3.3.6[0m
2025.12.06 17:55:21 INFO  no build target found for /home/lucas/projects/advent-of-code-25/src/main/scala/Main.scala. Using presentation compiler with project's scala-library version: 3.3.6[0m
2025.12.06 17:55:21 INFO  no build target found for /home/lucas/projects/advent-of-code-25/src/main/scala/Main.scala. Using presentation compiler with project's scala-library version: 3.3.6[0m
2025.12.06 17:55:23 INFO  no build target found for /home/lucas/projects/advent-of-code-25/src/main/scala/Main.scala. Using presentation compiler with project's scala-library version: 3.3.6[0m
2025.12.06 17:55:24 INFO  no build target found for /home/lucas/projects/advent-of-code-25/src/main/scala/Main.scala. Using presentation compiler with project's scala-library version: 3.3.6[0m
2025.12.06 17:55:24 INFO  no build target found for /home/lucas/projects/advent-of-code-25/src/main/scala/Main.scala. Using presentation compiler with project's scala-library version: 3.3.6[0m
2025.12.06 17:55:24 INFO  no build target found for /home/lucas/projects/advent-of-code-25/src/main/scala/Main.scala. Using presentation compiler with project's scala-library version: 3.3.6[0m
2025.12.06 17:55:24 INFO  no build target found for /home/lucas/projects/advent-of-code-25/src/main/scala/Main.scala. Using presentation compiler with project's scala-library version: 3.3.6[0m
2025.12.06 17:55:25 INFO  no build target found for /home/lucas/projects/advent-of-code-25/src/main/scala/Main.scala. Using presentation compiler with project's scala-library version: 3.3.6[0m
2025.12.06 17:55:25 INFO  no build target found for /home/lucas/projects/advent-of-code-25/src/main/scala/Main.scala. Using presentation compiler with project's scala-library version: 3.3.6[0m
2025.12.06 17:55:25 INFO  no build target found for /home/lucas/projects/advent-of-code-25/src/main/scala/Main.scala. Using presentation compiler with project's scala-library version: 3.3.6[0m
2025.12.06 17:55:25 INFO  no build target found for /home/lucas/projects/advent-of-code-25/src/main/scala/Main.scala. Using presentation compiler with project's scala-library version: 3.3.6[0m
2025.12.06 17:55:27 INFO  no build target found for /home/lucas/projects/advent-of-code-25/src/main/scala/Main.scala. Using presentation compiler with project's scala-library version: 3.3.6[0m
2025.12.06 17:55:27 INFO  no build target found for /home/lucas/projects/advent-of-code-25/src/main/scala/Main.scala. Using presentation compiler with project's scala-library version: 3.3.6[0m
2025.12.06 17:55:27 INFO  no build target found for /home/lucas/projects/advent-of-code-25/src/main/scala/Main.scala. Using presentation compiler with project's scala-library version: 3.3.6[0m
2025.12.06 17:55:27 INFO  no build target found for /home/lucas/projects/advent-of-code-25/src/main/scala/Main.scala. Using presentation compiler with project's scala-library version: 3.3.6[0m
2025.12.06 17:55:27 INFO  no build target found for /home/lucas/projects/advent-of-code-25/src/main/scala/Main.scala. Using presentation compiler with project's scala-library version: 3.3.6[0m
2025.12.06 17:55:27 INFO  no build target found for /home/lucas/projects/advent-of-code-25/src/main/scala/Main.scala. Using presentation compiler with project's scala-library version: 3.3.6[0m
2025.12.06 17:55:28 INFO  no build target found for /home/lucas/projects/advent-of-code-25/src/main/scala/Main.scala. Using presentation compiler with project's scala-library version: 3.3.6[0m
2025.12.06 17:55:28 INFO  no build target found for /home/lucas/projects/advent-of-code-25/src/main/scala/Main.scala. Using presentation compiler with project's scala-library version: 3.3.6[0m
2025.12.06 17:55:28 INFO  no build target found for /home/lucas/projects/advent-of-code-25/src/main/scala/Main.scala. Using presentation compiler with project's scala-library version: 3.3.6[0m
2025.12.06 17:55:28 INFO  no build target found for /home/lucas/projects/advent-of-code-25/src/main/scala/Main.scala. Using presentation compiler with project's scala-library version: 3.3.6[0m
2025.12.06 17:55:28 INFO  no build target found for /home/lucas/projects/advent-of-code-25/src/main/scala/Main.scala. Using presentation compiler with project's scala-library version: 3.3.6[0m
2025.12.06 17:55:28 INFO  no build target found for /home/lucas/projects/advent-of-code-25/src/main/scala/Main.scala. Using presentation compiler with project's scala-library version: 3.3.6[0m
2025.12.06 17:55:28 INFO  no build target found for /home/lucas/projects/advent-of-code-25/src/main/scala/Main.scala. Using presentation compiler with project's scala-library version: 3.3.6[0m
2025.12.06 17:55:29 INFO  no build target found for /home/lucas/projects/advent-of-code-25/src/main/scala/Main.scala. Using presentation compiler with project's scala-library version: 3.3.6[0m
2025.12.06 17:55:29 INFO  no build target found for /home/lucas/projects/advent-of-code-25/src/main/scala/Main.scala. Using presentation compiler with project's scala-library version: 3.3.6[0m
2025.12.06 17:55:29 INFO  no build target found for /home/lucas/projects/advent-of-code-25/src/main/scala/Main.scala. Using presentation compiler with project's scala-library version: 3.3.6[0m
2025.12.06 17:55:31 INFO  no build target found for /home/lucas/projects/advent-of-code-25/src/main/scala/Main.scala. Using presentation compiler with project's scala-library version: 3.3.6[0m
2025.12.06 17:55:31 INFO  no build target found for /home/lucas/projects/advent-of-code-25/src/main/scala/Main.scala. Using presentation compiler with project's scala-library version: 3.3.6[0m
2025.12.06 17:55:31 INFO  no build target found for /home/lucas/projects/advent-of-code-25/src/main/scala/Main.scala. Using presentation compiler with project's scala-library version: 3.3.6[0m
2025.12.06 17:55:31 INFO  no build target found for /home/lucas/projects/advent-of-code-25/src/main/scala/Main.scala. Using presentation compiler with project's scala-library version: 3.3.6[0m
2025.12.06 17:55:31 INFO  no build target found for /home/lucas/projects/advent-of-code-25/src/main/scala/Main.scala. Using presentation compiler with project's scala-library version: 3.3.6[0m
2025.12.06 17:55:31 INFO  no build target found for /home/lucas/projects/advent-of-code-25/src/main/scala/Main.scala. Using presentation compiler with project's scala-library version: 3.3.6[0m
2025.12.06 17:55:31 INFO  no build target found for /home/lucas/projects/advent-of-code-25/src/main/scala/Main.scala. Using presentation compiler with project's scala-library version: 3.3.6[0m
2025.12.06 17:55:31 INFO  no build target found for /home/lucas/projects/advent-of-code-25/src/main/scala/Main.scala. Using presentation compiler with project's scala-library version: 3.3.6[0m
2025.12.06 17:55:31 INFO  no build target found for /home/lucas/projects/advent-of-code-25/src/main/scala/Main.scala. Using presentation compiler with project's scala-library version: 3.3.6[0m
2025.12.06 17:55:31 INFO  no build target found for /home/lucas/projects/advent-of-code-25/src/main/scala/Main.scala. Using presentation compiler with project's scala-library version: 3.3.6[0m
2025.12.06 17:55:31 INFO  no build target found for /home/lucas/projects/advent-of-code-25/src/main/scala/Main.scala. Using presentation compiler with project's scala-library version: 3.3.6[0m
2025.12.06 17:55:32 INFO  no build target found for /home/lucas/projects/advent-of-code-25/src/main/scala/Main.scala. Using presentation compiler with project's scala-library version: 3.3.6[0m
2025.12.06 17:55:32 INFO  no build target found for /home/lucas/projects/advent-of-code-25/src/main/scala/Main.scala. Using presentation compiler with project's scala-library version: 3.3.6[0m
2025.12.06 17:55:32 INFO  no build target found for /home/lucas/projects/advent-of-code-25/src/main/scala/Main.scala. Using presentation compiler with project's scala-library version: 3.3.6[0m
2025.12.06 17:55:32 WARN  no build target for: /home/lucas/projects/advent-of-code-25/src/main/scala/Main.scala[0m
2025.12.06 17:55:32 INFO  no build target found for /home/lucas/projects/advent-of-code-25/src/main/scala/Main.scala. Using presentation compiler with project's scala-library version: 3.3.6[0m
2025.12.06 17:55:33 INFO  no build target found for /home/lucas/projects/advent-of-code-25/src/main/scala/Main.scala. Using presentation compiler with project's scala-library version: 3.3.6[0m
2025.12.06 17:55:33 INFO  no build target found for /home/lucas/projects/advent-of-code-25/src/main/scala/Main.scala. Using presentation compiler with project's scala-library version: 3.3.6[0m
Exception in thread "pool-1872-thread-1" java.lang.InterruptedException
	at scala.meta.internal.metals.FutureCancelToken.checkCanceled(FutureCancelToken.scala:29)
	at scala.meta.internal.pc.CompilerAccess.onCompilerJobQueue$$anonfun$1(CompilerAccess.scala:244)
	at scala.meta.internal.pc.CompilerJobQueue$Job.run(CompilerJobQueue.scala:153)
	at java.base/java.util.concurrent.ThreadPoolExecutor.runWorker(Unknown Source)
	at java.base/java.util.concurrent.ThreadPoolExecutor$Worker.run(Unknown Source)
	at java.base/java.lang.Thread.run(Unknown Source)
2025.12.06 17:55:44 INFO  no build target found for /home/lucas/projects/advent-of-code-25/src/main/scala/Main.scala. Using presentation compiler with project's scala-library version: 3.3.6[0m
2025.12.06 17:55:48 INFO  no build target found for /home/lucas/projects/advent-of-code-25/src/main/scala/Main.scala. Using presentation compiler with project's scala-library version: 3.3.6[0m
2025.12.06 17:55:50 INFO  no build target found for /home/lucas/projects/advent-of-code-25/src/main/scala/Main.scala. Using presentation compiler with project's scala-library version: 3.3.6[0m
2025.12.06 17:55:50 INFO  no build target found for /home/lucas/projects/advent-of-code-25/src/main/scala/Main.scala. Using presentation compiler with project's scala-library version: 3.3.6[0m
2025.12.06 17:55:50 INFO  no build target found for /home/lucas/projects/advent-of-code-25/src/main/scala/Main.scala. Using presentation compiler with project's scala-library version: 3.3.6[0m
2025.12.06 17:55:51 INFO  no build target found for /home/lucas/projects/advent-of-code-25/src/main/scala/Main.scala. Using presentation compiler with project's scala-library version: 3.3.6[0m
2025.12.06 17:55:51 INFO  no build target found for /home/lucas/projects/advent-of-code-25/src/main/scala/Main.scala. Using presentation compiler with project's scala-library version: 3.3.6[0m
2025.12.06 17:55:51 INFO  no build target found for /home/lucas/projects/advent-of-code-25/src/main/scala/Main.scala. Using presentation compiler with project's scala-library version: 3.3.6[0m
2025.12.06 17:55:51 INFO  no build target found for /home/lucas/projects/advent-of-code-25/src/main/scala/Main.scala. Using presentation compiler with project's scala-library version: 3.3.6[0m
2025.12.06 17:55:51 INFO  no build target found for /home/lucas/projects/advent-of-code-25/src/main/scala/Main.scala. Using presentation compiler with project's scala-library version: 3.3.6[0m
2025.12.06 17:55:52 INFO  no build target found for /home/lucas/projects/advent-of-code-25/src/main/scala/Main.scala. Using presentation compiler with project's scala-library version: 3.3.6[0m
2025.12.06 17:55:51 INFO  no build target found for /home/lucas/projects/advent-of-code-25/src/main/scala/Main.scala. Using presentation compiler with project's scala-library version: 3.3.6[0m
2025.12.06 17:55:52 INFO  no build target found for /home/lucas/projects/advent-of-code-25/src/main/scala/Main.scala. Using presentation compiler with project's scala-library version: 3.3.6[0m
2025.12.06 17:55:52 INFO  no build target found for /home/lucas/projects/advent-of-code-25/src/main/scala/Main.scala. Using presentation compiler with project's scala-library version: 3.3.6[0m
2025.12.06 17:55:52 INFO  no build target found for /home/lucas/projects/advent-of-code-25/src/main/scala/Main.scala. Using presentation compiler with project's scala-library version: 3.3.6[0m
2025.12.06 17:55:52 INFO  no build target found for /home/lucas/projects/advent-of-code-25/src/main/scala/Main.scala. Using presentation compiler with project's scala-library version: 3.3.6[0m
2025.12.06 17:55:52 INFO  no build target found for /home/lucas/projects/advent-of-code-25/src/main/scala/Main.scala. Using presentation compiler with project's scala-library version: 3.3.6[0m
2025.12.06 17:55:53 INFO  no build target found for /home/lucas/projects/advent-of-code-25/src/main/scala/Main.scala. Using presentation compiler with project's scala-library version: 3.3.6[0m
2025.12.06 17:55:52 INFO  no build target found for /home/lucas/projects/advent-of-code-25/src/main/scala/Main.scala. Using presentation compiler with project's scala-library version: 3.3.6[0m
2025.12.06 17:55:53 INFO  no build target found for /home/lucas/projects/advent-of-code-25/src/main/scala/Main.scala. Using presentation compiler with project's scala-library version: 3.3.6[0m
2025.12.06 17:55:53 INFO  no build target found for /home/lucas/projects/advent-of-code-25/src/main/scala/Main.scala. Using presentation compiler with project's scala-library version: 3.3.6[0m
2025.12.06 17:55:53 INFO  no build target found for /home/lucas/projects/advent-of-code-25/src/main/scala/Main.scala. Using presentation compiler with project's scala-library version: 3.3.6[0m
2025.12.06 17:55:53 INFO  no build target found for /home/lucas/projects/advent-of-code-25/src/main/scala/Main.scala. Using presentation compiler with project's scala-library version: 3.3.6[0m
2025.12.06 17:55:53 INFO  no build target found for /home/lucas/projects/advent-of-code-25/src/main/scala/Main.scala. Using presentation compiler with project's scala-library version: 3.3.6[0m
2025.12.06 17:55:54 INFO  no build target found for /home/lucas/projects/advent-of-code-25/src/main/scala/Main.scala. Using presentation compiler with project's scala-library version: 3.3.6[0m
2025.12.06 17:55:55 INFO  no build target found for /home/lucas/projects/advent-of-code-25/src/main/scala/Main.scala. Using presentation compiler with project's scala-library version: 3.3.6[0m
2025.12.06 17:55:54 INFO  no build target found for /home/lucas/projects/advent-of-code-25/src/main/scala/Main.scala. Using presentation compiler with project's scala-library version: 3.3.6[0m
2025.12.06 17:55:55 INFO  no build target found for /home/lucas/projects/advent-of-code-25/src/main/scala/Main.scala. Using presentation compiler with project's scala-library version: 3.3.6[0m
2025.12.06 17:55:55 INFO  no build target found for /home/lucas/projects/advent-of-code-25/src/main/scala/Main.scala. Using presentation compiler with project's scala-library version: 3.3.6[0m
2025.12.06 17:55:55 INFO  empty definition using pc, found symbol in pc: `<none>`. (full report at: "/home/lucas/projects/advent-of-code-25/.metals/.reports/metals-full/2025-12-06/r_empty-definition_14-56-46-756.md")[0m
2025.12.06 17:55:55 WARN  no build target for: /home/lucas/projects/advent-of-code-25/src/main/scala/Main.scala[0m
2025.12.06 17:55:55 INFO  no build target found for /home/lucas/projects/advent-of-code-25/src/main/scala/Main.scala. Using presentation compiler with project's scala-library version: 3.3.6[0m
2025.12.06 17:56:14 INFO  no build target found for /home/lucas/projects/advent-of-code-25/src/main/scala/Main.scala. Using presentation compiler with project's scala-library version: 3.3.6[0m
2025.12.06 17:56:14 INFO  no build target found for /home/lucas/projects/advent-of-code-25/src/main/scala/Main.scala. Using presentation compiler with project's scala-library version: 3.3.6[0m
2025.12.06 17:56:14 INFO  no build target found for /home/lucas/projects/advent-of-code-25/src/main/scala/Main.scala. Using presentation compiler with project's scala-library version: 3.3.6[0m
2025.12.06 17:56:14 INFO  no build target found for /home/lucas/projects/advent-of-code-25/src/main/scala/Main.scala. Using presentation compiler with project's scala-library version: 3.3.6[0m
2025.12.06 17:56:15 INFO  no build target found for /home/lucas/projects/advent-of-code-25/src/main/scala/Main.scala. Using presentation compiler with project's scala-library version: 3.3.6[0m
2025.12.06 17:56:16 INFO  no build target found for /home/lucas/projects/advent-of-code-25/src/main/scala/Main.scala. Using presentation compiler with project's scala-library version: 3.3.6[0m
2025.12.06 17:56:18 INFO  no build target found for /home/lucas/projects/advent-of-code-25/src/main/scala/Main.scala. Using presentation compiler with project's scala-library version: 3.3.6[0m
2025.12.06 17:56:18 INFO  no build target found for /home/lucas/projects/advent-of-code-25/src/main/scala/Main.scala. Using presentation compiler with project's scala-library version: 3.3.6[0m
2025.12.06 17:56:18 INFO  no build target found for /home/lucas/projects/advent-of-code-25/src/main/scala/Main.scala. Using presentation compiler with project's scala-library version: 3.3.6[0m
2025.12.06 17:56:20 INFO  no build target found for /home/lucas/projects/advent-of-code-25/src/main/scala/Main.scala. Using presentation compiler with project's scala-library version: 3.3.6[0m
2025.12.06 17:56:20 INFO  no build target found for /home/lucas/projects/advent-of-code-25/src/main/scala/Main.scala. Using presentation compiler with project's scala-library version: 3.3.6[0m
2025.12.06 17:56:40 INFO  no build target found for /home/lucas/projects/advent-of-code-25/src/main/scala/Main.scala. Using presentation compiler with project's scala-library version: 3.3.6[0m
2025.12.06 17:56:40 INFO  no build target found for /home/lucas/projects/advent-of-code-25/src/main/scala/Main.scala. Using presentation compiler with project's scala-library version: 3.3.6[0m
2025.12.06 17:56:40 WARN  no build target for: /home/lucas/projects/advent-of-code-25/src/main/scala/Main.scala[0m
2025.12.06 17:56:40 INFO  no build target found for /home/lucas/projects/advent-of-code-25/src/main/scala/Main.scala. Using presentation compiler with project's scala-library version: 3.3.6[0m
2025.12.06 17:56:40 INFO  no build target found for /home/lucas/projects/advent-of-code-25/src/main/scala/Main.scala. Using presentation compiler with project's scala-library version: 3.3.6[0m
2025.12.06 17:56:46 INFO  no build target found for /home/lucas/projects/advent-of-code-25/src/main/scala/Main.scala. Using presentation compiler with project's scala-library version: 3.3.6[0m
2025.12.06 17:56:46 WARN  no build target for: /home/lucas/projects/advent-of-code-25/src/main/scala/Main.scala[0m
2025.12.06 17:56:46 INFO  no build target found for /home/lucas/projects/advent-of-code-25/src/main/scala/Main.scala. Using presentation compiler with project's scala-library version: 3.3.6[0m
2025.12.06 17:57:28 INFO  no build target found for /home/lucas/projects/advent-of-code-25/src/main/scala/Main.scala. Using presentation compiler with project's scala-library version: 3.3.6[0m
2025.12.06 17:57:28 INFO  no build target found for /home/lucas/projects/advent-of-code-25/src/main/scala/Main.scala. Using presentation compiler with project's scala-library version: 3.3.6[0m
2025.12.06 17:57:28 WARN  no build target for: /home/lucas/projects/advent-of-code-25/src/main/scala/Main.scala[0m
2025.12.06 17:57:28 INFO  no build target found for /home/lucas/projects/advent-of-code-25/src/main/scala/Main.scala. Using presentation compiler with project's scala-library version: 3.3.6[0m
2025.12.06 17:57:28 INFO  no build target found for /home/lucas/projects/advent-of-code-25/src/main/scala/Main.scala. Using presentation compiler with project's scala-library version: 3.3.6[0m
2025.12.06 17:57:29 INFO  no build target found for /home/lucas/projects/advent-of-code-25/src/main/scala/Main.scala. Using presentation compiler with project's scala-library version: 3.3.6[0m
2025.12.06 17:57:44 WARN  no build target for: /home/lucas/projects/advent-of-code-25/src/main/scala/Main.scala[0m
2025.12.06 17:57:44 INFO  no build target found for /home/lucas/projects/advent-of-code-25/src/main/scala/Main.scala. Using presentation compiler with project's scala-library version: 3.3.6[0m
2025.12.06 17:58:06 INFO  no build target found for /home/lucas/projects/advent-of-code-25/src/main/scala/Main.scala. Using presentation compiler with project's scala-library version: 3.3.6[0m
Exception in thread "pool-1906-thread-1" java.lang.InterruptedException
	at scala.meta.internal.metals.FutureCancelToken.checkCanceled(FutureCancelToken.scala:29)
	at scala.meta.internal.pc.CompilerAccess.onCompilerJobQueue$$anonfun$1(CompilerAccess.scala:244)
	at scala.meta.internal.pc.CompilerJobQueue$Job.run(CompilerJobQueue.scala:153)
	at java.base/java.util.concurrent.ThreadPoolExecutor.runWorker(Unknown Source)
	at java.base/java.util.concurrent.ThreadPoolExecutor$Worker.run(Unknown Source)
	at java.base/java.lang.Thread.run(Unknown Source)
2025.12.06 17:58:49 INFO  no build target found for /home/lucas/projects/advent-of-code-25/src/main/scala/Main.scala. Using presentation compiler with project's scala-library version: 3.3.6[0m
2025.12.06 17:58:49 WARN  no build target for: /home/lucas/projects/advent-of-code-25/src/main/scala/Main.scala[0m
2025.12.06 17:58:49 INFO  no build target found for /home/lucas/projects/advent-of-code-25/src/main/scala/Main.scala. Using presentation compiler with project's scala-library version: 3.3.6[0m
2025.12.06 17:58:49 INFO  no build target found for /home/lucas/projects/advent-of-code-25/src/main/scala/Main.scala. Using presentation compiler with project's scala-library version: 3.3.6[0m
2025.12.06 17:58:58 INFO  no build target found for /home/lucas/projects/advent-of-code-25/src/main/scala/Main.scala. Using presentation compiler with project's scala-library version: 3.3.6[0m
2025.12.06 17:58:58 INFO  no build target found for /home/lucas/projects/advent-of-code-25/src/main/scala/Main.scala. Using presentation compiler with project's scala-library version: 3.3.6[0m
2025.12.06 17:59:14 INFO  no build target found for /home/lucas/projects/advent-of-code-25/src/main/scala/Main.scala. Using presentation compiler with project's scala-library version: 3.3.6[0m
2025.12.06 17:59:14 INFO  no build target found for /home/lucas/projects/advent-of-code-25/src/main/scala/Main.scala. Using presentation compiler with project's scala-library version: 3.3.6[0m
2025.12.06 17:59:25 INFO  no build target found for /home/lucas/projects/advent-of-code-25/src/main/scala/Main.scala. Using presentation compiler with project's scala-library version: 3.3.6[0m
2025.12.06 17:59:29 INFO  no build target found for /home/lucas/projects/advent-of-code-25/src/main/scala/Main.scala. Using presentation compiler with project's scala-library version: 3.3.6[0m
2025.12.06 17:59:31 INFO  no build target found for /home/lucas/projects/advent-of-code-25/src/main/scala/Main.scala. Using presentation compiler with project's scala-library version: 3.3.6[0m
2025.12.06 17:59:44 INFO  no build target found for /home/lucas/projects/advent-of-code-25/src/main/scala/Main.scala. Using presentation compiler with project's scala-library version: 3.3.6[0m
2025.12.06 17:59:45 INFO  no build target found for /home/lucas/projects/advent-of-code-25/src/main/scala/Main.scala. Using presentation compiler with project's scala-library version: 3.3.6[0m
2025.12.06 17:59:45 INFO  no build target found for /home/lucas/projects/advent-of-code-25/src/main/scala/Main.scala. Using presentation compiler with project's scala-library version: 3.3.6[0m
2025.12.06 17:59:45 INFO  no build target found for /home/lucas/projects/advent-of-code-25/src/main/scala/Main.scala. Using presentation compiler with project's scala-library version: 3.3.6[0m
2025.12.06 17:59:45 INFO  no build target found for /home/lucas/projects/advent-of-code-25/src/main/scala/Main.scala. Using presentation compiler with project's scala-library version: 3.3.6[0m
2025.12.06 17:59:45 INFO  no build target found for /home/lucas/projects/advent-of-code-25/src/main/scala/Main.scala. Using presentation compiler with project's scala-library version: 3.3.6[0m
2025.12.06 17:59:45 INFO  no build target found for /home/lucas/projects/advent-of-code-25/src/main/scala/Main.scala. Using presentation compiler with project's scala-library version: 3.3.6[0m
2025.12.06 17:59:46 INFO  no build target found for /home/lucas/projects/advent-of-code-25/src/main/scala/Main.scala. Using presentation compiler with project's scala-library version: 3.3.6[0m
2025.12.06 17:59:46 INFO  no build target found for /home/lucas/projects/advent-of-code-25/src/main/scala/Main.scala. Using presentation compiler with project's scala-library version: 3.3.6[0m
2025.12.06 17:59:46 INFO  no build target found for /home/lucas/projects/advent-of-code-25/src/main/scala/Main.scala. Using presentation compiler with project's scala-library version: 3.3.6[0m
2025.12.06 17:59:46 INFO  no build target found for /home/lucas/projects/advent-of-code-25/src/main/scala/Main.scala. Using presentation compiler with project's scala-library version: 3.3.6[0m
2025.12.06 17:59:46 INFO  no build target found for /home/lucas/projects/advent-of-code-25/src/main/scala/Main.scala. Using presentation compiler with project's scala-library version: 3.3.6[0m
2025.12.06 17:59:46 INFO  no build target found for /home/lucas/projects/advent-of-code-25/src/main/scala/Main.scala. Using presentation compiler with project's scala-library version: 3.3.6[0m
2025.12.06 17:59:46 INFO  no build target found for /home/lucas/projects/advent-of-code-25/src/main/scala/Main.scala. Using presentation compiler with project's scala-library version: 3.3.6[0m
2025.12.06 17:59:47 INFO  no build target found for /home/lucas/projects/advent-of-code-25/src/main/scala/Main.scala. Using presentation compiler with project's scala-library version: 3.3.6[0m
2025.12.06 17:59:47 INFO  no build target found for /home/lucas/projects/advent-of-code-25/src/main/scala/Main.scala. Using presentation compiler with project's scala-library version: 3.3.6[0m
2025.12.06 17:59:47 INFO  no build target found for /home/lucas/projects/advent-of-code-25/src/main/scala/Main.scala. Using presentation compiler with project's scala-library version: 3.3.6[0m
2025.12.06 17:59:47 INFO  no build target found for /home/lucas/projects/advent-of-code-25/src/main/scala/Main.scala. Using presentation compiler with project's scala-library version: 3.3.6[0m
2025.12.06 17:59:49 INFO  no build target found for /home/lucas/projects/advent-of-code-25/src/main/scala/Main.scala. Using presentation compiler with project's scala-library version: 3.3.6[0m
2025.12.06 17:59:50 INFO  no build target found for /home/lucas/projects/advent-of-code-25/src/main/scala/Main.scala. Using presentation compiler with project's scala-library version: 3.3.6[0m
2025.12.06 17:59:50 INFO  no build target found for /home/lucas/projects/advent-of-code-25/src/main/scala/Main.scala. Using presentation compiler with project's scala-library version: 3.3.6[0m
2025.12.06 17:59:49 INFO  no build target found for /home/lucas/projects/advent-of-code-25/src/main/scala/Main.scala. Using presentation compiler with project's scala-library version: 3.3.6[0m
2025.12.06 17:59:49 INFO  no build target found for /home/lucas/projects/advent-of-code-25/src/main/scala/Main.scala. Using presentation compiler with project's scala-library version: 3.3.6[0m
2025.12.06 17:59:49 INFO  no build target found for /home/lucas/projects/advent-of-code-25/src/main/scala/Main.scala. Using presentation compiler with project's scala-library version: 3.3.6[0m
2025.12.06 17:59:49 INFO  no build target found for /home/lucas/projects/advent-of-code-25/src/main/scala/Main.scala. Using presentation compiler with project's scala-library version: 3.3.6[0m
2025.12.06 17:59:50 INFO  no build target found for /home/lucas/projects/advent-of-code-25/src/main/scala/Main.scala. Using presentation compiler with project's scala-library version: 3.3.6[0m
2025.12.06 17:59:50 INFO  no build target found for /home/lucas/projects/advent-of-code-25/src/main/scala/Main.scala. Using presentation compiler with project's scala-library version: 3.3.6[0m
2025.12.06 17:59:51 INFO  no build target found for /home/lucas/projects/advent-of-code-25/src/main/scala/Main.scala. Using presentation compiler with project's scala-library version: 3.3.6[0m
2025.12.06 17:59:51 INFO  no build target found for /home/lucas/projects/advent-of-code-25/src/main/scala/Main.scala. Using presentation compiler with project's scala-library version: 3.3.6[0m
2025.12.06 17:59:51 INFO  no build target found for /home/lucas/projects/advent-of-code-25/src/main/scala/Main.scala. Using presentation compiler with project's scala-library version: 3.3.6[0m
2025.12.06 17:59:51 INFO  no build target found for /home/lucas/projects/advent-of-code-25/src/main/scala/Main.scala. Using presentation compiler with project's scala-library version: 3.3.6[0m
2025.12.06 17:59:51 INFO  no build target found for /home/lucas/projects/advent-of-code-25/src/main/scala/Main.scala. Using presentation compiler with project's scala-library version: 3.3.6[0m
2025.12.06 17:59:51 INFO  no build target found for /home/lucas/projects/advent-of-code-25/src/main/scala/Main.scala. Using presentation compiler with project's scala-library version: 3.3.6[0m
2025.12.06 17:59:52 INFO  no build target found for /home/lucas/projects/advent-of-code-25/src/main/scala/Main.scala. Using presentation compiler with project's scala-library version: 3.3.6[0m
2025.12.06 17:59:52 INFO  no build target found for /home/lucas/projects/advent-of-code-25/src/main/scala/Main.scala. Using presentation compiler with project's scala-library version: 3.3.6[0m
2025.12.06 17:59:52 INFO  no build target found for /home/lucas/projects/advent-of-code-25/src/main/scala/Main.scala. Using presentation compiler with project's scala-library version: 3.3.6[0m
2025.12.06 17:59:52 INFO  no build target found for /home/lucas/projects/advent-of-code-25/src/main/scala/Main.scala. Using presentation compiler with project's scala-library version: 3.3.6[0m
2025.12.06 17:59:52 INFO  no build target found for /home/lucas/projects/advent-of-code-25/src/main/scala/Main.scala. Using presentation compiler with project's scala-library version: 3.3.6[0m
2025.12.06 17:59:52 INFO  no build target found for /home/lucas/projects/advent-of-code-25/src/main/scala/Main.scala. Using presentation compiler with project's scala-library version: 3.3.6[0m
2025.12.06 17:59:53 INFO  no build target found for /home/lucas/projects/advent-of-code-25/src/main/scala/Main.scala. Using presentation compiler with project's scala-library version: 3.3.6[0m
2025.12.06 17:59:52 INFO  no build target found for /home/lucas/projects/advent-of-code-25/src/main/scala/Main.scala. Using presentation compiler with project's scala-library version: 3.3.6[0m
2025.12.06 17:59:52 INFO  no build target found for /home/lucas/projects/advent-of-code-25/src/main/scala/Main.scala. Using presentation compiler with project's scala-library version: 3.3.6[0m
2025.12.06 17:59:52 INFO  no build target found for /home/lucas/projects/advent-of-code-25/src/main/scala/Main.scala. Using presentation compiler with project's scala-library version: 3.3.6[0m
2025.12.06 17:59:53 INFO  no build target found for /home/lucas/projects/advent-of-code-25/src/main/scala/Main.scala. Using presentation compiler with project's scala-library version: 3.3.6[0m
2025.12.06 17:59:53 INFO  no build target found for /home/lucas/projects/advent-of-code-25/src/main/scala/Main.scala. Using presentation compiler with project's scala-library version: 3.3.6[0m
2025.12.06 17:59:53 INFO  no build target found for /home/lucas/projects/advent-of-code-25/src/main/scala/Main.scala. Using presentation compiler with project's scala-library version: 3.3.6[0m
2025.12.06 17:59:53 INFO  no build target found for /home/lucas/projects/advent-of-code-25/src/main/scala/Main.scala. Using presentation compiler with project's scala-library version: 3.3.6[0m
2025.12.06 17:59:54 INFO  no build target found for /home/lucas/projects/advent-of-code-25/src/main/scala/Main.scala. Using presentation compiler with project's scala-library version: 3.3.6[0m
2025.12.06 17:59:53 INFO  no build target found for /home/lucas/projects/advent-of-code-25/src/main/scala/Main.scala. Using presentation compiler with project's scala-library version: 3.3.6[0m
2025.12.06 17:59:54 INFO  no build target found for /home/lucas/projects/advent-of-code-25/src/main/scala/Main.scala. Using presentation compiler with project's scala-library version: 3.3.6[0m
2025.12.06 17:59:54 INFO  no build target found for /home/lucas/projects/advent-of-code-25/src/main/scala/Main.scala. Using presentation compiler with project's scala-library version: 3.3.6[0m
2025.12.06 17:59:54 INFO  no build target found for /home/lucas/projects/advent-of-code-25/src/main/scala/Main.scala. Using presentation compiler with project's scala-library version: 3.3.6[0m
2025.12.06 17:59:54 INFO  no build target found for /home/lucas/projects/advent-of-code-25/src/main/scala/Main.scala. Using presentation compiler with project's scala-library version: 3.3.6[0m
2025.12.06 17:59:54 INFO  no build target found for /home/lucas/projects/advent-of-code-25/src/main/scala/Main.scala. Using presentation compiler with project's scala-library version: 3.3.6[0m
2025.12.06 17:59:54 INFO  no build target found for /home/lucas/projects/advent-of-code-25/src/main/scala/Main.scala. Using presentation compiler with project's scala-library version: 3.3.6[0m
2025.12.06 17:59:55 INFO  no build target found for /home/lucas/projects/advent-of-code-25/src/main/scala/Main.scala. Using presentation compiler with project's scala-library version: 3.3.6[0m
2025.12.06 17:59:54 INFO  no build target found for /home/lucas/projects/advent-of-code-25/src/main/scala/Main.scala. Using presentation compiler with project's scala-library version: 3.3.6[0m
2025.12.06 17:59:54 INFO  no build target found for /home/lucas/projects/advent-of-code-25/src/main/scala/Main.scala. Using presentation compiler with project's scala-library version: 3.3.6[0m
2025.12.06 17:59:54 INFO  no build target found for /home/lucas/projects/advent-of-code-25/src/main/scala/Main.scala. Using presentation compiler with project's scala-library version: 3.3.6[0m
2025.12.06 17:59:54 INFO  no build target found for /home/lucas/projects/advent-of-code-25/src/main/scala/Main.scala. Using presentation compiler with project's scala-library version: 3.3.6[0m
2025.12.06 17:59:55 INFO  no build target found for /home/lucas/projects/advent-of-code-25/src/main/scala/Main.scala. Using presentation compiler with project's scala-library version: 3.3.6[0m
2025.12.06 17:59:55 INFO  no build target found for /home/lucas/projects/advent-of-code-25/src/main/scala/Main.scala. Using presentation compiler with project's scala-library version: 3.3.6[0m
2025.12.06 17:59:55 INFO  no build target found for /home/lucas/projects/advent-of-code-25/src/main/scala/Main.scala. Using presentation compiler with project's scala-library version: 3.3.6[0m
2025.12.06 17:59:55 INFO  no build target found for /home/lucas/projects/advent-of-code-25/src/main/scala/Main.scala. Using presentation compiler with project's scala-library version: 3.3.6[0m
2025.12.06 17:59:55 INFO  no build target found for /home/lucas/projects/advent-of-code-25/src/main/scala/Main.scala. Using presentation compiler with project's scala-library version: 3.3.6[0m
2025.12.06 17:59:55 INFO  no build target found for /home/lucas/projects/advent-of-code-25/src/main/scala/Main.scala. Using presentation compiler with project's scala-library version: 3.3.6[0m
2025.12.06 17:59:56 INFO  no build target found for /home/lucas/projects/advent-of-code-25/src/main/scala/Main.scala. Using presentation compiler with project's scala-library version: 3.3.6[0m
2025.12.06 17:59:56 INFO  no build target found for /home/lucas/projects/advent-of-code-25/src/main/scala/Main.scala. Using presentation compiler with project's scala-library version: 3.3.6[0m
2025.12.06 17:59:55 INFO  no build target found for /home/lucas/projects/advent-of-code-25/src/main/scala/Main.scala. Using presentation compiler with project's scala-library version: 3.3.6[0m
2025.12.06 17:59:55 INFO  no build target found for /home/lucas/projects/advent-of-code-25/src/main/scala/Main.scala. Using presentation compiler with project's scala-library version: 3.3.6[0m
2025.12.06 17:59:56 INFO  no build target found for /home/lucas/projects/advent-of-code-25/src/main/scala/Main.scala. Using presentation compiler with project's scala-library version: 3.3.6[0m
2025.12.06 17:59:56 INFO  no build target found for /home/lucas/projects/advent-of-code-25/src/main/scala/Main.scala. Using presentation compiler with project's scala-library version: 3.3.6[0m
2025.12.06 17:59:56 INFO  no build target found for /home/lucas/projects/advent-of-code-25/src/main/scala/Main.scala. Using presentation compiler with project's scala-library version: 3.3.6[0m
2025.12.06 17:59:57 INFO  no build target found for /home/lucas/projects/advent-of-code-25/src/main/scala/Main.scala. Using presentation compiler with project's scala-library version: 3.3.6[0m
2025.12.06 17:59:56 INFO  no build target found for /home/lucas/projects/advent-of-code-25/src/main/scala/Main.scala. Using presentation compiler with project's scala-library version: 3.3.6[0m
2025.12.06 17:59:57 INFO  no build target found for /home/lucas/projects/advent-of-code-25/src/main/scala/Main.scala. Using presentation compiler with project's scala-library version: 3.3.6[0m
2025.12.06 17:59:57 INFO  no build target found for /home/lucas/projects/advent-of-code-25/src/main/scala/Main.scala. Using presentation compiler with project's scala-library version: 3.3.6[0m
2025.12.06 17:59:58 INFO  no build target found for /home/lucas/projects/advent-of-code-25/src/main/scala/Main.scala. Using presentation compiler with project's scala-library version: 3.3.6[0m
2025.12.06 17:59:57 INFO  no build target found for /home/lucas/projects/advent-of-code-25/src/main/scala/Main.scala. Using presentation compiler with project's scala-library version: 3.3.6[0m
2025.12.06 17:59:58 INFO  no build target found for /home/lucas/projects/advent-of-code-25/src/main/scala/Main.scala. Using presentation compiler with project's scala-library version: 3.3.6[0m
2025.12.06 17:59:57 INFO  no build target found for /home/lucas/projects/advent-of-code-25/src/main/scala/Main.scala. Using presentation compiler with project's scala-library version: 3.3.6[0m
2025.12.06 17:59:57 INFO  no build target found for /home/lucas/projects/advent-of-code-25/src/main/scala/Main.scala. Using presentation compiler with project's scala-library version: 3.3.6[0m
2025.12.06 17:59:58 INFO  no build target found for /home/lucas/projects/advent-of-code-25/src/main/scala/Main.scala. Using presentation compiler with project's scala-library version: 3.3.6[0m
2025.12.06 17:59:57 INFO  no build target found for /home/lucas/projects/advent-of-code-25/src/main/scala/Main.scala. Using presentation compiler with project's scala-library version: 3.3.6[0m
2025.12.06 17:59:58 INFO  no build target found for /home/lucas/projects/advent-of-code-25/src/main/scala/Main.scala. Using presentation compiler with project's scala-library version: 3.3.6[0m
2025.12.06 17:59:58 INFO  no build target found for /home/lucas/projects/advent-of-code-25/src/main/scala/Main.scala. Using presentation compiler with project's scala-library version: 3.3.6[0m
2025.12.06 17:59:59 INFO  no build target found for /home/lucas/projects/advent-of-code-25/src/main/scala/Main.scala. Using presentation compiler with project's scala-library version: 3.3.6[0m
2025.12.06 17:59:58 INFO  no build target found for /home/lucas/projects/advent-of-code-25/src/main/scala/Main.scala. Using presentation compiler with project's scala-library version: 3.3.6[0m
2025.12.06 17:59:58 INFO  no build target found for /home/lucas/projects/advent-of-code-25/src/main/scala/Main.scala. Using presentation compiler with project's scala-library version: 3.3.6[0m
2025.12.06 17:59:59 INFO  no build target found for /home/lucas/projects/advent-of-code-25/src/main/scala/Main.scala. Using presentation compiler with project's scala-library version: 3.3.6[0m
2025.12.06 17:59:58 INFO  no build target found for /home/lucas/projects/advent-of-code-25/src/main/scala/Main.scala. Using presentation compiler with project's scala-library version: 3.3.6[0m
2025.12.06 17:59:59 INFO  no build target found for /home/lucas/projects/advent-of-code-25/src/main/scala/Main.scala. Using presentation compiler with project's scala-library version: 3.3.6[0m
2025.12.06 17:59:59 INFO  no build target found for /home/lucas/projects/advent-of-code-25/src/main/scala/Main.scala. Using presentation compiler with project's scala-library version: 3.3.6[0m
2025.12.06 17:59:58 INFO  no build target found for /home/lucas/projects/advent-of-code-25/src/main/scala/Main.scala. Using presentation compiler with project's scala-library version: 3.3.6[0m
2025.12.06 18:00:00 INFO  no build target found for /home/lucas/projects/advent-of-code-25/src/main/scala/Main.scala. Using presentation compiler with project's scala-library version: 3.3.6[0m
2025.12.06 17:59:59 INFO  no build target found for /home/lucas/projects/advent-of-code-25/src/main/scala/Main.scala. Using presentation compiler with project's scala-library version: 3.3.6[0m
2025.12.06 18:00:00 INFO  no build target found for /home/lucas/projects/advent-of-code-25/src/main/scala/Main.scala. Using presentation compiler with project's scala-library version: 3.3.6[0m
2025.12.06 18:00:00 INFO  no build target found for /home/lucas/projects/advent-of-code-25/src/main/scala/Main.scala. Using presentation compiler with project's scala-library version: 3.3.6[0m
2025.12.06 17:59:59 INFO  no build target found for /home/lucas/projects/advent-of-code-25/src/main/scala/Main.scala. Using presentation compiler with project's scala-library version: 3.3.6[0m
2025.12.06 17:59:59 INFO  no build target found for /home/lucas/projects/advent-of-code-25/src/main/scala/Main.scala. Using presentation compiler with project's scala-library version: 3.3.6[0m
2025.12.06 18:00:02 INFO  no build target found for /home/lucas/projects/advent-of-code-25/src/main/scala/Main.scala. Using presentation compiler with project's scala-library version: 3.3.6[0m
2025.12.06 18:00:02 INFO  no build target found for /home/lucas/projects/advent-of-code-25/src/main/scala/Main.scala. Using presentation compiler with project's scala-library version: 3.3.6[0m
2025.12.06 18:00:02 INFO  no build target found for /home/lucas/projects/advent-of-code-25/src/main/scala/Main.scala. Using presentation compiler with project's scala-library version: 3.3.6[0m
2025.12.06 18:00:02 INFO  no build target found for /home/lucas/projects/advent-of-code-25/src/main/scala/Main.scala. Using presentation compiler with project's scala-library version: 3.3.6[0m
2025.12.06 18:00:02 WARN  no build target for: /home/lucas/projects/advent-of-code-25/src/main/scala/Main.scala[0m
2025.12.06 18:00:02 INFO  no build target found for /home/lucas/projects/advent-of-code-25/src/main/scala/Main.scala. Using presentation compiler with project's scala-library version: 3.3.6[0m
2025.12.06 18:00:03 INFO  no build target found for /home/lucas/projects/advent-of-code-25/src/main/scala/Main.scala. Using presentation compiler with project's scala-library version: 3.3.6[0m
2025.12.06 18:00:03 INFO  no build target found for /home/lucas/projects/advent-of-code-25/src/main/scala/Main.scala. Using presentation compiler with project's scala-library version: 3.3.6[0m
2025.12.06 18:00:19 INFO  no build target found for /home/lucas/projects/advent-of-code-25/src/main/scala/Main.scala. Using presentation compiler with project's scala-library version: 3.3.6[0m
2025.12.06 18:00:21 INFO  no build target found for /home/lucas/projects/advent-of-code-25/src/main/scala/Main.scala. Using presentation compiler with project's scala-library version: 3.3.6[0m
2025.12.06 18:00:22 INFO  no build target found for /home/lucas/projects/advent-of-code-25/src/main/scala/Main.scala. Using presentation compiler with project's scala-library version: 3.3.6[0m
2025.12.06 18:00:22 INFO  no build target found for /home/lucas/projects/advent-of-code-25/src/main/scala/Main.scala. Using presentation compiler with project's scala-library version: 3.3.6[0m
2025.12.06 18:00:24 INFO  no build target found for /home/lucas/projects/advent-of-code-25/src/main/scala/Main.scala. Using presentation compiler with project's scala-library version: 3.3.6[0m
2025.12.06 18:00:24 INFO  no build target found for /home/lucas/projects/advent-of-code-25/src/main/scala/Main.scala. Using presentation compiler with project's scala-library version: 3.3.6[0m
2025.12.06 18:00:27 INFO  no build target found for /home/lucas/projects/advent-of-code-25/src/main/scala/Main.scala. Using presentation compiler with project's scala-library version: 3.3.6[0m
2025.12.06 18:00:31 INFO  no build target found for /home/lucas/projects/advent-of-code-25/src/main/scala/Main.scala. Using presentation compiler with project's scala-library version: 3.3.6[0m
2025.12.06 18:00:34 INFO  no build target found for /home/lucas/projects/advent-of-code-25/src/main/scala/Main.scala. Using presentation compiler with project's scala-library version: 3.3.6[0m
2025.12.06 18:00:34 INFO  no build target found for /home/lucas/projects/advent-of-code-25/src/main/scala/Main.scala. Using presentation compiler with project's scala-library version: 3.3.6[0m
2025.12.06 18:00:34 INFO  no build target found for /home/lucas/projects/advent-of-code-25/src/main/scala/Main.scala. Using presentation compiler with project's scala-library version: 3.3.6[0m
2025.12.06 18:00:35 INFO  no build target found for /home/lucas/projects/advent-of-code-25/src/main/scala/Main.scala. Using presentation compiler with project's scala-library version: 3.3.6[0m
2025.12.06 18:00:40 INFO  no build target found for /home/lucas/projects/advent-of-code-25/src/main/scala/Main.scala. Using presentation compiler with project's scala-library version: 3.3.6[0m
2025.12.06 18:00:43 INFO  no build target found for /home/lucas/projects/advent-of-code-25/src/main/scala/Main.scala. Using presentation compiler with project's scala-library version: 3.3.6[0m
2025.12.06 18:00:45 INFO  no build target found for /home/lucas/projects/advent-of-code-25/src/main/scala/Main.scala. Using presentation compiler with project's scala-library version: 3.3.6[0m
2025.12.06 18:00:46 INFO  no build target found for /home/lucas/projects/advent-of-code-25/src/main/scala/Main.scala. Using presentation compiler with project's scala-library version: 3.3.6[0m
2025.12.06 18:00:46 INFO  no build target found for /home/lucas/projects/advent-of-code-25/src/main/scala/Main.scala. Using presentation compiler with project's scala-library version: 3.3.6[0m
2025.12.06 18:00:48 INFO  no build target found for /home/lucas/projects/advent-of-code-25/src/main/scala/Main.scala. Using presentation compiler with project's scala-library version: 3.3.6[0m
2025.12.06 18:00:48 INFO  no build target found for /home/lucas/projects/advent-of-code-25/src/main/scala/Main.scala. Using presentation compiler with project's scala-library version: 3.3.6[0m
2025.12.06 18:00:48 INFO  no build target found for /home/lucas/projects/advent-of-code-25/src/main/scala/Main.scala. Using presentation compiler with project's scala-library version: 3.3.6[0m
2025.12.06 18:00:52 INFO  no build target found for /home/lucas/projects/advent-of-code-25/src/main/scala/Main.scala. Using presentation compiler with project's scala-library version: 3.3.6[0m
2025.12.06 18:00:52 INFO  no build target found for /home/lucas/projects/advent-of-code-25/src/main/scala/Main.scala. Using presentation compiler with project's scala-library version: 3.3.6[0m
2025.12.06 18:00:53 INFO  no build target found for /home/lucas/projects/advent-of-code-25/src/main/scala/Main.scala. Using presentation compiler with project's scala-library version: 3.3.6[0m
2025.12.06 18:00:52 INFO  no build target found for /home/lucas/projects/advent-of-code-25/src/main/scala/Main.scala. Using presentation compiler with project's scala-library version: 3.3.6[0m
2025.12.06 18:00:53 INFO  no build target found for /home/lucas/projects/advent-of-code-25/src/main/scala/Main.scala. Using presentation compiler with project's scala-library version: 3.3.6[0m
2025.12.06 18:00:52 INFO  no build target found for /home/lucas/projects/advent-of-code-25/src/main/scala/Main.scala. Using presentation compiler with project's scala-library version: 3.3.6[0m
2025.12.06 18:00:52 INFO  no build target found for /home/lucas/projects/advent-of-code-25/src/main/scala/Main.scala. Using presentation compiler with project's scala-library version: 3.3.6[0m
2025.12.06 18:00:53 INFO  no build target found for /home/lucas/projects/advent-of-code-25/src/main/scala/Main.scala. Using presentation compiler with project's scala-library version: 3.3.6[0m
2025.12.06 18:00:53 INFO  no build target found for /home/lucas/projects/advent-of-code-25/src/main/scala/Main.scala. Using presentation compiler with project's scala-library version: 3.3.6[0m
2025.12.06 18:00:53 INFO  no build target found for /home/lucas/projects/advent-of-code-25/src/main/scala/Main.scala. Using presentation compiler with project's scala-library version: 3.3.6[0m
2025.12.06 18:00:53 INFO  no build target found for /home/lucas/projects/advent-of-code-25/src/main/scala/Main.scala. Using presentation compiler with project's scala-library version: 3.3.6[0m
2025.12.06 18:00:53 INFO  no build target found for /home/lucas/projects/advent-of-code-25/src/main/scala/Main.scala. Using presentation compiler with project's scala-library version: 3.3.6[0m
2025.12.06 18:00:54 INFO  no build target found for /home/lucas/projects/advent-of-code-25/src/main/scala/Main.scala. Using presentation compiler with project's scala-library version: 3.3.6[0m
2025.12.06 18:00:55 INFO  no build target found for /home/lucas/projects/advent-of-code-25/src/main/scala/Main.scala. Using presentation compiler with project's scala-library version: 3.3.6[0m
2025.12.06 18:00:55 INFO  no build target found for /home/lucas/projects/advent-of-code-25/src/main/scala/Main.scala. Using presentation compiler with project's scala-library version: 3.3.6[0m
2025.12.06 18:00:55 INFO  no build target found for /home/lucas/projects/advent-of-code-25/src/main/scala/Main.scala. Using presentation compiler with project's scala-library version: 3.3.6[0m
2025.12.06 18:00:56 INFO  no build target found for /home/lucas/projects/advent-of-code-25/src/main/scala/Main.scala. Using presentation compiler with project's scala-library version: 3.3.6[0m
2025.12.06 18:00:55 INFO  no build target found for /home/lucas/projects/advent-of-code-25/src/main/scala/Main.scala. Using presentation compiler with project's scala-library version: 3.3.6[0m
2025.12.06 18:00:55 INFO  no build target found for /home/lucas/projects/advent-of-code-25/src/main/scala/Main.scala. Using presentation compiler with project's scala-library version: 3.3.6[0m
2025.12.06 18:00:56 INFO  no build target found for /home/lucas/projects/advent-of-code-25/src/main/scala/Main.scala. Using presentation compiler with project's scala-library version: 3.3.6[0m
2025.12.06 18:00:55 INFO  no build target found for /home/lucas/projects/advent-of-code-25/src/main/scala/Main.scala. Using presentation compiler with project's scala-library version: 3.3.6[0m
2025.12.06 18:00:55 INFO  no build target found for /home/lucas/projects/advent-of-code-25/src/main/scala/Main.scala. Using presentation compiler with project's scala-library version: 3.3.6[0m
2025.12.06 18:00:56 INFO  no build target found for /home/lucas/projects/advent-of-code-25/src/main/scala/Main.scala. Using presentation compiler with project's scala-library version: 3.3.6[0m
2025.12.06 18:00:56 INFO  no build target found for /home/lucas/projects/advent-of-code-25/src/main/scala/Main.scala. Using presentation compiler with project's scala-library version: 3.3.6[0m
2025.12.06 18:00:56 INFO  no build target found for /home/lucas/projects/advent-of-code-25/src/main/scala/Main.scala. Using presentation compiler with project's scala-library version: 3.3.6[0m
2025.12.06 18:00:56 INFO  no build target found for /home/lucas/projects/advent-of-code-25/src/main/scala/Main.scala. Using presentation compiler with project's scala-library version: 3.3.6[0m
2025.12.06 18:00:57 INFO  no build target found for /home/lucas/projects/advent-of-code-25/src/main/scala/Main.scala. Using presentation compiler with project's scala-library version: 3.3.6[0m
2025.12.06 18:00:57 INFO  no build target found for /home/lucas/projects/advent-of-code-25/src/main/scala/Main.scala. Using presentation compiler with project's scala-library version: 3.3.6[0m
2025.12.06 18:00:57 INFO  no build target found for /home/lucas/projects/advent-of-code-25/src/main/scala/Main.scala. Using presentation compiler with project's scala-library version: 3.3.6[0m
2025.12.06 18:00:57 INFO  no build target found for /home/lucas/projects/advent-of-code-25/src/main/scala/Main.scala. Using presentation compiler with project's scala-library version: 3.3.6[0m
2025.12.06 18:00:57 INFO  no build target found for /home/lucas/projects/advent-of-code-25/src/main/scala/Main.scala. Using presentation compiler with project's scala-library version: 3.3.6[0m
2025.12.06 18:00:58 INFO  no build target found for /home/lucas/projects/advent-of-code-25/src/main/scala/Main.scala. Using presentation compiler with project's scala-library version: 3.3.6[0m
2025.12.06 18:00:58 INFO  no build target found for /home/lucas/projects/advent-of-code-25/src/main/scala/Main.scala. Using presentation compiler with project's scala-library version: 3.3.6[0m
2025.12.06 18:00:58 INFO  no build target found for /home/lucas/projects/advent-of-code-25/src/main/scala/Main.scala. Using presentation compiler with project's scala-library version: 3.3.6[0m
2025.12.06 18:01:00 INFO  no build target found for /home/lucas/projects/advent-of-code-25/src/main/scala/Main.scala. Using presentation compiler with project's scala-library version: 3.3.6[0m
2025.12.06 18:01:00 INFO  no build target found for /home/lucas/projects/advent-of-code-25/src/main/scala/Main.scala. Using presentation compiler with project's scala-library version: 3.3.6[0m
2025.12.06 18:01:00 INFO  no build target found for /home/lucas/projects/advent-of-code-25/src/main/scala/Main.scala. Using presentation compiler with project's scala-library version: 3.3.6[0m
2025.12.06 18:01:01 INFO  no build target found for /home/lucas/projects/advent-of-code-25/src/main/scala/Main.scala. Using presentation compiler with project's scala-library version: 3.3.6[0m
2025.12.06 18:01:01 INFO  no build target found for /home/lucas/projects/advent-of-code-25/src/main/scala/Main.scala. Using presentation compiler with project's scala-library version: 3.3.6[0m
2025.12.06 18:01:03 INFO  no build target found for /home/lucas/projects/advent-of-code-25/src/main/scala/Main.scala. Using presentation compiler with project's scala-library version: 3.3.6[0m
2025.12.06 18:01:03 INFO  no build target found for /home/lucas/projects/advent-of-code-25/src/main/scala/Main.scala. Using presentation compiler with project's scala-library version: 3.3.6[0m
2025.12.06 18:01:03 INFO  no build target found for /home/lucas/projects/advent-of-code-25/src/main/scala/Main.scala. Using presentation compiler with project's scala-library version: 3.3.6[0m
2025.12.06 18:01:03 INFO  no build target found for /home/lucas/projects/advent-of-code-25/src/main/scala/Main.scala. Using presentation compiler with project's scala-library version: 3.3.6[0m
2025.12.06 18:01:03 INFO  no build target found for /home/lucas/projects/advent-of-code-25/src/main/scala/Main.scala. Using presentation compiler with project's scala-library version: 3.3.6[0m
2025.12.06 18:01:03 INFO  no build target found for /home/lucas/projects/advent-of-code-25/src/main/scala/Main.scala. Using presentation compiler with project's scala-library version: 3.3.6[0m
2025.12.06 18:01:03 INFO  no build target found for /home/lucas/projects/advent-of-code-25/src/main/scala/Main.scala. Using presentation compiler with project's scala-library version: 3.3.6[0m
2025.12.06 18:01:03 INFO  no build target found for /home/lucas/projects/advent-of-code-25/src/main/scala/Main.scala. Using presentation compiler with project's scala-library version: 3.3.6[0m
2025.12.06 18:01:03 INFO  no build target found for /home/lucas/projects/advent-of-code-25/src/main/scala/Main.scala. Using presentation compiler with project's scala-library version: 3.3.6[0m
2025.12.06 18:01:04 INFO  no build target found for /home/lucas/projects/advent-of-code-25/src/main/scala/Main.scala. Using presentation compiler with project's scala-library version: 3.3.6[0m
2025.12.06 18:01:04 INFO  no build target found for /home/lucas/projects/advent-of-code-25/src/main/scala/Main.scala. Using presentation compiler with project's scala-library version: 3.3.6[0m
2025.12.06 18:01:04 INFO  no build target found for /home/lucas/projects/advent-of-code-25/src/main/scala/Main.scala. Using presentation compiler with project's scala-library version: 3.3.6[0m
2025.12.06 18:01:04 INFO  no build target found for /home/lucas/projects/advent-of-code-25/src/main/scala/Main.scala. Using presentation compiler with project's scala-library version: 3.3.6[0m
2025.12.06 18:01:05 INFO  no build target found for /home/lucas/projects/advent-of-code-25/src/main/scala/Main.scala. Using presentation compiler with project's scala-library version: 3.3.6[0m
2025.12.06 18:01:05 INFO  no build target found for /home/lucas/projects/advent-of-code-25/src/main/scala/Main.scala. Using presentation compiler with project's scala-library version: 3.3.6[0m
2025.12.06 18:01:05 INFO  no build target found for /home/lucas/projects/advent-of-code-25/src/main/scala/Main.scala. Using presentation compiler with project's scala-library version: 3.3.6[0m
2025.12.06 18:01:05 INFO  no build target found for /home/lucas/projects/advent-of-code-25/src/main/scala/Main.scala. Using presentation compiler with project's scala-library version: 3.3.6[0m
2025.12.06 18:01:05 INFO  no build target found for /home/lucas/projects/advent-of-code-25/src/main/scala/Main.scala. Using presentation compiler with project's scala-library version: 3.3.6[0m
2025.12.06 18:01:05 INFO  no build target found for /home/lucas/projects/advent-of-code-25/src/main/scala/Main.scala. Using presentation compiler with project's scala-library version: 3.3.6[0m
2025.12.06 18:01:06 INFO  no build target found for /home/lucas/projects/advent-of-code-25/src/main/scala/Main.scala. Using presentation compiler with project's scala-library version: 3.3.6[0m
2025.12.06 18:01:05 INFO  no build target found for /home/lucas/projects/advent-of-code-25/src/main/scala/Main.scala. Using presentation compiler with project's scala-library version: 3.3.6[0m
2025.12.06 18:01:06 INFO  no build target found for /home/lucas/projects/advent-of-code-25/src/main/scala/Main.scala. Using presentation compiler with project's scala-library version: 3.3.6[0m
2025.12.06 18:01:06 INFO  no build target found for /home/lucas/projects/advent-of-code-25/src/main/scala/Main.scala. Using presentation compiler with project's scala-library version: 3.3.6[0m
2025.12.06 18:01:06 INFO  no build target found for /home/lucas/projects/advent-of-code-25/src/main/scala/Main.scala. Using presentation compiler with project's scala-library version: 3.3.6[0m
2025.12.06 18:01:06 INFO  no build target found for /home/lucas/projects/advent-of-code-25/src/main/scala/Main.scala. Using presentation compiler with project's scala-library version: 3.3.6[0m
2025.12.06 18:01:06 INFO  no build target found for /home/lucas/projects/advent-of-code-25/src/main/scala/Main.scala. Using presentation compiler with project's scala-library version: 3.3.6[0m
2025.12.06 18:01:06 INFO  no build target found for /home/lucas/projects/advent-of-code-25/src/main/scala/Main.scala. Using presentation compiler with project's scala-library version: 3.3.6[0m
2025.12.06 18:01:07 INFO  no build target found for /home/lucas/projects/advent-of-code-25/src/main/scala/Main.scala. Using presentation compiler with project's scala-library version: 3.3.6[0m
2025.12.06 18:01:06 INFO  no build target found for /home/lucas/projects/advent-of-code-25/src/main/scala/Main.scala. Using presentation compiler with project's scala-library version: 3.3.6[0m
2025.12.06 18:01:06 INFO  no build target found for /home/lucas/projects/advent-of-code-25/src/main/scala/Main.scala. Using presentation compiler with project's scala-library version: 3.3.6[0m
2025.12.06 18:01:07 INFO  no build target found for /home/lucas/projects/advent-of-code-25/src/main/scala/Main.scala. Using presentation compiler with project's scala-library version: 3.3.6[0m
2025.12.06 18:01:07 INFO  no build target found for /home/lucas/projects/advent-of-code-25/src/main/scala/Main.scala. Using presentation compiler with project's scala-library version: 3.3.6[0m
2025.12.06 18:01:07 INFO  no build target found for /home/lucas/projects/advent-of-code-25/src/main/scala/Main.scala. Using presentation compiler with project's scala-library version: 3.3.6[0m
2025.12.06 18:01:07 INFO  no build target found for /home/lucas/projects/advent-of-code-25/src/main/scala/Main.scala. Using presentation compiler with project's scala-library version: 3.3.6[0m
2025.12.06 18:01:08 WARN  no build target for: /home/lucas/projects/advent-of-code-25/src/main/scala/Main.scala[0m
2025.12.06 18:01:07 INFO  no build target found for /home/lucas/projects/advent-of-code-25/src/main/scala/Main.scala. Using presentation compiler with project's scala-library version: 3.3.6[0m
2025.12.06 18:01:08 INFO  no build target found for /home/lucas/projects/advent-of-code-25/src/main/scala/Main.scala. Using presentation compiler with project's scala-library version: 3.3.6[0m
2025.12.06 18:01:09 INFO  no build target found for /home/lucas/projects/advent-of-code-25/src/main/scala/Main.scala. Using presentation compiler with project's scala-library version: 3.3.6[0m
2025.12.06 18:01:10 INFO  no build target found for /home/lucas/projects/advent-of-code-25/src/main/scala/Main.scala. Using presentation compiler with project's scala-library version: 3.3.6[0m
2025.12.06 18:01:10 INFO  no build target found for /home/lucas/projects/advent-of-code-25/src/main/scala/Main.scala. Using presentation compiler with project's scala-library version: 3.3.6[0m
2025.12.06 18:01:10 INFO  no build target found for /home/lucas/projects/advent-of-code-25/src/main/scala/Main.scala. Using presentation compiler with project's scala-library version: 3.3.6[0m
2025.12.06 18:01:13 INFO  no build target found for /home/lucas/projects/advent-of-code-25/src/main/scala/Main.scala. Using presentation compiler with project's scala-library version: 3.3.6[0m
2025.12.06 18:01:13 INFO  no build target found for /home/lucas/projects/advent-of-code-25/src/main/scala/Main.scala. Using presentation compiler with project's scala-library version: 3.3.6[0m
2025.12.06 18:01:13 INFO  no build target found for /home/lucas/projects/advent-of-code-25/src/main/scala/Main.scala. Using presentation compiler with project's scala-library version: 3.3.6[0m
2025.12.06 18:01:13 INFO  no build target found for /home/lucas/projects/advent-of-code-25/src/main/scala/Main.scala. Using presentation compiler with project's scala-library version: 3.3.6[0m
2025.12.06 18:01:14 INFO  no build target found for /home/lucas/projects/advent-of-code-25/src/main/scala/Main.scala. Using presentation compiler with project's scala-library version: 3.3.6[0m
2025.12.06 18:01:14 INFO  no build target found for /home/lucas/projects/advent-of-code-25/src/main/scala/Main.scala. Using presentation compiler with project's scala-library version: 3.3.6[0m
2025.12.06 18:01:14 INFO  no build target found for /home/lucas/projects/advent-of-code-25/src/main/scala/Main.scala. Using presentation compiler with project's scala-library version: 3.3.6[0m
2025.12.06 18:01:14 INFO  no build target found for /home/lucas/projects/advent-of-code-25/src/main/scala/Main.scala. Using presentation compiler with project's scala-library version: 3.3.6[0m
2025.12.06 18:01:14 INFO  no build target found for /home/lucas/projects/advent-of-code-25/src/main/scala/Main.scala. Using presentation compiler with project's scala-library version: 3.3.6[0m
2025.12.06 18:01:14 INFO  no build target found for /home/lucas/projects/advent-of-code-25/src/main/scala/Main.scala. Using presentation compiler with project's scala-library version: 3.3.6[0m
2025.12.06 18:01:15 INFO  no build target found for /home/lucas/projects/advent-of-code-25/src/main/scala/Main.scala. Using presentation compiler with project's scala-library version: 3.3.6[0m
2025.12.06 18:01:15 INFO  no build target found for /home/lucas/projects/advent-of-code-25/src/main/scala/Main.scala. Using presentation compiler with project's scala-library version: 3.3.6[0m
2025.12.06 18:01:15 INFO  no build target found for /home/lucas/projects/advent-of-code-25/src/main/scala/Main.scala. Using presentation compiler with project's scala-library version: 3.3.6[0m
2025.12.06 18:01:15 INFO  no build target found for /home/lucas/projects/advent-of-code-25/src/main/scala/Main.scala. Using presentation compiler with project's scala-library version: 3.3.6[0m
2025.12.06 18:01:15 INFO  no build target found for /home/lucas/projects/advent-of-code-25/src/main/scala/Main.scala. Using presentation compiler with project's scala-library version: 3.3.6[0m
2025.12.06 18:01:15 INFO  no build target found for /home/lucas/projects/advent-of-code-25/src/main/scala/Main.scala. Using presentation compiler with project's scala-library version: 3.3.6[0m
2025.12.06 18:01:14 INFO  no build target found for /home/lucas/projects/advent-of-code-25/src/main/scala/Main.scala. Using presentation compiler with project's scala-library version: 3.3.6[0m
2025.12.06 18:01:15 INFO  no build target found for /home/lucas/projects/advent-of-code-25/src/main/scala/Main.scala. Using presentation compiler with project's scala-library version: 3.3.6[0m
2025.12.06 18:01:15 INFO  no build target found for /home/lucas/projects/advent-of-code-25/src/main/scala/Main.scala. Using presentation compiler with project's scala-library version: 3.3.6[0m
2025.12.06 18:01:15 INFO  no build target found for /home/lucas/projects/advent-of-code-25/src/main/scala/Main.scala. Using presentation compiler with project's scala-library version: 3.3.6[0m
2025.12.06 18:01:15 INFO  no build target found for /home/lucas/projects/advent-of-code-25/src/main/scala/Main.scala. Using presentation compiler with project's scala-library version: 3.3.6[0m
2025.12.06 18:01:16 INFO  no build target found for /home/lucas/projects/advent-of-code-25/src/main/scala/Main.scala. Using presentation compiler with project's scala-library version: 3.3.6[0m
2025.12.06 18:01:16 INFO  no build target found for /home/lucas/projects/advent-of-code-25/src/main/scala/Main.scala. Using presentation compiler with project's scala-library version: 3.3.6[0m
2025.12.06 18:01:16 INFO  no build target found for /home/lucas/projects/advent-of-code-25/src/main/scala/Main.scala. Using presentation compiler with project's scala-library version: 3.3.6[0m
2025.12.06 18:01:16 INFO  no build target found for /home/lucas/projects/advent-of-code-25/src/main/scala/Main.scala. Using presentation compiler with project's scala-library version: 3.3.6[0m
2025.12.06 18:01:16 INFO  no build target found for /home/lucas/projects/advent-of-code-25/src/main/scala/Main.scala. Using presentation compiler with project's scala-library version: 3.3.6[0m
2025.12.06 18:01:16 INFO  no build target found for /home/lucas/projects/advent-of-code-25/src/main/scala/Main.scala. Using presentation compiler with project's scala-library version: 3.3.6[0m
2025.12.06 18:01:16 INFO  no build target found for /home/lucas/projects/advent-of-code-25/src/main/scala/Main.scala. Using presentation compiler with project's scala-library version: 3.3.6[0m
2025.12.06 18:01:16 INFO  no build target found for /home/lucas/projects/advent-of-code-25/src/main/scala/Main.scala. Using presentation compiler with project's scala-library version: 3.3.6[0m
2025.12.06 18:01:18 INFO  no build target found for /home/lucas/projects/advent-of-code-25/src/main/scala/Main.scala. Using presentation compiler with project's scala-library version: 3.3.6[0m
2025.12.06 18:01:18 INFO  no build target found for /home/lucas/projects/advent-of-code-25/src/main/scala/Main.scala. Using presentation compiler with project's scala-library version: 3.3.6[0m
2025.12.06 18:01:18 INFO  no build target found for /home/lucas/projects/advent-of-code-25/src/main/scala/Main.scala. Using presentation compiler with project's scala-library version: 3.3.6[0m
2025.12.06 18:01:18 INFO  no build target found for /home/lucas/projects/advent-of-code-25/src/main/scala/Main.scala. Using presentation compiler with project's scala-library version: 3.3.6[0m
2025.12.06 18:01:18 INFO  no build target found for /home/lucas/projects/advent-of-code-25/src/main/scala/Main.scala. Using presentation compiler with project's scala-library version: 3.3.6[0m
2025.12.06 18:01:19 INFO  no build target found for /home/lucas/projects/advent-of-code-25/src/main/scala/Main.scala. Using presentation compiler with project's scala-library version: 3.3.6[0m
2025.12.06 18:01:19 INFO  no build target found for /home/lucas/projects/advent-of-code-25/src/main/scala/Main.scala. Using presentation compiler with project's scala-library version: 3.3.6[0m
2025.12.06 18:01:18 INFO  no build target found for /home/lucas/projects/advent-of-code-25/src/main/scala/Main.scala. Using presentation compiler with project's scala-library version: 3.3.6[0m
2025.12.06 18:01:19 INFO  no build target found for /home/lucas/projects/advent-of-code-25/src/main/scala/Main.scala. Using presentation compiler with project's scala-library version: 3.3.6[0m
2025.12.06 18:01:19 INFO  no build target found for /home/lucas/projects/advent-of-code-25/src/main/scala/Main.scala. Using presentation compiler with project's scala-library version: 3.3.6[0m
2025.12.06 18:01:20 INFO  no build target found for /home/lucas/projects/advent-of-code-25/src/main/scala/Main.scala. Using presentation compiler with project's scala-library version: 3.3.6[0m
2025.12.06 18:01:20 INFO  no build target found for /home/lucas/projects/advent-of-code-25/src/main/scala/Main.scala. Using presentation compiler with project's scala-library version: 3.3.6[0m
2025.12.06 18:01:20 INFO  no build target found for /home/lucas/projects/advent-of-code-25/src/main/scala/Main.scala. Using presentation compiler with project's scala-library version: 3.3.6[0m
2025.12.06 18:01:20 INFO  no build target found for /home/lucas/projects/advent-of-code-25/src/main/scala/Main.scala. Using presentation compiler with project's scala-library version: 3.3.6[0m
2025.12.06 18:01:20 INFO  no build target found for /home/lucas/projects/advent-of-code-25/src/main/scala/Main.scala. Using presentation compiler with project's scala-library version: 3.3.6[0m
2025.12.06 18:01:20 INFO  no build target found for /home/lucas/projects/advent-of-code-25/src/main/scala/Main.scala. Using presentation compiler with project's scala-library version: 3.3.6[0m
2025.12.06 18:01:20 INFO  no build target found for /home/lucas/projects/advent-of-code-25/src/main/scala/Main.scala. Using presentation compiler with project's scala-library version: 3.3.6[0m
2025.12.06 18:01:21 INFO  no build target found for /home/lucas/projects/advent-of-code-25/src/main/scala/Main.scala. Using presentation compiler with project's scala-library version: 3.3.6[0m
2025.12.06 18:01:20 INFO  no build target found for /home/lucas/projects/advent-of-code-25/src/main/scala/Main.scala. Using presentation compiler with project's scala-library version: 3.3.6[0m
2025.12.06 18:01:21 INFO  no build target found for /home/lucas/projects/advent-of-code-25/src/main/scala/Main.scala. Using presentation compiler with project's scala-library version: 3.3.6[0m
2025.12.06 18:01:21 INFO  no build target found for /home/lucas/projects/advent-of-code-25/src/main/scala/Main.scala. Using presentation compiler with project's scala-library version: 3.3.6[0m
2025.12.06 18:01:22 INFO  no build target found for /home/lucas/projects/advent-of-code-25/src/main/scala/Main.scala. Using presentation compiler with project's scala-library version: 3.3.6[0m
2025.12.06 18:01:22 INFO  no build target found for /home/lucas/projects/advent-of-code-25/src/main/scala/Main.scala. Using presentation compiler with project's scala-library version: 3.3.6[0m
2025.12.06 18:01:22 INFO  no build target found for /home/lucas/projects/advent-of-code-25/src/main/scala/Main.scala. Using presentation compiler with project's scala-library version: 3.3.6[0m
2025.12.06 18:01:22 WARN  no build target for: /home/lucas/projects/advent-of-code-25/src/main/scala/Main.scala[0m
2025.12.06 18:01:22 INFO  no build target found for /home/lucas/projects/advent-of-code-25/src/main/scala/Main.scala. Using presentation compiler with project's scala-library version: 3.3.6[0m
2025.12.06 18:01:56 INFO  no build target found for /home/lucas/projects/advent-of-code-25/build.sbt. Using presentation compiler with project's scala-library version: 3.3.6[0m
2025.12.06 18:01:57 INFO  no build target found for /home/lucas/projects/advent-of-code-25/project/metals.sbt. Using presentation compiler with project's scala-library version: 3.3.6[0m
2025.12.06 18:01:56 INFO  no build target found for /home/lucas/projects/advent-of-code-25/project/metals.sbt. Using presentation compiler with project's scala-library version: 3.3.6[0m
2025.12.06 18:01:57 WARN  no build target for: /home/lucas/projects/advent-of-code-25/project/metals.sbt[0m
2025.12.06 18:01:57 INFO  no build target found for /home/lucas/projects/advent-of-code-25/project/metals.sbt. Using presentation compiler with project's scala-library version: 3.3.6[0m
2025.12.06 18:01:57 WARN  Could not find semantic tokens for: file:///home/lucas/projects/advent-of-code-25/project/metals.sbt[0m
2025.12.06 18:01:57 INFO  no build target found for /home/lucas/projects/advent-of-code-25/project/metals.sbt. Using presentation compiler with project's scala-library version: 3.3.6[0m
2025.12.06 18:01:57 INFO  no build target found for /home/lucas/projects/advent-of-code-25/project/metals.sbt. Using presentation compiler with project's scala-library version: 3.3.6[0m
2025.12.06 18:01:57 WARN  Could not find semantic tokens for: file:///home/lucas/projects/advent-of-code-25/project/metals.sbt[0m
2025.12.06 18:05:36 WARN  no build target for: /home/lucas/projects/advent-of-code-25/build.sbt[0m
2025.12.06 18:05:36 INFO  no build target found for /home/lucas/projects/advent-of-code-25/project/metals.sbt. Using presentation compiler with project's scala-library version: 3.3.6[0m
2025.12.06 18:05:36 WARN  Could not find semantic tokens for: file:///home/lucas/projects/advent-of-code-25/project/metals.sbt[0m
2025.12.06 18:05:37 INFO  no build target found for /home/lucas/projects/advent-of-code-25/project/metals.sbt. Using presentation compiler with project's scala-library version: 3.3.6[0m
2025.12.06 18:05:37 WARN  Could not find semantic tokens for: file:///home/lucas/projects/advent-of-code-25/project/metals.sbt[0m
